2024-09-10 09:15:00+05:30,30,30.2,22,25.1,725200,6348400
2024-09-10 09:16:00+05:30,25.3,26.95,24.95,26.25,452725,6348400
2024-09-10 09:17:00+05:30,26.1,26.1,23.6,23.65,509950,6348400
2024-09-10 09:18:00+05:30,23.65,23.65,22.1,22.75,352500,6482925
2024-09-10 09:19:00+05:30,22.75,23.9,22.25,23.35,324900,6482925
2024-09-10 09:20:00+05:30,23.35,23.6,22.35,23.2,299425,6482925
2024-09-10 09:21:00+05:30,23.2,23.85,22.65,23.2,227375,6573925
2024-09-10 09:22:00+05:30,23.2,23.7,22.85,23.25,231725,6573925
2024-09-10 09:23:00+05:30,23.2,24.2,23.15,23.45,313175,6573925
2024-09-10 09:24:00+05:30,23.4,24.55,23,24.2,216500,6613600
2024-09-10 09:25:00+05:30,24.25,24.25,22.2,23.65,304300,6613600
2024-09-10 09:26:00+05:30,23.65,23.8,21.5,21.55,319750,6613600
2024-09-10 09:27:00+05:30,21.55,22.4,20.25,21.1,366625,6682600
2024-09-10 09:28:00+05:30,21.1,22.45,21.1,22.25,263000,6682600
2024-09-10 09:29:00+05:30,22.25,22.55,21.3,22.25,172100,6682600
2024-09-10 09:30:00+05:30,22.25,22.45,20.75,20.95,747450,6833925
2024-09-10 09:31:00+05:30,20.9,21.3,20.35,20.8,227275,6833925
2024-09-10 09:32:00+05:30,20.9,21.05,19.3,19.7,263100,6833925
2024-09-10 09:33:00+05:30,19.7,20.05,19.05,19.75,156700,6834925
2024-09-10 09:34:00+05:30,19.85,20,18.5,18.85,368675,6834925
2024-09-10 09:35:00+05:30,18.75,19.65,18.25,19.4,170325,6834925
2024-09-10 09:36:00+05:30,19.4,19.5,18.3,18.65,170450,6768125
2024-09-10 09:37:00+05:30,18.6,18.9,18.2,18.3,213175,6768125
2024-09-10 09:38:00+05:30,18.25,19.4,18.25,18.95,410175,6768125
2024-09-10 09:39:00+05:30,18.9,19.15,18.05,18.05,264050,6737825
2024-09-10 09:40:00+05:30,18.2,18.55,17.4,17.55,255325,6737825
2024-09-10 09:41:00+05:30,17.55,18.3,17.3,17.95,179975,6737825
2024-09-10 09:42:00+05:30,18.1,18.4,17.35,18.1,258925,6796175
2024-09-10 09:43:00+05:30,18.2,18.5,17.6,17.8,270725,6796175
2024-09-10 09:44:00+05:30,17.85,18,17.25,17.35,90450,6796175
2024-09-10 09:45:00+05:30,17.35,17.6,16.75,17.15,306175,6819600
2024-09-10 09:46:00+05:30,17.15,17.3,16.75,16.95,297125,6819600
2024-09-10 09:47:00+05:30,16.95,17.5,16.55,16.7,242400,6819600
2024-09-10 09:48:00+05:30,16.7,17.4,16.7,16.95,252575,6739875
2024-09-10 09:49:00+05:30,16.95,17.1,16.15,16.3,250475,6739875
2024-09-10 09:50:00+05:30,16.3,17.15,16.05,17.05,202175,6739875
2024-09-10 09:51:00+05:30,17.05,17.2,16.85,17.05,195700,6738100
2024-09-10 09:52:00+05:30,17.05,18.3,16.85,16.85,736775,6738100
2024-09-10 09:53:00+05:30,16.85,17.25,16.6,16.75,166900,6738100
2024-09-10 09:54:00+05:30,16.75,17.3,16.4,16.8,453525,6757125
2024-09-10 09:55:00+05:30,16.8,17.3,16.8,16.95,246000,6757125
2024-09-10 09:56:00+05:30,16.9,17.05,16.5,16.5,93850,6757125
2024-09-10 09:57:00+05:30,16.5,16.7,16,16.55,262400,6736725
2024-09-10 09:58:00+05:30,16.55,16.75,16.2,16.6,153275,6736725
2024-09-10 09:59:00+05:30,16.55,16.6,15.7,15.9,146775,6736725
2024-09-10 10:00:00+05:30,15.85,15.85,15,15.1,273750,6750400
2024-09-10 10:01:00+05:30,15.25,15.25,14.6,15.05,252975,6750400
2024-09-10 10:02:00+05:30,15.05,15.75,15,15.25,173225,6750400
2024-09-10 10:03:00+05:30,15.25,15.6,15.1,15.4,58925,6818625
2024-09-10 10:04:00+05:30,15.4,15.95,15.25,15.85,74375,6818625
2024-09-10 10:05:00+05:30,15.9,16.1,15.55,15.95,173600,6818625
2024-09-10 10:06:00+05:30,15.95,16.05,15.25,15.3,101425,6868575
2024-09-10 10:07:00+05:30,15.25,15.4,14.8,15.2,116925,6868575
2024-09-10 10:08:00+05:30,15.15,15.4,14.9,15.15,92275,6868575
2024-09-10 10:09:00+05:30,15.15,15.55,15.15,15.3,69725,6862525
2024-09-10 10:10:00+05:30,15.3,15.3,14.8,14.85,80950,6862525
2024-09-10 10:11:00+05:30,14.8,15,14.1,14.35,118600,6862525
2024-09-10 10:12:00+05:30,14.35,14.8,13.65,14,217175,6883825
2024-09-10 10:13:00+05:30,14,14.5,14,14.3,139925,6883825
2024-09-10 10:14:00+05:30,14.25,14.4,13.8,14.35,174650,6883825
2024-09-10 10:15:00+05:30,14.35,14.95,14.25,14.75,80575,6831700
2024-09-10 10:16:00+05:30,14.75,14.95,14.4,14.8,61325,6831700
2024-09-10 10:17:00+05:30,14.8,14.9,14.15,14.35,57300,6831700
2024-09-10 10:18:00+05:30,14.35,14.6,14.3,14.55,66025,6864275
2024-09-10 10:19:00+05:30,14.55,14.85,14.4,14.65,51375,6864275
2024-09-10 10:20:00+05:30,14.65,15.25,14.55,15,72450,6864275
2024-09-10 10:21:00+05:30,15,15.55,14.9,15.4,108050,6873925
2024-09-10 10:22:00+05:30,15.4,15.65,15,15.15,84775,6873925
2024-09-10 10:23:00+05:30,15.15,15.5,15,15.5,35275,6873925
2024-09-10 10:24:00+05:30,15.5,15.9,15.4,15.85,72925,6869025
2024-09-10 10:25:00+05:30,15.75,16.5,15.65,16.45,113775,6869025
2024-09-10 10:26:00+05:30,16.35,16.75,16.1,16.45,100450,6869025
2024-09-10 10:27:00+05:30,16.4,16.8,15.85,15.95,119325,6941150
2024-09-10 10:28:00+05:30,16,16.2,15.3,15.55,100300,6941150
2024-09-10 10:29:00+05:30,15.55,16,15.15,15.75,81050,6941150
2024-09-10 10:30:00+05:30,15.65,16.15,15.55,16.05,57975,6936375
2024-09-10 10:31:00+05:30,16.1,16.35,15.65,15.8,96575,6936375
2024-09-10 10:32:00+05:30,15.8,16.65,15.8,16.05,118675,6936375
2024-09-10 10:33:00+05:30,16.1,16.55,16,16.3,74850,6988500
2024-09-10 10:34:00+05:30,16.3,16.55,15.85,16.35,166000,6988500
2024-09-10 10:35:00+05:30,16.35,16.75,16.1,16.25,120600,6988500
2024-09-10 10:36:00+05:30,16.15,16.55,16.05,16.3,105200,7074225
2024-09-10 10:37:00+05:30,16.4,16.95,16.3,16.5,118825,7074225
2024-09-10 10:38:00+05:30,16.5,16.9,16.35,16.65,62800,7074225
2024-09-10 10:39:00+05:30,16.65,16.9,16.45,16.65,72875,7090950
2024-09-10 10:40:00+05:30,16.55,16.7,16.05,16.3,123675,7090950
2024-09-10 10:41:00+05:30,16.3,16.3,15.1,15.6,177350,7090950
2024-09-10 10:42:00+05:30,15.6,15.6,14.75,15.4,151500,7141550
2024-09-10 10:43:00+05:30,15.4,16.4,15.4,16.1,119375,7141550
2024-09-10 10:44:00+05:30,16.1,16.15,15.45,15.75,63125,7141550
2024-09-10 10:45:00+05:30,15.75,15.85,15.15,15.6,128100,7126400
2024-09-10 10:46:00+05:30,15.6,15.6,14.1,14.7,211000,7126400
2024-09-10 10:47:00+05:30,14.75,15.65,14.7,15.45,94575,7126400
2024-09-10 10:48:00+05:30,15.45,15.9,15.3,15.85,72600,7132450
2024-09-10 10:49:00+05:30,15.8,16.2,15.55,16,74075,7132450
2024-09-10 10:50:00+05:30,16,16,15.55,15.9,46325,7132450
2024-09-10 10:51:00+05:30,15.9,16.1,15.4,15.8,53050,7129300
2024-09-10 10:52:00+05:30,15.85,16.5,15.75,16.4,55000,7129300
2024-09-10 10:53:00+05:30,16.35,16.85,16.15,16.3,81750,7129300
2024-09-10 10:54:00+05:30,16.4,16.8,15.85,16.6,72400,7107475
2024-09-10 10:55:00+05:30,16.65,17,16.1,16.15,70600,7107475
2024-09-10 10:56:00+05:30,16,16.9,16,16.45,64150,7107475
2024-09-10 10:57:00+05:30,16.45,17.2,16.35,16.85,85875,7105050
2024-09-10 10:58:00+05:30,16.85,17.1,16.45,16.75,107750,7105050
2024-09-10 10:59:00+05:30,16.75,17.2,16.7,16.85,89675,7105050
2024-09-10 11:00:00+05:30,16.95,17.1,16.45,17.1,72725,7132775
2024-09-10 11:01:00+05:30,17.2,17.55,16.35,16.45,128700,7132775
2024-09-10 11:02:00+05:30,16.6,16.8,16.3,16.55,119700,7132775
2024-09-10 11:03:00+05:30,16.6,16.8,16,16.15,63225,7105275
2024-09-10 11:04:00+05:30,16.15,16.25,15.45,16.1,87000,7105275
2024-09-10 11:05:00+05:30,16.1,16.25,15.7,15.75,64225,7105275
2024-09-10 11:06:00+05:30,15.75,16.2,15.7,15.85,37200,7118925
2024-09-10 11:07:00+05:30,15.85,16.05,14.95,15.4,115350,7118925
2024-09-10 11:08:00+05:30,15.4,15.65,15.05,15.6,77700,7118925
2024-09-10 11:09:00+05:30,15.6,15.85,14.9,15.05,88850,7134550
2024-09-10 11:10:00+05:30,15.05,15.6,14.95,15,112550,7134550
2024-09-10 11:11:00+05:30,15,15.4,14.85,15.25,57475,7134550
2024-09-10 11:12:00+05:30,15.25,16.15,15.25,16,70875,7059175
2024-09-10 11:13:00+05:30,16,17.1,16,16.95,139625,7059175
2024-09-10 11:14:00+05:30,16.95,19.45,16.8,19.15,333900,7059175
2024-09-10 11:15:00+05:30,19.15,20.05,18.65,19.9,491925,7059175
2024-09-10 11:16:00+05:30,20,20,18.05,18.55,219700,6870675
2024-09-10 11:17:00+05:30,18.55,18.7,17.2,17.8,138400,6870675
2024-09-10 11:18:00+05:30,17.8,21.15,17.7,21.15,259475,6870675
2024-09-10 11:19:00+05:30,21.15,22.05,20,20,470050,6866675
2024-09-10 11:20:00+05:30,20.1,21.2,19.7,21,228400,6866675
2024-09-10 11:21:00+05:30,20.95,21.4,18.5,18.5,230225,6866675
2024-09-10 11:22:00+05:30,18.55,19.85,18.35,19.65,225250,6878650
2024-09-10 11:23:00+05:30,19.65,19.95,19.25,19.65,156900,6878650
2024-09-10 11:24:00+05:30,19.65,19.65,18,18.2,193950,6878650
2024-09-10 11:25:00+05:30,18.2,19.75,18.2,19.15,120850,6982325
2024-09-10 11:26:00+05:30,19.15,19.35,18.8,19.05,140300,6982325
2024-09-10 11:27:00+05:30,19.15,20.45,18.9,20.05,146475,6982325
2024-09-10 11:28:00+05:30,20.2,20.35,19.55,19.55,89875,6985475
2024-09-10 11:29:00+05:30,19.8,20.1,19.15,19.7,76525,6985475
2024-09-10 11:30:00+05:30,19.7,20.4,18.9,20,136500,6985475
2024-09-10 11:31:00+05:30,20,20.2,19.55,19.8,88675,6962125
2024-09-10 11:32:00+05:30,19.9,20.05,18.55,18.7,235225,6962125
2024-09-10 11:33:00+05:30,18.7,18.95,17.95,18,99725,6962125
2024-09-10 11:34:00+05:30,18,18.1,17.25,17.6,130275,6955250
2024-09-10 11:35:00+05:30,17.5,17.9,16.9,17.5,114550,6955250
2024-09-10 11:36:00+05:30,17.5,17.75,16.55,16.85,108475,6955250
2024-09-10 11:37:00+05:30,16.85,17.2,16.35,16.85,74275,6931475
2024-09-10 11:38:00+05:30,16.85,17.65,16.7,17,96075,6931475
2024-09-10 11:39:00+05:30,17.2,18.2,17.05,17.95,102225,6931475
2024-09-10 11:40:00+05:30,17.95,18.45,17.8,18,93075,6932575
2024-09-10 11:41:00+05:30,18,19.75,17.8,19.15,124300,6932575
2024-09-10 11:42:00+05:30,19.15,20.8,19.05,20.3,288050,6932575
2024-09-10 11:43:00+05:30,20.3,21.65,19.95,21.3,312250,6942450
2024-09-10 11:44:00+05:30,21.3,21.4,20.05,20.4,180350,6942450
2024-09-10 11:45:00+05:30,20.4,21.15,20.1,20.8,170525,6942450
2024-09-10 11:46:00+05:30,20.75,21.5,19.7,20.4,294200,6926750
2024-09-10 11:47:00+05:30,20.3,20.45,18.9,19.1,155200,6926750
2024-09-10 11:48:00+05:30,19.15,19.55,18.7,19.3,87725,6926750
2024-09-10 11:49:00+05:30,19.4,20.35,19.3,20.35,81600,6931275
2024-09-10 11:50:00+05:30,20.35,21.35,20.2,20.7,143575,6931275
2024-09-10 11:51:00+05:30,20.7,21.05,20.3,20.4,96975,6931275
2024-09-10 11:52:00+05:30,20.4,22,19.9,21.5,281575,6899775
2024-09-10 11:53:00+05:30,21.4,23.8,21.15,21.45,456125,6899775
2024-09-10 11:54:00+05:30,21.5,22.6,20.95,21.6,157850,6899775
2024-09-10 11:55:00+05:30,21.55,22.1,20.55,21.15,132275,6767400
2024-09-10 11:56:00+05:30,21.15,22.7,20.35,22.15,164150,6767400
2024-09-10 11:57:00+05:30,22.3,24.55,21.85,24.35,352275,6767400
2024-09-10 11:58:00+05:30,24.35,27.45,24.05,25.35,1001925,6648100
2024-09-10 11:59:00+05:30,25.3,26.5,24.8,26.05,385950,6648100
2024-09-10 12:00:00+05:30,26,30.35,25.4,28.2,923900,6648100
2024-09-10 12:01:00+05:30,28.2,31,26.85,29.85,510100,6310975
2024-09-10 12:02:00+05:30,29.75,30.1,25.85,27.05,581900,6310975
2024-09-10 12:03:00+05:30,27.05,27.95,26.05,26.8,330500,6310975
2024-09-10 12:04:00+05:30,26.7,26.85,24.55,24.85,430450,6366600
2024-09-10 12:05:00+05:30,24.85,25.2,23.7,24.55,261400,6366600
2024-09-10 12:06:00+05:30,24.35,24.7,22.95,24.1,179450,6366600
2024-09-10 12:07:00+05:30,24.1,24.6,23.25,24.25,151450,6337975
2024-09-10 12:08:00+05:30,24.15,24.8,23.5,24.35,143050,6337975
2024-09-10 12:09:00+05:30,24.35,24.5,23,23.3,165350,6337975
2024-09-10 12:10:00+05:30,23.3,24.15,23.05,23.4,240050,6390250
2024-09-10 12:11:00+05:30,23.4,24.2,22.65,22.85,227575,6390250
2024-09-10 12:12:00+05:30,22.85,23.5,21.15,23.45,304850,6390250
2024-09-10 12:13:00+05:30,23.5,24.8,23.45,24.25,322750,6342575
2024-09-10 12:14:00+05:30,24.3,25.55,23.7,24.3,156375,6342575
2024-09-10 12:15:00+05:30,24.35,24.9,23.4,23.65,100625,6342575
2024-09-10 12:16:00+05:30,23.65,24.1,22.6,22.65,108550,6302075
2024-09-10 12:17:00+05:30,22.75,24.65,22.6,24.5,132650,6302075
2024-09-10 12:18:00+05:30,24.5,24.9,24.15,24.8,147625,6302075
2024-09-10 12:19:00+05:30,24.7,25.2,23.95,24.9,138300,6285600
2024-09-10 12:20:00+05:30,24.9,25.1,24.3,24.7,41650,6285600
2024-09-10 12:21:00+05:30,24.6,25,24.05,24.5,60900,6285600
2024-09-10 12:22:00+05:30,24.3,26,24.3,25.65,151850,6292150
2024-09-10 12:23:00+05:30,25.65,26.4,25.2,25.65,166150,6292150
2024-09-10 12:24:00+05:30,25.65,26.7,25.65,25.9,139775,6292150
2024-09-10 12:25:00+05:30,26.25,27.35,25.9,27.25,172000,6300000
2024-09-10 12:26:00+05:30,27.2,27.85,26.15,26.45,176550,6300000
2024-09-10 12:27:00+05:30,26.55,27.6,26.55,26.7,115975,6300000
2024-09-10 12:28:00+05:30,26.85,27.9,26.65,27.4,134675,6298475
2024-09-10 12:29:00+05:30,27.4,28.15,25.75,27.65,390350,6298475
2024-09-10 12:30:00+05:30,27.5,28.1,26.8,27.05,227775,6298475
2024-09-10 12:31:00+05:30,27.05,29.75,26.55,27.5,606025,6244350
2024-09-10 12:32:00+05:30,27.5,27.65,26.3,26.7,206050,6244350
2024-09-10 12:33:00+05:30,26.55,27.35,26,26.95,169275,6244350
2024-09-10 12:34:00+05:30,26.95,27.3,26.6,27.15,86600,6215000
2024-09-10 12:35:00+05:30,27.05,27.85,26.25,27.85,122950,6215000
2024-09-10 12:36:00+05:30,27.85,28.5,27.35,28.35,170250,6215000
2024-09-10 12:37:00+05:30,28.35,29.15,27.8,28.25,207750,6177175
2024-09-10 12:38:00+05:30,28.2,29.2,27.9,28.9,169375,6177175
2024-09-10 12:39:00+05:30,28.7,29.8,28.4,28.75,224475,6177175
2024-09-10 12:40:00+05:30,28.7,31.7,28.7,30.7,494800,6129425
2024-09-10 12:41:00+05:30,30.55,36.35,30.2,33.65,908675,6129425
2024-09-10 12:42:00+05:30,33.65,34.35,31.15,32.2,393950,6129425
2024-09-10 12:43:00+05:30,32.3,34.3,32.15,33.05,326325,5879125
2024-09-10 12:44:00+05:30,33.05,37,32.95,35.95,512200,5879125
2024-09-10 12:45:00+05:30,35.95,36.7,33.65,35.1,514475,5879125
2024-09-10 12:46:00+05:30,35.05,37.4,33.65,34.55,473650,5830375
2024-09-10 12:47:00+05:30,34.45,35.25,32.75,34.25,297825,5830375
2024-09-10 12:48:00+05:30,34.2,34.95,31.75,32.3,273075,5830375
2024-09-10 12:49:00+05:30,32.3,33.2,31.6,32.95,234700,5732275
2024-09-10 12:50:00+05:30,32.65,34.4,32.6,33.6,187350,5732275
2024-09-10 12:51:00+05:30,33.35,34.75,33.25,34.05,148650,5732275
2024-09-10 12:52:00+05:30,34.05,38,32.9,38,339625,5762750
2024-09-10 12:53:00+05:30,37.55,38.2,35.85,36.6,514000,5762750
2024-09-10 12:54:00+05:30,36.6,36.8,34.75,35.8,358575,5762750
2024-09-10 12:55:00+05:30,35.65,40.8,35.65,39.5,763100,5732400
2024-09-10 12:56:00+05:30,39.5,39.55,35.4,36.5,692875,5732400
2024-09-10 12:57:00+05:30,36.5,37.3,33.8,34.35,371650,5732400
2024-09-10 12:58:00+05:30,34.35,34.75,32.75,34.55,282250,5762250
2024-09-10 12:59:00+05:30,34.6,34.7,32.5,33,312675,5762250
2024-09-10 13:00:00+05:30,33,35.5,32.85,35.25,162125,5762250
2024-09-10 13:01:00+05:30,35.3,37.25,35.1,37.25,249200,5690975
2024-09-10 13:02:00+05:30,37.25,38.2,36.55,36.55,260175,5690975
2024-09-10 13:03:00+05:30,36.55,37.8,35.85,36.5,223675,5690975
2024-09-10 13:04:00+05:30,36.55,36.7,34.4,34.85,208875,5675725
2024-09-10 13:05:00+05:30,34.9,36.45,34.45,36.1,134225,5675725
2024-09-10 13:06:00+05:30,36.15,37.2,35.7,36.3,164475,5675725
2024-09-10 13:07:00+05:30,36.5,39.1,36.5,37.9,378050,5667250
2024-09-10 13:08:00+05:30,37.95,39.55,37.4,39.25,215675,5667250
2024-09-10 13:09:00+05:30,39.5,41.2,38.55,41.2,475675,5667250
2024-09-10 13:10:00+05:30,40.8,45,39.7,42.55,559075,5502925
2024-09-10 13:11:00+05:30,42.6,45,41.2,42.8,476625,5502925
2024-09-10 13:12:00+05:30,42.75,46,40.4,44.75,585375,5502925
2024-09-10 13:13:00+05:30,44.75,46.85,43.8,45.9,518200,5539200
2024-09-10 13:14:00+05:30,45.55,45.8,42.25,42.6,414475,5539200
2024-09-10 13:15:00+05:30,42.85,46,42.8,43.55,334925,5539200
2024-09-10 13:16:00+05:30,43.5,44.35,42.9,43.45,208825,5666925
2024-09-10 13:17:00+05:30,43.45,43.6,40.5,40.65,291725,5666925
2024-09-10 13:18:00+05:30,41,41.7,37.1,37.9,537600,5666925
2024-09-10 13:19:00+05:30,37.9,39.45,37.45,39.15,277325,5659875
2024-09-10 13:20:00+05:30,39.15,41.85,39.05,41.3,285925,5659875
2024-09-10 13:21:00+05:30,41.3,42.55,40.65,41.95,234625,5659875
2024-09-10 13:22:00+05:30,41.95,42.3,41.05,42.3,135600,5704850
2024-09-10 13:23:00+05:30,42.3,43.55,42,43.45,185250,5704850
2024-09-10 13:24:00+05:30,43.45,44.15,42.65,43.2,230000,5704850
2024-09-10 13:25:00+05:30,43.1,51,42.9,50.95,708650,5712150
2024-09-10 13:26:00+05:30,50.95,52.8,47.2,48.4,638950,5712150
2024-09-10 13:27:00+05:30,48.4,50.75,48.25,49.3,364475,5712150
2024-09-10 13:28:00+05:30,49.3,50.1,45.8,49.35,402725,5521525
2024-09-10 13:29:00+05:30,49.35,50.8,48.65,48.75,379525,5521525
2024-09-10 13:30:00+05:30,48.3,51.7,47.9,48.35,466700,5521525
2024-09-10 13:31:00+05:30,48.35,49,46.4,46.6,315750,5520350
2024-09-10 13:32:00+05:30,47,49.3,45.55,48.05,271200,5520350
2024-09-10 13:33:00+05:30,47.95,48.45,45.7,46.65,268325,5520350
2024-09-10 13:34:00+05:30,46.45,48.2,45.95,46.75,165525,5598775
2024-09-10 13:35:00+05:30,47.05,47.05,44.2,45.15,259825,5598775
2024-09-10 13:36:00+05:30,45.3,48.35,45.3,47.15,276400,5598775
2024-09-10 13:37:00+05:30,47.15,49.4,47.15,48,223800,5604600
2024-09-10 13:38:00+05:30,47.9,49.4,47.45,48.35,164400,5604600
2024-09-10 13:39:00+05:30,48.35,49.3,46.85,48.2,231200,5604600
2024-09-10 13:40:00+05:30,48.2,50.65,47,47.85,332350,5598475
2024-09-10 13:41:00+05:30,48.2,51.05,48.05,50.45,300625,5598475
2024-09-10 13:42:00+05:30,50.45,50.75,47.6,48.95,265225,5598475
2024-09-10 13:43:00+05:30,48.65,49.35,47.65,49.35,188125,5599950
2024-09-10 13:44:00+05:30,49.35,51.4,49.05,50.55,246850,5599950
2024-09-10 13:45:00+05:30,50.8,53.85,49.75,51.1,570925,5599950
2024-09-10 13:46:00+05:30,51.1,51.3,48.5,49.7,311325,5566250
2024-09-10 13:47:00+05:30,49.95,50.4,47.65,47.65,278175,5566250
2024-09-10 13:48:00+05:30,47.85,50.1,47.8,49.75,157975,5566250
2024-09-10 13:49:00+05:30,49.75,50.3,48.6,49,149825,5575475
2024-09-10 13:50:00+05:30,49,49.75,47.8,48.3,186175,5575475
2024-09-10 13:51:00+05:30,48.3,48.9,45.3,46.25,379500,5575475
2024-09-10 13:52:00+05:30,46.25,48.2,45.8,47.4,207500,5646050
2024-09-10 13:53:00+05:30,47.1,48.3,45.35,46,173675,5646050
2024-09-10 13:54:00+05:30,46.35,47.2,46.15,46.75,144250,5646050
2024-09-10 13:55:00+05:30,46.95,48.5,46.55,48.4,148425,5685475
2024-09-10 13:56:00+05:30,48.25,49.85,47.2,49.75,186500,5685475
2024-09-10 13:57:00+05:30,49.75,49.8,48.25,48.95,155750,5685475
2024-09-10 13:58:00+05:30,48.8,48.95,46.65,46.85,194525,5689625
2024-09-10 13:59:00+05:30,46.9,47.05,44.6,44.8,289325,5689625
2024-09-10 14:00:00+05:30,44.9,47.25,44,45.5,179350,5689625
2024-09-10 14:01:00+05:30,45.8,46.75,42.45,43.75,223150,5682600
2024-09-10 14:02:00+05:30,43.75,43.9,39.25,39.85,476075,5682600
2024-09-10 14:03:00+05:30,39.05,40.45,38.35,39.6,402525,5682600
2024-09-10 14:04:00+05:30,39.7,40.9,36.95,38.3,438700,5604650
2024-09-10 14:05:00+05:30,38.35,39.2,37.55,38.75,224450,5604650
2024-09-10 14:06:00+05:30,38.75,40.6,38.45,40.55,205525,5604650
2024-09-10 14:07:00+05:30,40.55,41.3,40.35,41,196825,5674750
2024-09-10 14:08:00+05:30,40.85,43.8,40.8,42.85,316725,5674750
2024-09-10 14:09:00+05:30,42.85,43.9,42.55,43.35,249825,5674750
2024-09-10 14:10:00+05:30,43.55,45.7,43.1,44.8,210975,5717875
2024-09-10 14:11:00+05:30,45,47.05,45,45.75,283275,5717875
2024-09-10 14:12:00+05:30,45.55,45.65,43.55,44.45,222350,5717875
2024-09-10 14:13:00+05:30,44.55,44.7,43.2,43.35,173250,5748925
2024-09-10 14:14:00+05:30,43.35,44.55,42.2,43.3,160425,5748925
2024-09-10 14:15:00+05:30,43.3,43.95,42.15,42.3,132075,5748925
2024-09-10 14:16:00+05:30,42.4,42.4,40.45,41.1,240000,5769800
2024-09-10 14:17:00+05:30,41.2,41.2,39.25,39.3,178225,5769800
2024-09-10 14:18:00+05:30,39.4,40.5,39.05,39.05,138275,5769800
2024-09-10 14:19:00+05:30,39.05,41.9,38.85,41.55,149350,5763500
2024-09-10 14:20:00+05:30,41.5,41.6,39.95,40.7,119800,5763500
2024-09-10 14:21:00+05:30,40.7,41.4,39.7,41,104300,5763500
2024-09-10 14:22:00+05:30,41,41.6,40.15,40.2,115850,5762000
2024-09-10 14:23:00+05:30,40.1,41.3,39.7,40.85,98450,5762000
2024-09-10 14:24:00+05:30,40.85,41.5,40.5,41.1,61300,5762000
2024-09-10 14:25:00+05:30,41.1,41.35,40.3,41.15,61950,5747775
2024-09-10 14:26:00+05:30,41.25,44.45,41.15,43.95,257500,5747775
2024-09-10 14:27:00+05:30,43.95,45.9,43.8,45.4,263450,5747775
2024-09-10 14:28:00+05:30,45.45,45.9,44.05,44.45,168700,5721900
2024-09-10 14:29:00+05:30,44.75,44.9,42.7,43.55,181850,5721900
2024-09-10 14:30:00+05:30,43.15,43.55,40.85,40.9,150525,5721900
2024-09-10 14:31:00+05:30,40.9,41,36.15,37.95,452350,5744700
2024-09-10 14:32:00+05:30,38,38.95,37.3,37.95,234650,5744700
2024-09-10 14:33:00+05:30,37.4,38.3,35.65,37.4,305625,5744700
2024-09-10 14:34:00+05:30,37.3,37.7,36.3,36.95,204675,5766175
2024-09-10 14:35:00+05:30,36.9,37.5,34.7,35.45,301225,5766175
2024-09-10 14:36:00+05:30,35.15,35.45,32.85,34.15,380475,5766175
2024-09-10 14:37:00+05:30,34.3,35.3,34,34.2,220975,5772650
2024-09-10 14:38:00+05:30,34.6,34.8,32.05,33.05,257225,5772650
2024-09-10 14:39:00+05:30,32.7,33.6,31.5,31.95,265500,5772650
2024-09-10 14:40:00+05:30,31.85,32.5,30.8,31,259400,5800325
2024-09-10 14:41:00+05:30,30.75,31.25,29.6,30.25,483000,5800325
2024-09-10 14:42:00+05:30,30.25,31.2,30.05,30.35,181350,5800325
2024-09-10 14:43:00+05:30,30.35,31,29.9,30.45,317800,5871150
2024-09-10 14:44:00+05:30,30.5,30.55,27.7,28.6,645700,5871150
2024-09-10 14:45:00+05:30,28.6,28.95,26.25,27.3,602550,5871150
2024-09-10 14:46:00+05:30,27.3,27.65,24.2,24.4,644475,5791300
2024-09-10 14:47:00+05:30,24.25,26,24,24.65,555500,5791300
2024-09-10 14:48:00+05:30,24.65,24.95,22.9,24.55,498800,5791300
2024-09-10 14:49:00+05:30,24.55,25.45,24.15,24.15,446750,5948450
2024-09-10 14:50:00+05:30,24.1,24.4,22.55,23.65,325100,5948450
2024-09-10 14:51:00+05:30,23.55,25.25,23.1,25,196950,5948450
2024-09-10 14:52:00+05:30,25,26.6,24.8,26.1,341050,6004525
2024-09-10 14:53:00+05:30,26.1,26.5,25.3,25.65,319950,6004525
2024-09-10 14:54:00+05:30,25.65,25.65,24.45,25.1,389675,6004525
2024-09-10 14:55:00+05:30,25.05,25.4,23.45,24.55,203400,5982300
2024-09-10 14:56:00+05:30,24.55,25.4,23.95,25.2,167275,5982300
2024-09-10 14:57:00+05:30,25.25,27.05,25,26.95,344400,5982300
2024-09-10 14:58:00+05:30,26.95,28.35,26.85,27.65,359325,6081275
2024-09-10 14:59:00+05:30,27.75,27.8,25.7,25.9,283675,6081275
2024-09-10 15:00:00+05:30,25.75,25.75,20.85,21.5,790600,6081275
2024-09-10 15:01:00+05:30,21.25,21.7,18.85,20.65,928350,6096650
2024-09-10 15:02:00+05:30,20.45,21.75,20.05,21.5,441550,6096650
2024-09-10 15:03:00+05:30,21.45,22.45,21.1,22.2,290350,6096650
2024-09-10 15:04:00+05:30,22.15,24.5,21.95,24.45,407700,6120600
2024-09-10 15:05:00+05:30,24.45,25.1,22.4,22.9,441250,6120600
2024-09-10 15:06:00+05:30,22.75,22.75,20.9,21.45,352050,6120600
2024-09-10 15:07:00+05:30,21.35,23.4,21.3,23.25,252075,6062100
2024-09-10 15:08:00+05:30,23.25,24.2,22.95,23.7,249150,6062100
2024-09-10 15:09:00+05:30,23.5,23.85,22.9,23.75,201600,6062100
2024-09-10 15:10:00+05:30,23.65,25.7,22.65,25.45,283500,6058575
2024-09-10 15:11:00+05:30,25.45,26.55,25.1,26.4,341450,6058575
2024-09-10 15:12:00+05:30,26.6,26.75,24.65,25.75,300525,6058575
2024-09-10 15:13:00+05:30,25.75,26.7,24.15,24.7,244325,6088775
2024-09-10 15:14:00+05:30,24.8,25.2,23.7,24.7,222900,6088775
2024-09-10 15:15:00+05:30,24.65,25.7,24.3,25.6,275875,6088775
2024-09-10 15:16:00+05:30,25.6,26.15,25.3,25.95,187100,6000875
2024-09-10 15:17:00+05:30,26.1,26.75,25.95,26.25,329575,6000875
2024-09-10 15:18:00+05:30,26.3,26.3,25,25.5,164500,6000875
2024-09-10 15:19:00+05:30,25.6,26.5,25.4,26.5,270250,6010400
2024-09-10 15:20:00+05:30,26.45,26.75,26,26.15,190700,6010400
2024-09-10 15:21:00+05:30,26.15,26.25,24.85,25.1,222250,6010400
2024-09-10 15:22:00+05:30,25.05,25.4,24.1,25.4,256575,5932275
2024-09-10 15:23:00+05:30,25.35,26.1,25.1,25.2,183725,5932275
2024-09-10 15:24:00+05:30,25.3,25.55,24.45,24.9,172800,5932275
2024-09-10 15:25:00+05:30,25,25.95,24.8,25.9,255550,5868125
2024-09-10 15:26:00+05:30,25.9,26,25.25,25.85,260425,5868125
2024-09-10 15:27:00+05:30,25.95,26.4,25.65,25.85,420250,5868125
2024-09-10 15:28:00+05:30,25.9,26.1,24.8,25.25,421450,6007025
2024-09-10 15:29:00+05:30,25.25,25.65,24.3,24.65,388775,6007025
2024-09-11 09:15:00+05:30,24.9,24.9,13,13.95,1027525,6144925
2024-09-11 09:16:00+05:30,13.95,17.2,13.9,17,764925,6144925
2024-09-11 09:17:00+05:30,17,17.4,16.05,16.9,618650,6144925
2024-09-11 09:18:00+05:30,16.8,16.9,15.8,16.7,579425,6335350
2024-09-11 09:19:00+05:30,16.7,17.3,16.05,16.1,290350,6335350
2024-09-11 09:20:00+05:30,16.1,17.8,15.1,17.3,452525,6335350
2024-09-11 09:21:00+05:30,17.3,17.5,15.7,16.3,310175,6408300
2024-09-11 09:22:00+05:30,16.3,16.3,15.1,15.2,337550,6408300
2024-09-11 09:23:00+05:30,15.2,16,14.6,14.85,420775,6408300
2024-09-11 09:24:00+05:30,14.85,15.4,13.95,14.15,503950,6508600
2024-09-11 09:25:00+05:30,13.7,14.35,13.5,14.15,466100,6508600
2024-09-11 09:26:00+05:30,14.15,14.45,13.55,13.7,531600,6508600
2024-09-11 09:27:00+05:30,13.7,13.85,13.25,13.4,361300,6713925
2024-09-11 09:28:00+05:30,13.4,13.8,13.1,13.15,353325,6713925
2024-09-11 09:29:00+05:30,13.15,13.75,13.05,13.55,312125,6713925
2024-09-11 09:30:00+05:30,13.55,14.55,13.4,14.45,453625,6893600
2024-09-11 09:31:00+05:30,14.4,14.65,14.1,14.4,310125,6893600
2024-09-11 09:32:00+05:30,14.4,15.1,13.85,14.7,472800,6893600
2024-09-11 09:33:00+05:30,14.7,16.45,14.7,15.6,448275,6943925
2024-09-11 09:34:00+05:30,15.65,15.8,14.75,15.4,314750,6943925
2024-09-11 09:35:00+05:30,15.25,15.65,14.8,15.25,267400,6943925
2024-09-11 09:36:00+05:30,15.2,16.65,15,16.3,295775,6965775
2024-09-11 09:37:00+05:30,16.3,16.8,15.15,15.6,315700,6965775
2024-09-11 09:38:00+05:30,15.6,16.95,15.5,16.95,310825,6965775
2024-09-11 09:39:00+05:30,16.95,20.6,16.55,19.7,1067150,6998325
2024-09-11 09:40:00+05:30,19.7,21.4,18.65,19.7,779775,6998325
2024-09-11 09:41:00+05:30,19.7,22.3,18.8,20.5,727300,6998325
2024-09-11 09:42:00+05:30,20.5,22.25,19.75,22.15,455275,7098650
2024-09-11 09:43:00+05:30,22.2,24.25,21.8,23.65,809400,7098650
2024-09-11 09:44:00+05:30,23.65,23.95,22.45,23.85,475625,7098650
2024-09-11 09:45:00+05:30,23.85,27,23.35,25.05,832450,6951350
2024-09-11 09:46:00+05:30,25.05,26.4,24.35,25.2,626350,6951350
2024-09-11 09:47:00+05:30,25.2,26.4,22.35,22.35,740800,6951350
2024-09-11 09:48:00+05:30,22.35,24.65,21.35,24.3,557725,7067950
2024-09-11 09:49:00+05:30,24.3,24.3,22.2,22.65,237725,7067950
2024-09-11 09:50:00+05:30,22.35,22.4,19.55,19.55,557775,7067950
2024-09-11 09:51:00+05:30,19.5,21.8,18.8,21,340925,7089725
2024-09-11 09:52:00+05:30,21,22.1,20.85,21.65,240750,7089725
2024-09-11 09:53:00+05:30,21.6,21.8,20.35,21.1,241300,7089725
2024-09-11 09:54:00+05:30,21.1,21.15,18.35,18.65,358150,7119400
2024-09-11 09:55:00+05:30,18.65,18.85,15.8,16.15,660225,7119400
2024-09-11 09:56:00+05:30,16.15,17.3,15.7,17.2,379700,7119400
2024-09-11 09:57:00+05:30,17.45,18.8,16.85,18.55,421750,7256550
2024-09-11 09:58:00+05:30,18.65,19,17.05,17.5,358600,7256550
2024-09-11 09:59:00+05:30,17.5,17.7,16.25,16.9,288225,7256550
2024-09-11 10:00:00+05:30,16.9,17.55,16.55,17.55,273850,7372875
2024-09-11 10:01:00+05:30,17.6,18,16.5,16.55,189600,7372875
2024-09-11 10:02:00+05:30,16.55,16.6,15,15.1,626525,7372875
2024-09-11 10:03:00+05:30,15.05,15.05,14.2,14.9,448875,7475750
2024-09-11 10:04:00+05:30,14.95,15.25,14.4,15.1,381450,7475750
2024-09-11 10:05:00+05:30,15.2,15.85,15.05,15.6,277775,7475750
2024-09-11 10:06:00+05:30,15.6,15.6,14.7,15,322250,7626000
2024-09-11 10:07:00+05:30,15,15.8,15,15.75,331475,7626000
2024-09-11 10:08:00+05:30,15.75,16.3,15.25,16.15,146275,7626000
2024-09-11 10:09:00+05:30,16.15,16.45,15.55,15.85,195225,7709850
2024-09-11 10:10:00+05:30,15.85,16.7,15.65,16.4,161125,7709850
2024-09-11 10:11:00+05:30,16.4,17.55,16.15,16.75,431550,7709850
2024-09-11 10:12:00+05:30,16.75,17.35,16.25,17.2,208150,7727750
2024-09-11 10:13:00+05:30,17.2,18.25,16.85,17.95,285900,7727750
2024-09-11 10:14:00+05:30,17.95,20.3,17.65,20.05,480650,7727750
2024-09-11 10:15:00+05:30,20.05,21.65,19.55,21.1,701725,7697875
2024-09-11 10:16:00+05:30,21.1,22.25,20.6,21.5,533625,7697875
2024-09-11 10:17:00+05:30,21.5,24.3,20.65,24.2,715025,7697875
2024-09-11 10:18:00+05:30,24.2,24.65,20.9,22.25,791550,7677700
2024-09-11 10:19:00+05:30,22.25,22.4,21.25,21.55,242025,7677700
2024-09-11 10:20:00+05:30,21.55,21.8,19.05,19.25,458775,7677700
2024-09-11 10:21:00+05:30,19.25,19.6,17.45,17.55,389975,7679050
2024-09-11 10:22:00+05:30,17.55,17.55,15.4,16.55,485325,7679050
2024-09-11 10:23:00+05:30,16.55,16.95,16.15,16.55,203825,7679050
2024-09-11 10:24:00+05:30,16.55,17,15.8,16.45,239825,7779825
2024-09-11 10:25:00+05:30,16.45,16.65,15.5,16.3,258875,7779825
2024-09-11 10:26:00+05:30,16.3,16.45,15.3,15.45,244675,7779825
2024-09-11 10:27:00+05:30,15.4,16.65,15.4,16.45,327800,7880875
2024-09-11 10:28:00+05:30,16.55,18.6,16.5,18.1,472550,7880875
2024-09-11 10:29:00+05:30,18.1,18.25,16.6,17.4,249675,7880875
2024-09-11 10:30:00+05:30,17.4,19.05,17.05,18.25,330775,7926200
2024-09-11 10:31:00+05:30,18.25,18.9,17.7,17.7,217600,7926200
2024-09-11 10:32:00+05:30,17.8,18.65,17.3,18.65,207200,7926200
2024-09-11 10:33:00+05:30,18.5,19.6,18.2,19.05,257000,7919175
2024-09-11 10:34:00+05:30,19.05,20.9,19.05,20.5,353225,7919175
2024-09-11 10:35:00+05:30,20.45,21.05,19,19.75,323425,7919175
2024-09-11 10:36:00+05:30,19.75,21.3,19.75,20.2,376075,7817525
2024-09-11 10:37:00+05:30,20.2,21.95,20.1,21.5,308800,7817525
2024-09-11 10:38:00+05:30,21.55,23.4,20.6,23,460325,7817525
2024-09-11 10:39:00+05:30,23,23,21.65,22.2,376250,7740925
2024-09-11 10:40:00+05:30,22.2,23.1,21,22.1,263725,7740925
2024-09-11 10:41:00+05:30,22.1,22.75,21.15,22.3,254300,7740925
2024-09-11 10:42:00+05:30,22.3,23.1,21.2,22.2,311725,7749925
2024-09-11 10:43:00+05:30,22.2,26.45,22.2,24.55,958350,7749925
2024-09-11 10:44:00+05:30,24.55,24.95,23.6,24.2,415225,7749925
2024-09-11 10:45:00+05:30,24.2,24.2,20.55,21.35,548425,7578825
2024-09-11 10:46:00+05:30,21.3,23.2,21,22.6,342200,7578825
2024-09-11 10:47:00+05:30,22.6,22.6,19.7,21.45,404675,7578825
2024-09-11 10:48:00+05:30,21.45,21.75,20.6,21.15,181725,7545125
2024-09-11 10:49:00+05:30,21.15,21.45,18.75,19.55,288300,7545125
2024-09-11 10:50:00+05:30,19.65,19.7,17.1,17.7,578025,7545125
2024-09-11 10:51:00+05:30,17.5,18.4,17.3,17.45,346675,7628575
2024-09-11 10:52:00+05:30,17.5,18.35,17.25,17.75,304000,7628575
2024-09-11 10:53:00+05:30,17.65,18.25,16.05,16.9,478725,7628575
2024-09-11 10:54:00+05:30,16.85,17.4,16.3,17,349125,7693000
2024-09-11 10:55:00+05:30,17,18.25,17,17.95,217900,7693000
2024-09-11 10:56:00+05:30,17.95,19.05,17.85,18.6,245975,7693000
2024-09-11 10:57:00+05:30,18.6,18.65,16.35,16.35,509425,7774600
2024-09-11 10:58:00+05:30,16.35,17,15.85,16.8,478675,7774600
2024-09-11 10:59:00+05:30,16.8,18.3,16.7,17.85,363225,7774600
2024-09-11 11:00:00+05:30,17.9,19.6,17.85,19.2,352375,7818975
2024-09-11 11:01:00+05:30,19.35,19.4,18.5,18.65,302175,7818975
2024-09-11 11:02:00+05:30,18.65,18.95,18.25,18.4,201875,7818975
2024-09-11 11:03:00+05:30,18.4,19.25,18.3,18.8,211900,7845400
2024-09-11 11:04:00+05:30,18.8,19.4,18.75,19.05,170950,7845400
2024-09-11 11:05:00+05:30,19,19.7,18.8,19.1,229275,7845400
2024-09-11 11:06:00+05:30,19.1,19.3,17.75,18.7,253175,7831175
2024-09-11 11:07:00+05:30,18.65,19.45,18.3,18.3,187050,7831175
2024-09-11 11:08:00+05:30,18.3,19.8,17.95,19.75,281625,7831175
2024-09-11 11:09:00+05:30,19.75,20.7,19.7,20.25,432200,7896850
2024-09-11 11:10:00+05:30,20.25,21.4,20.15,20.85,330375,7896850
2024-09-11 11:11:00+05:30,20.85,21.2,19.8,20.55,299025,7896850
2024-09-11 11:12:00+05:30,20.55,20.7,19.9,20.2,187650,8007300
2024-09-11 11:13:00+05:30,20.45,21.6,20,21.35,323225,8007300
2024-09-11 11:14:00+05:30,21.35,22.45,21.15,21.85,362925,8007300
2024-09-11 11:15:00+05:30,21.85,21.9,20.25,20.35,342500,7929350
2024-09-11 11:16:00+05:30,20.35,20.75,19.2,19.5,321700,7929350
2024-09-11 11:17:00+05:30,19.55,19.85,18.55,19.55,237000,7929350
2024-09-11 11:18:00+05:30,19.45,20,18.8,19.35,197375,7910525
2024-09-11 11:19:00+05:30,19.35,19.5,18.25,18.65,194750,7910525
2024-09-11 11:20:00+05:30,18.65,19.1,17.95,18.3,214650,7910525
2024-09-11 11:21:00+05:30,18.3,18.3,17.5,17.95,234475,7917150
2024-09-11 11:22:00+05:30,17.95,18.2,17.1,17.25,158250,7917150
2024-09-11 11:23:00+05:30,17.25,18,17.15,18,193525,7917150
2024-09-11 11:24:00+05:30,18.2,19.2,18.2,19,230875,7923975
2024-09-11 11:25:00+05:30,19,20.05,19,19.95,201375,7923975
2024-09-11 11:26:00+05:30,19.95,20.15,18.6,19.25,236550,7923975
2024-09-11 11:27:00+05:30,19.2,20,18.95,19.9,103000,7954225
2024-09-11 11:28:00+05:30,19.9,20.3,19.65,19.85,159550,7954225
2024-09-11 11:29:00+05:30,20.1,20.15,19.5,19.85,147150,7954225
2024-09-11 11:30:00+05:30,19.7,19.85,19.05,19.25,136375,8013325
2024-09-11 11:31:00+05:30,19.25,20.15,19.2,20.15,141250,8013325
2024-09-11 11:32:00+05:30,20,20.95,19.8,20.25,203425,8013325
2024-09-11 11:33:00+05:30,20.3,21.95,20.3,21.2,329400,7958050
2024-09-11 11:34:00+05:30,21.2,22,20.75,21,250700,7958050
2024-09-11 11:35:00+05:30,21,21.4,19.7,19.95,256125,7958050
2024-09-11 11:36:00+05:30,19.95,19.95,18.25,18.8,265375,7942575
2024-09-11 11:37:00+05:30,18.95,20.45,18.9,20.1,208050,7942575
2024-09-11 11:38:00+05:30,20.1,20.5,17.85,18,289100,7942575
2024-09-11 11:39:00+05:30,18.25,19.3,16.6,19.2,694975,7994400
2024-09-11 11:40:00+05:30,19.2,20.4,18.8,19.4,462850,7994400
2024-09-11 11:41:00+05:30,19.4,19.85,18.75,19.4,273300,7994400
2024-09-11 11:42:00+05:30,19.4,20.35,19.4,20.1,209275,7982650
2024-09-11 11:43:00+05:30,20.1,22.25,19.9,20.75,435350,7982650
2024-09-11 11:44:00+05:30,20.9,21.45,20.7,21.25,244875,7982650
2024-09-11 11:45:00+05:30,21.35,22.35,20.8,21.4,443400,7839150
2024-09-11 11:46:00+05:30,21.4,21.4,19.25,19.6,284650,7839150
2024-09-11 11:47:00+05:30,19.6,19.7,18.4,19,299375,7839150
2024-09-11 11:48:00+05:30,19,20.7,19,20.45,209300,7785975
2024-09-11 11:49:00+05:30,20.65,21.7,20.3,21.4,303375,7785975
2024-09-11 11:50:00+05:30,21.3,23.35,21.15,22.6,518475,7785975
2024-09-11 11:51:00+05:30,22.6,23.05,21.5,22.15,305250,7921500
2024-09-11 11:52:00+05:30,22.15,22.2,20.75,20.95,211150,7921500
2024-09-11 11:53:00+05:30,20.95,21.3,20.25,20.8,214100,7921500
2024-09-11 11:54:00+05:30,20.85,20.85,19.6,20.25,235875,7968750
2024-09-11 11:55:00+05:30,20.1,21.7,20,21.55,163750,7968750
2024-09-11 11:56:00+05:30,21.55,22.35,21.55,21.9,168825,7968750
2024-09-11 11:57:00+05:30,21.9,24.4,21.75,23.85,462375,7838025
2024-09-11 11:58:00+05:30,23.85,25.3,23.3,23.85,706050,7838025
2024-09-11 11:59:00+05:30,23.9,24.3,22.35,24.05,389225,7838025
2024-09-11 12:00:00+05:30,24.05,29.9,23.65,26.8,1233825,7639350
2024-09-11 12:01:00+05:30,26.8,31.2,26.8,28.5,1048575,7639350
2024-09-11 12:02:00+05:30,28.55,29.2,26.55,28.15,481325,7639350
2024-09-11 12:03:00+05:30,28.15,29.55,27.15,27.75,450475,7481900
2024-09-11 12:04:00+05:30,27.8,28.95,27.2,28.45,428475,7481900
2024-09-11 12:05:00+05:30,28.4,33.5,28.2,31.65,860850,7481900
2024-09-11 12:06:00+05:30,31.65,31.95,29,31.15,637800,7329650
2024-09-11 12:07:00+05:30,30.7,30.7,27.1,27.1,541025,7329650
2024-09-11 12:08:00+05:30,27.15,29.25,26.35,27.45,424175,7329650
2024-09-11 12:09:00+05:30,27.35,27.95,26,26.3,332775,7373975
2024-09-11 12:10:00+05:30,26.5,26.55,24.5,25.25,390925,7373975
2024-09-11 12:11:00+05:30,25.25,26.45,23.85,23.9,301800,7373975
2024-09-11 12:12:00+05:30,24,26.15,22.95,25.8,383475,7300400
2024-09-11 12:13:00+05:30,25.8,26.5,25.55,26.2,251775,7300400
2024-09-11 12:14:00+05:30,26.05,27.55,25.35,27.1,246650,7300400
2024-09-11 12:15:00+05:30,27.1,29.1,26.6,27.15,342500,7341475
2024-09-11 12:16:00+05:30,27.1,27.2,25,25.5,286325,7341475
2024-09-11 12:17:00+05:30,25.5,26.15,24.7,25,262425,7341475
2024-09-11 12:18:00+05:30,25,25.65,24.1,24.55,181350,7348125
2024-09-11 12:19:00+05:30,24.55,25.2,24,24.85,171925,7348125
2024-09-11 12:20:00+05:30,24.8,26.8,24.55,26.25,245025,7348125
2024-09-11 12:21:00+05:30,26.25,26.5,24.8,25.65,238150,7393050
2024-09-11 12:22:00+05:30,25.65,28.55,25.55,27.85,294850,7393050
2024-09-11 12:23:00+05:30,27.95,29.05,27.35,28,272125,7393050
2024-09-11 12:24:00+05:30,28.05,29.15,27.8,28.6,226825,7376550
2024-09-11 12:25:00+05:30,28.55,31,27.8,29,386600,7376550
2024-09-11 12:26:00+05:30,29,29.75,28.2,29.3,209550,7376550
2024-09-11 12:27:00+05:30,29.2,30.8,28.6,29.1,868175,7376550
2024-09-11 12:28:00+05:30,29.1,29.7,27.05,27.4,290825,7385800
2024-09-11 12:29:00+05:30,27.55,28.2,25.8,26.15,305750,7385800
2024-09-11 12:30:00+05:30,26.15,27.6,25.35,27.4,217875,7385800
2024-09-11 12:31:00+05:30,27.25,29.25,27,28.7,293775,7428775
2024-09-11 12:32:00+05:30,28.85,31.3,28.25,31.2,442925,7428775
2024-09-11 12:33:00+05:30,31,31.05,29.45,30.45,390525,7428775
2024-09-11 12:34:00+05:30,30.35,35,29.4,30.15,972950,7376550
2024-09-11 12:35:00+05:30,30.75,32.4,30.05,30.9,574250,7376550
2024-09-11 12:36:00+05:30,31.05,31.1,27.8,27.8,539800,7376550
2024-09-11 12:37:00+05:30,27.9,29,27,27.15,310300,7299050
2024-09-11 12:38:00+05:30,27.55,28,26.95,27.8,214575,7299050
2024-09-11 12:39:00+05:30,27.7,27.7,25.95,26.2,284375,7299050
2024-09-11 12:40:00+05:30,26.4,26.85,24.8,25.65,328350,7346250
2024-09-11 12:41:00+05:30,25.65,26.35,25,26.1,184000,7346250
2024-09-11 12:42:00+05:30,26,27.15,26,27,309375,7346250
2024-09-11 12:43:00+05:30,27,27,24.9,25.25,219850,7399775
2024-09-11 12:44:00+05:30,25.25,26,24.05,24.4,212050,7399775
2024-09-11 12:45:00+05:30,24.4,24.7,22.8,23.75,405650,7399775
2024-09-11 12:46:00+05:30,23.75,23.75,20.95,23.3,500575,7408625
2024-09-11 12:47:00+05:30,23.3,23.55,21.7,22,230850,7408625
2024-09-11 12:48:00+05:30,22,22.95,21.25,22.4,180850,7408625
2024-09-11 12:49:00+05:30,22.4,22.9,21.95,22.4,161650,7446925
2024-09-11 12:50:00+05:30,22.4,23.5,22.25,23.3,200750,7446925
2024-09-11 12:51:00+05:30,23.3,23.3,20.9,21,386400,7446925
2024-09-11 12:52:00+05:30,21.05,21.4,19.8,20.1,492850,7484900
2024-09-11 12:53:00+05:30,20.2,20.6,19.5,20.5,345675,7484900
2024-09-11 12:54:00+05:30,20.5,20.5,19.3,20.2,236175,7484900
2024-09-11 12:55:00+05:30,20.1,21.65,20.1,21.5,247675,7499225
2024-09-11 12:56:00+05:30,21.5,21.65,20.1,20.45,315850,7499225
2024-09-11 12:57:00+05:30,20.45,20.65,19.95,20.4,277400,7499225
2024-09-11 12:58:00+05:30,20.4,20.4,18.5,19.85,724725,7606700
2024-09-11 12:59:00+05:30,20,20,18.4,18.85,264075,7606700
2024-09-11 13:00:00+05:30,18.75,18.85,17.25,18.3,812175,7606700
2024-09-11 13:01:00+05:30,18.05,19.95,18.05,19.75,351175,7585475
2024-09-11 13:02:00+05:30,19.8,21.15,19.45,20.6,382325,7585475
2024-09-11 13:03:00+05:30,20.5,21.25,20.3,20.9,245800,7585475
2024-09-11 13:04:00+05:30,20.8,20.8,19.5,20.4,185700,7718625
2024-09-11 13:05:00+05:30,20.4,20.75,20,20.35,198275,7718625
2024-09-11 13:06:00+05:30,20.35,20.35,19,20,281300,7718625
2024-09-11 13:07:00+05:30,20,20.8,19.6,19.75,176725,7705550
2024-09-11 13:08:00+05:30,19.75,19.9,18.65,18.8,247100,7705550
2024-09-11 13:09:00+05:30,18.8,20.1,18.75,19.7,135525,7705550
2024-09-11 13:10:00+05:30,19.7,20.25,19.5,19.7,116200,7728350
2024-09-11 13:11:00+05:30,19.7,21.45,19.5,21.1,213900,7728350
2024-09-11 13:12:00+05:30,21.1,21.45,20.7,20.9,235825,7728350
2024-09-11 13:13:00+05:30,20.9,21.2,20.35,20.45,161650,7715375
2024-09-11 13:14:00+05:30,20.45,20.55,19.3,19.7,202050,7715375
2024-09-11 13:15:00+05:30,19.7,20.3,19.5,20.05,122275,7715375
2024-09-11 13:16:00+05:30,20.05,21,19.9,20.45,128175,7797500
2024-09-11 13:17:00+05:30,20.45,20.6,19.7,20.1,127200,7797500
2024-09-11 13:18:00+05:30,20,20.05,18.85,19.4,173275,7797500
2024-09-11 13:19:00+05:30,19.4,19.65,18.6,19.45,193475,7848150
2024-09-11 13:20:00+05:30,19.45,19.55,18.85,19.5,109725,7848150
2024-09-11 13:21:00+05:30,19.45,20,19.1,19.55,138325,7848150
2024-09-11 13:22:00+05:30,19.6,20,19.25,19.6,106625,7797575
2024-09-11 13:23:00+05:30,19.55,20.1,19.55,19.85,117100,7797575
2024-09-11 13:24:00+05:30,19.8,19.85,19.15,19.6,81775,7797575
2024-09-11 13:25:00+05:30,19.6,20.35,19.25,20.05,129700,7810325
2024-09-11 13:26:00+05:30,20.05,20.6,19.8,20.2,143100,7810325
2024-09-11 13:27:00+05:30,20.2,21.35,20.1,20.5,225300,7810325
2024-09-11 13:28:00+05:30,20.35,20.9,20,20.55,215575,7807550
2024-09-11 13:29:00+05:30,20.5,20.95,20.05,20.55,169825,7807550
2024-09-11 13:30:00+05:30,20.5,20.6,19.05,19.35,187650,7807550
2024-09-11 13:31:00+05:30,19.45,19.8,18.1,18.45,264275,7797225
2024-09-11 13:32:00+05:30,18.4,18.75,16.75,17.15,509525,7797225
2024-09-11 13:33:00+05:30,17.15,17.3,15.7,16.1,668875,7797225
2024-09-11 13:34:00+05:30,16.1,16.85,15.95,16.3,362625,7917975
2024-09-11 13:35:00+05:30,16.3,16.55,15.65,16.25,406600,7917975
2024-09-11 13:36:00+05:30,16.25,17.7,16.25,17.3,339550,7917975
2024-09-11 13:37:00+05:30,17.3,17.5,16.6,16.8,156275,7971475
2024-09-11 13:38:00+05:30,16.85,17.35,16.7,16.8,199575,7971475
2024-09-11 13:39:00+05:30,17.05,17.2,16.5,17.05,198400,7971475
2024-09-11 13:40:00+05:30,17.05,17.25,16.4,17,111675,8016150
2024-09-11 13:41:00+05:30,17,17.05,16.1,16.1,135400,8016150
2024-09-11 13:42:00+05:30,16.1,16.1,15.05,15.55,456875,8016150
2024-09-11 13:43:00+05:30,15.65,15.75,14.75,15.4,688000,7887400
2024-09-11 13:44:00+05:30,15.25,15.7,14.9,15.35,375825,7887400
2024-09-11 13:45:00+05:30,15.35,15.4,14.35,14.5,527150,7887400
2024-09-11 13:46:00+05:30,14.5,14.5,14.05,14.3,306150,8016175
2024-09-11 13:47:00+05:30,14.3,14.35,13.8,14.25,345475,8016175
2024-09-11 13:48:00+05:30,14.25,14.85,14,14.7,280300,8016175
2024-09-11 13:49:00+05:30,14.75,16.2,14.75,16.05,386875,8117900
2024-09-11 13:50:00+05:30,16.1,17.2,15.6,17.1,504850,8117900
2024-09-11 13:51:00+05:30,17.1,17.1,15.9,16.15,318225,8117900
2024-09-11 13:52:00+05:30,16.2,16.45,15.35,16.25,243625,8137625
2024-09-11 13:53:00+05:30,16.3,16.3,14.75,14.95,205275,8137625
2024-09-11 13:54:00+05:30,15.05,15.55,14.8,15.15,163750,8137625
2024-09-11 13:55:00+05:30,15.2,16.05,14.65,15.95,193475,8180575
2024-09-11 13:56:00+05:30,15.75,16.35,15.65,16.05,196450,8180575
2024-09-11 13:57:00+05:30,16,16.05,14.8,15.15,199425,8180575
2024-09-11 13:58:00+05:30,15.25,15.25,14.2,14.35,227300,8209150
2024-09-11 13:59:00+05:30,14.5,14.7,14.2,14.25,192700,8209150
2024-09-11 14:00:00+05:30,14.35,14.35,12.25,13.1,706925,8209150
2024-09-11 14:01:00+05:30,13.1,13.25,12.35,12.8,327150,8248725
2024-09-11 14:02:00+05:30,12.8,13.1,12.5,12.5,459850,8248725
2024-09-11 14:03:00+05:30,12.55,12.7,11.8,12.1,604275,8248725
2024-09-11 14:04:00+05:30,12.15,12.2,10.75,11.05,906075,8230575
2024-09-11 14:05:00+05:30,11.05,11.55,11,11.45,626000,8230575
2024-09-11 14:06:00+05:30,11.3,11.55,10.95,11,647775,8230575
2024-09-11 14:07:00+05:30,11.2,11.35,11,11.25,378175,8240575
2024-09-11 14:08:00+05:30,11.15,11.85,11.15,11.7,557975,8240575
2024-09-11 14:09:00+05:30,11.65,11.9,11.25,11.7,379075,8240575
2024-09-11 14:10:00+05:30,11.75,11.95,11.55,11.7,226925,8444400
2024-09-11 14:11:00+05:30,11.75,11.75,11,11.25,296750,8444400
2024-09-11 14:12:00+05:30,11.25,11.45,9.75,10.1,680550,8444400
2024-09-11 14:13:00+05:30,10.1,10.25,9.1,9.4,845350,8601000
2024-09-11 14:14:00+05:30,9.4,9.6,8.5,8.65,1099000,8601000
2024-09-11 14:15:00+05:30,8.7,9.45,8.4,9.25,869675,8601000
2024-09-11 14:16:00+05:30,9.2,9.3,9,9.25,463225,8735425
2024-09-11 14:17:00+05:30,9.3,9.55,9.15,9.4,454400,8735425
2024-09-11 14:18:00+05:30,9.4,9.45,9.2,9.35,285300,8735425
2024-09-11 14:19:00+05:30,9.4,9.45,8.85,9.1,432400,8868050
2024-09-11 14:20:00+05:30,9.05,9.5,9.05,9.35,281500,8868050
2024-09-11 14:21:00+05:30,9.3,9.45,9.1,9.2,175025,8868050
2024-09-11 14:22:00+05:30,9.25,9.3,8.85,9.15,296000,8864575
2024-09-11 14:23:00+05:30,9.15,9.6,8.95,9.4,276300,8864575
2024-09-11 14:24:00+05:30,9.5,9.5,8.85,9.05,341775,8864575
2024-09-11 14:25:00+05:30,9.1,9.25,8.95,9.25,296825,8897425
2024-09-11 14:26:00+05:30,9.15,9.55,9.1,9.1,213800,8897425
2024-09-11 14:27:00+05:30,9.1,9.15,8.4,8.65,358250,8897425
2024-09-11 14:28:00+05:30,8.65,9,8.6,8.8,225450,9015250
2024-09-11 14:29:00+05:30,8.8,8.95,8.5,8.55,213675,9015250
2024-09-11 14:30:00+05:30,8.55,8.7,8.35,8.55,284400,9015250
2024-09-11 14:31:00+05:30,8.5,9.2,8.5,9.2,308500,9039475
2024-09-11 14:32:00+05:30,9.15,9.75,9.1,9.65,237025,9039475
2024-09-11 14:33:00+05:30,9.7,9.7,8.9,9,485575,9039475
2024-09-11 14:34:00+05:30,9,9,8.3,8.4,222850,9086400
2024-09-11 14:35:00+05:30,8.4,8.65,7.85,7.85,528000,9086400
2024-09-11 14:36:00+05:30,7.95,8.15,7.4,8,638225,9086400
2024-09-11 14:37:00+05:30,7.9,8.1,7.85,8,362225,9061600
2024-09-11 14:38:00+05:30,8,8.25,7.95,8.05,163350,9061600
2024-09-11 14:39:00+05:30,8.05,8.4,8,8.35,213175,9061600
2024-09-11 14:40:00+05:30,8.35,8.75,8,8.15,223600,9118925
2024-09-11 14:41:00+05:30,8.15,8.25,8,8.25,179425,9118925
2024-09-11 14:42:00+05:30,8.2,8.2,8,8.1,143075,9118925
2024-09-11 14:43:00+05:30,8.1,8.2,7.9,7.9,308250,9142850
2024-09-11 14:44:00+05:30,7.9,8,7.3,7.45,318625,9142850
2024-09-11 14:45:00+05:30,7.5,7.75,7.15,7.2,625675,9142850
2024-09-11 14:46:00+05:30,7.2,7.3,6.5,6.55,691500,9123225
2024-09-11 14:47:00+05:30,6.6,6.9,6.5,6.65,504775,9123225
2024-09-11 14:48:00+05:30,6.65,6.95,6.55,6.7,365625,9123225
2024-09-11 14:49:00+05:30,6.7,6.75,6.45,6.55,511325,9149350
2024-09-11 14:50:00+05:30,6.55,6.65,6.4,6.6,239875,9149350
2024-09-11 14:51:00+05:30,6.6,6.65,6,6.15,356975,9149350
2024-09-11 14:52:00+05:30,6.1,6.5,6.1,6.2,273775,9175575
2024-09-11 14:53:00+05:30,6.25,6.35,6,6.15,314225,9175575
2024-09-11 14:54:00+05:30,6.1,6.2,5.85,5.95,382025,9175575
2024-09-11 14:55:00+05:30,6,6,5.65,5.75,412425,9167950
2024-09-11 14:56:00+05:30,5.8,6,5.7,5.9,466325,9167950
2024-09-11 14:57:00+05:30,5.9,6.2,5.8,6.05,350650,9167950
2024-09-11 14:58:00+05:30,6.05,6.15,5.65,5.8,378225,9129650
2024-09-11 14:59:00+05:30,5.75,6,5.7,5.75,253500,9129650
2024-09-11 15:00:00+05:30,5.75,5.9,5.15,5.45,975750,9129650
2024-09-11 15:01:00+05:30,5.45,6.05,5.3,5.55,706275,9095875
2024-09-11 15:02:00+05:30,5.55,5.7,5.3,5.5,539700,9095875
2024-09-11 15:03:00+05:30,5.55,5.6,5.3,5.35,309650,9095875
2024-09-11 15:04:00+05:30,5.3,5.35,5.1,5.35,598825,9052450
2024-09-11 15:05:00+05:30,5.35,5.35,4.9,5,910375,9052450
2024-09-11 15:06:00+05:30,5,5.5,5,5.45,700250,9052450
2024-09-11 15:07:00+05:30,5.45,5.6,5.1,5.25,581425,9291400
2024-09-11 15:08:00+05:30,5.25,5.5,5.25,5.35,646625,9291400
2024-09-11 15:09:00+05:30,5.35,5.6,5.3,5.6,491425,9291400
2024-09-11 15:10:00+05:30,5.6,5.75,5.2,5.3,527125,9429225
2024-09-11 15:11:00+05:30,5.3,5.4,5,5,530475,9429225
2024-09-11 15:12:00+05:30,5,5.3,5,5.25,226750,9429225
2024-09-11 15:13:00+05:30,5.2,5.25,4.9,5,348150,9623150
2024-09-11 15:14:00+05:30,5,5.05,4.75,4.85,529875,9623150
2024-09-11 15:15:00+05:30,4.9,5.1,4.8,5.1,537900,9623150
2024-09-11 15:16:00+05:30,5.1,5.4,5.05,5.35,336900,9554600
2024-09-11 15:17:00+05:30,5.3,5.4,5.1,5.25,387900,9554600
2024-09-11 15:18:00+05:30,5.25,5.4,5.15,5.15,295600,9554600
2024-09-11 15:19:00+05:30,5.2,5.25,4.9,4.95,470975,9555500
2024-09-11 15:20:00+05:30,5.05,5.2,5,5.1,378250,9555500
2024-09-11 15:21:00+05:30,5.1,5.2,5,5,481725,9555500
2024-09-11 15:22:00+05:30,5,5.25,5,5.15,606425,9613100
2024-09-11 15:23:00+05:30,5.2,5.35,4.95,5.1,586950,9613100
2024-09-11 15:24:00+05:30,5.1,5.2,4.85,5.2,755800,9613100
2024-09-11 15:25:00+05:30,5.2,5.2,4.95,5.1,444250,9838075
2024-09-11 15:26:00+05:30,5.1,5.15,4.8,4.8,478650,9838075
2024-09-11 15:27:00+05:30,4.8,5.05,4.8,4.95,515775,9838075
2024-09-11 15:28:00+05:30,5,5.15,4.65,4.75,632375,10000525
2024-09-11 15:29:00+05:30,4.7,4.85,4.5,4.7,601100,10000525
2024-09-12 09:15:00+05:30,8.45,9.9,6,7.6,4669600,10295375
2024-09-12 09:16:00+05:30,7.55,9.7,7.5,8.55,4855300,10295375
2024-09-12 09:17:00+05:30,8.55,8.6,7.4,8.25,3111550,10295375
2024-09-12 09:18:00+05:30,8.25,8.35,6.85,6.9,2655950,11093125
2024-09-12 09:19:00+05:30,6.9,6.9,6.15,6.2,3112800,11093125
2024-09-12 09:20:00+05:30,6.2,6.75,5.9,6.3,3086175,11093125
2024-09-12 09:21:00+05:30,6.25,9.65,6.05,8.85,5580325,11648750
2024-09-12 09:22:00+05:30,8.7,9.7,7.7,8.4,3952750,11648750
2024-09-12 09:23:00+05:30,8.45,8.7,7.75,8.1,2248850,11648750
2024-09-12 09:24:00+05:30,8.1,8.55,7.1,8.4,2343400,12349950
2024-09-12 09:25:00+05:30,8.4,12.4,8.2,12.4,5742200,12349950
2024-09-12 09:26:00+05:30,11.75,12.8,10.2,11.65,4038600,12349950
2024-09-12 09:27:00+05:30,11.65,11.8,10.3,11.55,2358550,12408575
2024-09-12 09:28:00+05:30,11.55,14.9,10.65,10.8,4315625,12408575
2024-09-12 09:29:00+05:30,10.8,11.9,10.3,11.85,2290175,12408575
2024-09-12 09:30:00+05:30,11.85,13.9,11,12.05,4241800,12825175
2024-09-12 09:31:00+05:30,12,12.1,10,10.05,3591050,12825175
2024-09-12 09:32:00+05:30,9.95,11.6,9.6,11.25,3036850,12825175
2024-09-12 09:33:00+05:30,11.25,11.9,10.25,10.65,2239600,13104900
2024-09-12 09:34:00+05:30,10.7,10.85,9.15,9.7,2578000,13104900
2024-09-12 09:35:00+05:30,9.85,10.9,9.5,10.2,2013175,13104900
2024-09-12 09:36:00+05:30,10.2,10.45,9.85,10.15,1753700,13629400
2024-09-12 09:37:00+05:30,10.15,10.15,7.8,8.05,2851850,13629400
2024-09-12 09:38:00+05:30,8.05,8.5,7.45,8.2,1777575,13629400
2024-09-12 09:39:00+05:30,8.2,8.45,7.25,7.4,1805700,13886975
2024-09-12 09:40:00+05:30,7.35,8.4,7.3,8.15,1181025,13886975
2024-09-12 09:41:00+05:30,8.05,8.8,7.75,8.5,1433725,13886975
2024-09-12 09:42:00+05:30,8.55,8.6,7.75,8.15,1218100,14043350
2024-09-12 09:43:00+05:30,8.1,10.5,8,10.25,2261750,14043350
2024-09-12 09:44:00+05:30,10.25,11.3,9.7,10.6,2655500,14043350
2024-09-12 09:45:00+05:30,10.65,10.7,9.45,10.15,1878650,14329375
2024-09-12 09:46:00+05:30,10.2,10.2,8.95,9.5,1527750,14329375
2024-09-12 09:47:00+05:30,9.5,10.3,9.5,10.25,1051750,14329375
2024-09-12 09:48:00+05:30,10.25,12.4,10.15,12.05,3760500,14647500
2024-09-12 09:49:00+05:30,12.05,12.75,8.25,8.25,4008225,14647500
2024-09-12 09:50:00+05:30,8.45,9.25,8.15,8.85,1702250,14647500
2024-09-12 09:51:00+05:30,8.85,8.9,8.3,8.7,1148350,14651325
2024-09-12 09:52:00+05:30,8.7,8.7,7.45,7.85,2132375,14651325
2024-09-12 09:53:00+05:30,7.85,8,7.6,7.6,1088350,14651325
2024-09-12 09:54:00+05:30,7.55,8.45,7.45,7.65,2618950,14826225
2024-09-12 09:55:00+05:30,7.6,8.4,7.35,8.2,2099575,14826225
2024-09-12 09:56:00+05:30,8.2,9.15,8.1,8.85,1758300,14826225
2024-09-12 09:57:00+05:30,8.85,9.25,8.5,8.9,1595950,15104650
2024-09-12 09:58:00+05:30,8.9,9,7.8,7.85,1518875,15104650
2024-09-12 09:59:00+05:30,7.85,8,7.05,7.15,2811750,15104650
2024-09-12 10:00:00+05:30,7.3,7.3,6.85,6.9,2523450,15271825
2024-09-12 10:01:00+05:30,6.9,7.45,6.65,7.35,1918850,15271825
2024-09-12 10:02:00+05:30,7.3,7.5,6.65,6.85,1537225,15271825
2024-09-12 10:03:00+05:30,6.8,7.4,6.75,7.25,1243700,15295775
2024-09-12 10:04:00+05:30,7.25,8.05,7.15,7.75,1991550,15295775
2024-09-12 10:05:00+05:30,7.75,10.1,7.7,10.1,4078050,15295775
2024-09-12 10:06:00+05:30,10.05,10.05,8.55,9.1,2659550,15277325
2024-09-12 10:07:00+05:30,9.1,9.45,7.95,8.45,2349075,15277325
2024-09-12 10:08:00+05:30,8.45,9.4,8.15,8.45,1860375,15277325
2024-09-12 10:09:00+05:30,8.45,9.75,8.45,8.85,2176000,15940375
2024-09-12 10:10:00+05:30,8.8,9.55,8.45,8.9,1472575,15940375
2024-09-12 10:11:00+05:30,8.9,11.1,8.85,9.9,3317600,15940375
2024-09-12 10:12:00+05:30,9.85,9.85,8.35,8.8,2060725,16456950
2024-09-12 10:13:00+05:30,8.8,8.85,7.95,8.3,1673650,16456950
2024-09-12 10:14:00+05:30,8.25,8.85,8.05,8.15,1167350,16456950
2024-09-12 10:15:00+05:30,8.15,8.85,8,8.65,1037850,16578150
2024-09-12 10:16:00+05:30,8.65,8.8,7.6,8.5,2044725,16578150
2024-09-12 10:17:00+05:30,8.45,8.5,7.85,8.05,1087925,16578150
2024-09-12 10:18:00+05:30,8.05,8.3,7.8,8.05,1094075,16576750
2024-09-12 10:19:00+05:30,8.05,8.15,7.65,8,1157275,16576750
2024-09-12 10:20:00+05:30,8,8.35,7.75,8.2,854300,16576750
2024-09-12 10:21:00+05:30,8.2,8.2,7.85,8.1,1216625,16688725
2024-09-12 10:22:00+05:30,8.1,8.45,7.7,8.05,1386050,16688725
2024-09-12 10:23:00+05:30,8.05,8.55,7.7,8.5,1838425,16688725
2024-09-12 10:24:00+05:30,8.5,9.4,8.4,8.5,2600500,16431850
2024-09-12 10:25:00+05:30,8.5,9.2,8.45,9.05,1403325,16431850
2024-09-12 10:26:00+05:30,9.05,9.65,8.7,9.2,2292425,16431850
2024-09-12 10:27:00+05:30,9.2,9.65,8.95,9.25,1293475,16039525
2024-09-12 10:28:00+05:30,9.25,9.4,8.65,8.75,1264900,16039525
2024-09-12 10:29:00+05:30,8.75,9,8.35,9,1143100,16039525
2024-09-12 10:30:00+05:30,9,9,8.05,8.15,1982350,16226800
2024-09-12 10:31:00+05:30,8.15,8.35,7.45,8.25,2643025,16226800
2024-09-12 10:32:00+05:30,8.25,8.95,8.1,8.1,1344775,16226800
2024-09-12 10:33:00+05:30,8.2,9,8.2,8.8,1260625,16320850
2024-09-12 10:34:00+05:30,8.8,8.9,7.8,8.5,1955900,16320850
2024-09-12 10:35:00+05:30,8.5,9.5,8.35,9.5,1804450,16320850
2024-09-12 10:36:00+05:30,9.5,10.25,9.05,9.5,2250500,16503900
2024-09-12 10:37:00+05:30,9.5,11.85,9.5,10.15,3449700,16503900
2024-09-12 10:38:00+05:30,10.15,10.9,9.35,9.85,2067800,16503900
2024-09-12 10:39:00+05:30,9.9,10.5,9.25,10,1342700,16458925
2024-09-12 10:40:00+05:30,10,10.75,9.1,9.45,1568425,16458925
2024-09-12 10:41:00+05:30,9.5,9.85,8.65,8.95,1362950,16458925
2024-09-12 10:42:00+05:30,8.95,8.95,7.3,7.5,3061850,16577050
2024-09-12 10:43:00+05:30,7.5,7.65,6.95,7.4,2457800,16577050
2024-09-12 10:44:00+05:30,7.4,7.6,6.9,6.9,1969025,16577050
2024-09-12 10:45:00+05:30,7.1,7.5,6.9,7.3,1702375,17215800
2024-09-12 10:46:00+05:30,7.3,7.3,6.7,7,1572050,17215800
2024-09-12 10:47:00+05:30,7,7.2,6.8,6.95,1436350,17215800
2024-09-12 10:48:00+05:30,6.95,6.95,6.5,6.7,1977000,17551675
2024-09-12 10:49:00+05:30,6.7,6.8,6.35,6.4,1173325,17551675
2024-09-12 10:50:00+05:30,6.4,7.1,6.35,7.05,1552075,17551675
2024-09-12 10:51:00+05:30,7.05,7.45,6.9,7.1,1692275,17398375
2024-09-12 10:52:00+05:30,7.1,7.15,5.2,5.2,2596225,17398375
2024-09-12 10:53:00+05:30,5.3,5.55,4.75,5.2,3069125,17398375
2024-09-12 10:54:00+05:30,5.2,5.5,4.65,4.75,2211550,17161250
2024-09-12 10:55:00+05:30,4.75,4.8,4.5,4.55,2031475,17161250
2024-09-12 10:56:00+05:30,4.55,4.9,4.4,4.55,2037025,17161250
2024-09-12 10:57:00+05:30,4.55,4.75,4.4,4.65,1266225,17392225
2024-09-12 10:58:00+05:30,4.65,4.95,4.5,4.75,1181800,17392225
2024-09-12 10:59:00+05:30,4.8,4.95,4.4,4.75,1496500,17392225
2024-09-12 11:00:00+05:30,4.75,4.8,4.4,4.75,2013225,17725500
2024-09-12 11:01:00+05:30,4.8,4.85,4.25,4.35,1231875,17725500
2024-09-12 11:02:00+05:30,4.35,4.55,4.15,4.3,1896500,17725500
2024-09-12 11:03:00+05:30,4.3,4.35,3.9,4.2,1827550,18264125
2024-09-12 11:04:00+05:30,4.2,4.25,3.85,4.05,1384800,18264125
2024-09-12 11:05:00+05:30,4.05,4.45,3.9,4.4,1155900,18264125
2024-09-12 11:06:00+05:30,4.35,5.6,4.35,5.6,1738825,18199050
2024-09-12 11:07:00+05:30,5.5,5.7,5,5.55,2000125,18199050
2024-09-12 11:08:00+05:30,5.55,6.25,5.3,5.95,2060475,18199050
2024-09-12 11:09:00+05:30,5.95,6.3,5.4,6.3,1362000,18349425
2024-09-12 11:10:00+05:30,6.2,6.7,5.9,6.25,2345100,18349425
2024-09-12 11:11:00+05:30,6.25,6.25,5.4,6.05,1866525,18349425
2024-09-12 11:12:00+05:30,6.05,6.4,5.7,5.9,1018550,18424350
2024-09-12 11:13:00+05:30,5.9,6.15,5.55,5.9,761800,18424350
2024-09-12 11:14:00+05:30,5.9,6.05,5.55,5.85,748300,18424350
2024-09-12 11:15:00+05:30,5.85,5.95,5.5,5.8,1061025,18537150
2024-09-12 11:16:00+05:30,5.8,5.85,5.3,5.85,1151625,18537150
2024-09-12 11:17:00+05:30,5.85,6.45,5.8,6.25,1645375,18537150
2024-09-12 11:18:00+05:30,6.15,6.7,6.15,6.55,1335250,17944675
2024-09-12 11:19:00+05:30,6.55,7.05,6.45,6.85,1528475,17944675
2024-09-12 11:20:00+05:30,6.85,10.5,6.65,10.5,3589200,17944675
2024-09-12 11:21:00+05:30,10.2,10.65,7.2,8.3,4738525,17242475
2024-09-12 11:22:00+05:30,8.3,8.55,7.15,7.45,1955525,17242475
2024-09-12 11:23:00+05:30,7.45,7.7,6.75,6.8,1336450,17242475
2024-09-12 11:24:00+05:30,6.8,7.15,6.2,6.55,1763425,17166850
2024-09-12 11:25:00+05:30,6.55,7.3,6.2,7.3,4325750,17166850
2024-09-12 11:26:00+05:30,7.3,8,5.8,6.15,6455125,17166850
2024-09-12 11:27:00+05:30,6.05,6.2,5.65,5.95,3042925,17694200
2024-09-12 11:28:00+05:30,5.9,6.1,5.35,5.35,2609425,17694200
2024-09-12 11:29:00+05:30,5.4,5.7,5.15,5.35,2725150,17694200
2024-09-12 11:30:00+05:30,5.4,5.95,5.35,5.6,2734475,18041875
2024-09-12 11:31:00+05:30,5.65,5.75,5.4,5.6,2185475,18041875
2024-09-12 11:32:00+05:30,5.65,5.9,5.4,5.55,1867575,18041875
2024-09-12 11:33:00+05:30,5.55,5.6,5.15,5.5,1311300,18635700
2024-09-12 11:34:00+05:30,5.5,5.55,5.25,5.4,956200,18635700
2024-09-12 11:35:00+05:30,5.45,6.1,5.4,6.1,1327550,18635700
2024-09-12 11:36:00+05:30,6,6.9,5.85,6.35,1871425,18833400
2024-09-12 11:37:00+05:30,6.5,9.4,6.4,9.4,4990275,18833400
2024-09-12 11:38:00+05:30,9.1,9.1,6.95,7.25,3182600,18833400
2024-09-12 11:39:00+05:30,7.25,8.25,6.75,7.95,1825025,18986450
2024-09-12 11:40:00+05:30,7.95,8.7,7.6,8,1462825,18986450
2024-09-12 11:41:00+05:30,7.95,8.9,7.4,7.75,1552625,18986450
2024-09-12 11:42:00+05:30,7.75,8.6,7.65,8.1,1219200,19165150
2024-09-12 11:43:00+05:30,8.1,8.35,7.8,8.1,942850,19165150
2024-09-12 11:44:00+05:30,8.1,8.2,7.25,8.15,1590275,19165150
2024-09-12 11:45:00+05:30,8.15,9.3,7.55,7.9,2997475,19015425
2024-09-12 11:46:00+05:30,7.9,8.5,7.9,8,1241175,19015425
2024-09-12 11:47:00+05:30,8,8.1,6.9,7.25,1595125,19015425
2024-09-12 11:48:00+05:30,7.25,7.35,6.75,7.1,1221025,19252250
2024-09-12 11:49:00+05:30,7.1,7.1,6.1,6.1,1530750,19252250
2024-09-12 11:50:00+05:30,6.1,6.3,5.6,6,1760800,19252250
2024-09-12 11:51:00+05:30,6,6.25,5.8,5.85,1197725,18994475
2024-09-12 11:52:00+05:30,5.85,6.25,5.85,6,678950,18994475
2024-09-12 11:53:00+05:30,6,6.55,5.9,6.35,1102175,18994475
2024-09-12 11:54:00+05:30,6.35,6.8,6.25,6.75,862900,19158475
2024-09-12 11:55:00+05:30,6.7,7.2,6.6,7.15,932800,19158475
2024-09-12 11:56:00+05:30,7.15,7.3,6.65,6.8,1382650,19158475
2024-09-12 11:57:00+05:30,6.9,7.75,6.9,7.6,1465900,19114250
2024-09-12 11:58:00+05:30,7.55,8.3,7.5,8.25,1678825,19114250
2024-09-12 11:59:00+05:30,8.3,8.6,8,8.2,1298600,19114250
2024-09-12 12:00:00+05:30,8.2,8.8,8,8.05,2164750,18127725
2024-09-12 12:01:00+05:30,8.05,9.25,8.05,8.9,1401150,18127725
2024-09-12 12:02:00+05:30,8.9,9.25,8.2,8.55,1495275,18127725
2024-09-12 12:03:00+05:30,8.75,9.25,8.5,8.8,1146725,18226900
2024-09-12 12:04:00+05:30,8.85,9.65,8.3,8.4,1629125,18226900
2024-09-12 12:05:00+05:30,8.4,9.5,8.3,9.35,1407900,18226900
2024-09-12 12:06:00+05:30,9.2,9.3,7.5,7.95,1930800,18117375
2024-09-12 12:07:00+05:30,7.95,8.55,7.85,8.1,903050,18117375
2024-09-12 12:08:00+05:30,8.15,8.9,8.15,8.75,610850,18117375
2024-09-12 12:09:00+05:30,8.75,9.75,8.65,9.6,1747450,18189275
2024-09-12 12:10:00+05:30,9.5,10.7,9.1,9.55,2271050,18189275
2024-09-12 12:11:00+05:30,9.55,10.1,8.6,10.1,1737075,18189275
2024-09-12 12:12:00+05:30,10.1,10.1,9.1,9.55,1254125,18148125
2024-09-12 12:13:00+05:30,9.55,11.1,9.55,10.1,1977850,18148125
2024-09-12 12:14:00+05:30,10.1,10.9,9.75,10.15,1585725,18148125
2024-09-12 12:15:00+05:30,10.15,11.35,9.65,10.5,1786125,18104900
2024-09-12 12:16:00+05:30,10.5,10.5,8.5,9,1968925,18104900
2024-09-12 12:17:00+05:30,9.05,9.7,8.95,9.35,947825,18104900
2024-09-12 12:18:00+05:30,9.35,9.9,9.15,9.65,925875,18215650
2024-09-12 12:19:00+05:30,9.5,9.5,8.6,8.85,1114400,18215650
2024-09-12 12:20:00+05:30,8.85,8.85,7.5,8.1,2010075,18215650
2024-09-12 12:21:00+05:30,8.15,8.15,7.5,7.8,1305025,18174450
2024-09-12 12:22:00+05:30,7.85,7.85,6.85,7.3,2668600,18174450
2024-09-12 12:23:00+05:30,7.25,7.85,7.15,7.65,2110475,18174450
2024-09-12 12:24:00+05:30,7.7,7.9,7.3,7.55,1081625,18055150
2024-09-12 12:25:00+05:30,7.5,7.8,7.3,7.6,769100,18055150
2024-09-12 12:26:00+05:30,7.6,7.75,7.25,7.65,1149625,18055150
2024-09-12 12:27:00+05:30,7.7,8.35,7.6,8.2,1657775,18131300
2024-09-12 12:28:00+05:30,8.1,8.3,7.55,7.55,1312000,18131300
2024-09-12 12:29:00+05:30,7.55,7.7,5.8,5.85,2413550,18131300
2024-09-12 12:30:00+05:30,5.85,6.2,5.55,5.95,2198700,18059375
2024-09-12 12:31:00+05:30,5.9,5.9,5.2,5.25,1731050,18059375
2024-09-12 12:32:00+05:30,5.25,5.65,5.15,5.55,1228550,18059375
2024-09-12 12:33:00+05:30,5.5,5.8,5.35,5.7,1195025,17935500
2024-09-12 12:34:00+05:30,5.75,6.05,5.45,5.95,1234800,17935500
2024-09-12 12:35:00+05:30,5.95,6.4,5.85,6.25,929275,17935500
2024-09-12 12:36:00+05:30,6.25,6.8,6.15,6.7,1022125,18096600
2024-09-12 12:37:00+05:30,6.7,7.4,6.6,7.15,1604675,18096600
2024-09-12 12:38:00+05:30,7.15,7.95,7.05,7.8,1857750,18096600
2024-09-12 12:39:00+05:30,7.8,8.4,7.45,7.75,2297225,18468100
2024-09-12 12:40:00+05:30,7.8,8.35,7.6,7.95,1411125,18468100
2024-09-12 12:41:00+05:30,7.95,8.2,7.5,7.8,1195325,18468100
2024-09-12 12:42:00+05:30,7.7,8.1,7.1,7.8,1516225,18782400
2024-09-12 12:43:00+05:30,7.9,8.45,7.7,8.45,1236450,18782400
2024-09-12 12:44:00+05:30,8.45,8.95,8.25,8.7,1870825,18782400
2024-09-12 12:45:00+05:30,8.7,8.7,7.3,7.4,1280975,18866700
2024-09-12 12:46:00+05:30,7.4,7.5,6.4,6.9,1517750,18866700
2024-09-12 12:47:00+05:30,6.9,7.2,6.55,7,708425,18866700
2024-09-12 12:48:00+05:30,7,7,6.2,6.3,1048300,18913325
2024-09-12 12:49:00+05:30,6.3,6.5,5.8,6.15,1301475,18913325
2024-09-12 12:50:00+05:30,6.15,6.6,6.1,6.45,811400,18913325
2024-09-12 12:51:00+05:30,6.4,6.85,6.35,6.6,704325,18913325
2024-09-12 12:52:00+05:30,6.6,6.65,6.4,6.6,471550,19059550
2024-09-12 12:53:00+05:30,6.55,6.6,6.2,6.25,711400,19059550
2024-09-12 12:54:00+05:30,6.3,6.6,5.9,6.55,1303375,19059550
2024-09-12 12:55:00+05:30,6.55,6.95,6.5,6.9,682575,18951775
2024-09-12 12:56:00+05:30,6.9,7.1,6.75,6.75,1298525,18951775
2024-09-12 12:57:00+05:30,6.75,7.55,6.3,7.45,1295725,18951775
2024-09-12 12:58:00+05:30,7.25,7.95,7.2,7.6,1472100,19042500
2024-09-12 12:59:00+05:30,7.65,8,7.2,7.95,1076200,19042500
2024-09-12 13:00:00+05:30,7.9,8.4,7.15,7.6,1431025,19042500
2024-09-12 13:01:00+05:30,7.4,7.5,6.85,7.4,2044275,19341300
2024-09-12 13:02:00+05:30,7.45,8.3,7.45,7.95,1197750,19341300
2024-09-12 13:03:00+05:30,8,8.8,7.45,8.45,1482350,19341300
2024-09-12 13:04:00+05:30,8.45,9.7,8.15,9.2,2593150,18858550
2024-09-12 13:05:00+05:30,9.2,10.85,7.5,8,5615700,18858550
2024-09-12 13:06:00+05:30,8,8.9,6.75,7,2592350,18858550
2024-09-12 13:07:00+05:30,7,7.15,5.55,5.7,2547775,18924550
2024-09-12 13:08:00+05:30,5.7,5.7,5.3,5.55,2026450,18924550
2024-09-12 13:09:00+05:30,5.65,6.1,5.55,5.7,1554900,18924550
2024-09-12 13:10:00+05:30,5.7,6.35,5.4,6.15,1105750,18860200
2024-09-12 13:11:00+05:30,6.15,6.35,5.1,5.3,1769975,18860200
2024-09-12 13:12:00+05:30,5.3,5.7,5.1,5.35,1166175,18860200
2024-09-12 13:13:00+05:30,5.35,5.6,5.1,5.4,1067300,18819850
2024-09-12 13:14:00+05:30,5.4,5.55,5.15,5.15,1335075,18819850
2024-09-12 13:15:00+05:30,5.2,5.2,3.9,4,3025050,18819850
2024-09-12 13:16:00+05:30,4,4.25,3.7,4.25,2981725,18897625
2024-09-12 13:17:00+05:30,4.15,4.25,4,4.2,2056925,18897625
2024-09-12 13:18:00+05:30,4.2,4.5,4.1,4.1,1606525,18897625
2024-09-12 13:19:00+05:30,4.15,4.15,2.8,2.9,3690775,19182450
2024-09-12 13:20:00+05:30,2.95,3.15,2.75,3,2944125,19182450
2024-09-12 13:21:00+05:30,3,3.65,3,3.5,2870750,19182450
2024-09-12 13:22:00+05:30,3.45,3.95,3.1,3.1,2334875,18557450
2024-09-12 13:23:00+05:30,3.2,4.3,3.2,4.25,2885400,18557450
2024-09-12 13:24:00+05:30,4.25,4.85,3.85,4.3,2810800,18557450
2024-09-12 13:25:00+05:30,4.3,5.35,4.15,4.4,3041225,18612575
2024-09-12 13:26:00+05:30,4.4,5.75,4.1,4.25,3496275,18612575
2024-09-12 13:27:00+05:30,4.3,5.2,4.3,4.8,1458875,18612575
2024-09-12 13:28:00+05:30,4.7,4.75,3.8,3.95,1899475,19138875
2024-09-12 13:29:00+05:30,3.95,4.1,3.05,3.15,2146925,19138875
2024-09-12 13:30:00+05:30,3.05,3.5,3,3.05,2268350,19138875
2024-09-12 13:31:00+05:30,3.1,3.55,3,3.35,1588375,18804400
2024-09-12 13:32:00+05:30,3.25,3.45,2.6,2.65,1831625,18804400
2024-09-12 13:33:00+05:30,2.65,2.9,2.4,2.5,2601550,18804400
2024-09-12 13:34:00+05:30,2.5,2.7,2.25,2.3,2102450,18208350
2024-09-12 13:35:00+05:30,2.25,2.5,2.2,2.35,2090225,18208350
2024-09-12 13:36:00+05:30,2.35,2.45,2.2,2.25,2104250,18208350
2024-09-12 13:37:00+05:30,2.3,2.7,2.3,2.55,2169450,18156325
2024-09-12 13:38:00+05:30,2.5,2.55,2.05,2.1,2686650,18156325
2024-09-12 13:39:00+05:30,2.1,2.15,1.75,1.8,3492350,18156325
2024-09-12 13:40:00+05:30,1.75,1.8,1.5,1.6,3069250,17275150
2024-09-12 13:41:00+05:30,1.6,1.75,1.55,1.7,2468700,17275150
2024-09-12 13:42:00+05:30,1.7,1.85,1.5,1.5,2548950,17275150
2024-09-12 13:43:00+05:30,1.5,1.75,1.5,1.7,1734825,16811900
2024-09-12 13:44:00+05:30,1.7,1.95,1.7,1.85,2410425,16811900
2024-09-12 13:45:00+05:30,1.85,2.45,1.8,2.2,2991175,16811900
2024-09-12 13:46:00+05:30,2.2,2.65,2.15,2.65,2584650,16688675
2024-09-12 13:47:00+05:30,2.65,2.8,1.95,2,3378825,16688675
2024-09-12 13:48:00+05:30,2,2.4,1.8,2.3,2018275,16688675
2024-09-12 13:49:00+05:30,2.3,2.8,2.1,2.4,3648050,16483325
2024-09-12 13:50:00+05:30,2.4,2.45,2.1,2.15,1984250,16483325
2024-09-12 13:51:00+05:30,2.15,2.15,1.8,2,2411250,16483325
2024-09-12 13:52:00+05:30,2,2.4,1.9,2,1825775,16635325
2024-09-12 13:53:00+05:30,2.05,2.15,1.85,2,1949825,16635325
2024-09-12 13:54:00+05:30,2,2.05,1.75,1.95,1575625,16635325
2024-09-12 13:55:00+05:30,2,2.1,1.8,1.95,1236150,16648700
2024-09-12 13:56:00+05:30,1.9,2,1.8,1.95,1319700,16648700
2024-09-12 13:57:00+05:30,1.95,2.35,1.9,2.25,2098750,16648700
2024-09-12 13:58:00+05:30,2.2,2.9,2.2,2.3,3823900,16641625
2024-09-12 13:59:00+05:30,2.35,4.65,2,3.05,9680200,16641625
2024-09-12 14:00:00+05:30,2.9,6.35,2.85,6.35,13865250,16641625
2024-09-12 14:01:00+05:30,6.35,27.05,6.35,16.75,21430350,16471950
2024-09-12 14:02:00+05:30,17.05,23.65,11.35,12.5,18003425,16471950
2024-09-12 14:03:00+05:30,12.95,19.8,12.15,13.95,13204950,16471950
2024-09-12 14:04:00+05:30,14.4,22.4,14.35,22.4,14549225,16625125
2024-09-12 14:05:00+05:30,22.4,42.8,22.4,42.8,22331925,16625125
2024-09-12 14:06:00+05:30,40.75,46,33.75,37.85,14379200,16625125
2024-09-12 14:07:00+05:30,37.85,47.9,27.9,47.9,13627825,16790200
2024-09-12 14:08:00+05:30,44.95,46.45,31.75,32.85,12523175,16790200
2024-09-12 14:09:00+05:30,33.25,48.8,30.6,42.8,13332475,16790200
2024-09-12 14:10:00+05:30,42.5,54.9,37.85,42.7,12741250,17388425
2024-09-12 14:11:00+05:30,42.7,49.35,40.15,45.35,8591875,17388425
2024-09-12 14:12:00+05:30,44.9,57,44.9,47.35,10428575,17388425
2024-09-12 14:13:00+05:30,47.35,50.6,41.25,41.75,6621450,17101625
2024-09-12 14:14:00+05:30,41.75,49.95,35.15,37.4,7648025,17101625
2024-09-12 14:15:00+05:30,37.4,46.3,36.85,37.2,7071250,17101625
2024-09-12 14:16:00+05:30,37.15,47.65,36.25,43,7250500,18390275
2024-09-12 14:17:00+05:30,42.9,44.25,31.5,35.4,7755775,18390275
2024-09-12 14:18:00+05:30,35.5,47.15,35.5,43.55,7845300,18390275
2024-09-12 14:19:00+05:30,43.5,48.95,38.55,41.45,6392925,18920000
2024-09-12 14:20:00+05:30,41.35,45.75,36.5,38.1,4882750,18920000
2024-09-12 14:21:00+05:30,38.1,48.6,38.1,47.1,5691125,18920000
2024-09-12 14:22:00+05:30,47.8,63.1,47.35,61.45,11152300,18481475
2024-09-12 14:23:00+05:30,61.2,68,57.85,62.95,6377650,18481475
2024-09-12 14:24:00+05:30,63.35,63.6,50.95,50.95,4462625,18481475
2024-09-12 14:25:00+05:30,50.95,51.85,41.25,47.15,5605575,17305800
2024-09-12 14:26:00+05:30,47.15,53,46,50.65,3645475,17305800
2024-09-12 14:27:00+05:30,50.15,53.95,45.3,46.6,2772125,17305800
2024-09-12 14:28:00+05:30,47.25,49.05,43.5,47,2892100,17536325
2024-09-12 14:29:00+05:30,46.7,55.45,46.55,53.65,4076425,17536325
2024-09-12 14:30:00+05:30,53.75,64.5,53.65,62.4,5501625,17536325
2024-09-12 14:31:00+05:30,62.3,62.7,53.05,55.95,3323025,16592775
2024-09-12 14:32:00+05:30,55.95,56.95,47.55,56.7,3377125,16592775
2024-09-12 14:33:00+05:30,56.6,60.05,52.6,56.8,3393550,16592775
2024-09-12 14:34:00+05:30,56.85,62.05,52.95,55.15,2764175,16325575
2024-09-12 14:35:00+05:30,55.3,55.3,48.3,50.2,2794475,16325575
2024-09-12 14:36:00+05:30,50.2,55.5,46,52.05,3204350,16325575
2024-09-12 14:37:00+05:30,52.05,61.4,51.75,58,3917125,16402975
2024-09-12 14:38:00+05:30,58,59.4,53.2,56.85,2142325,16402975
2024-09-12 14:39:00+05:30,56.85,56.85,49.4,50.9,2537950,16402975
2024-09-12 14:40:00+05:30,50.9,52.6,46.65,48.35,2582275,16069900
2024-09-12 14:41:00+05:30,48.35,52.1,44,49.15,3414575,16069900
2024-09-12 14:42:00+05:30,49.2,53.5,44.05,52,3480400,16069900
2024-09-12 14:43:00+05:30,52,52.25,44.6,51.65,2561550,15889550
2024-09-12 14:44:00+05:30,51.65,56.2,49.25,51.45,3650975,15889550
2024-09-12 14:45:00+05:30,51.25,61.45,49.1,61.15,3315700,15889550
2024-09-12 14:46:00+05:30,61.45,78.4,58.55,75.55,7213850,14946800
2024-09-12 14:47:00+05:30,75.3,94,75.3,87.1,5791550,14946800
2024-09-12 14:48:00+05:30,86.85,102,86.85,97.3,4276275,14946800
2024-09-12 14:49:00+05:30,97.65,107,95.9,103.05,2854850,13294825
2024-09-12 14:50:00+05:30,104.35,126.4,104.35,117.75,3577075,13294825
2024-09-12 14:51:00+05:30,117.25,120.45,106.95,115.85,1940250,13294825
2024-09-12 14:52:00+05:30,115.35,115.65,104.55,108.05,1236475,12297625
2024-09-12 14:53:00+05:30,107.35,128.7,103,127.1,2394300,12297625
2024-09-12 14:54:00+05:30,127.1,129.8,106.85,113.2,1758300,12297625
2024-09-12 14:55:00+05:30,113.05,117.3,106.1,112.5,1000200,11859675
2024-09-12 14:56:00+05:30,111.45,117.45,108.05,114.8,740825,11859675
2024-09-12 14:57:00+05:30,115.7,123.25,112.75,119.4,1081300,11859675
2024-09-12 14:58:00+05:30,119.4,137.35,118.35,132.8,1777175,11527950
2024-09-12 14:59:00+05:30,131.75,139.7,122.55,133.55,1235275,11527950
2024-09-12 15:00:00+05:30,135.95,168.2,135.95,160.8,2051500,11527950
2024-09-12 15:01:00+05:30,160.8,182.4,151.7,179.85,1463750,10971300
2024-09-12 15:02:00+05:30,178.85,207.95,178.45,200.05,1531700,10971300
2024-09-12 15:03:00+05:30,200.05,203.85,191.65,195.25,993000,10971300
2024-09-12 15:04:00+05:30,194.75,213.1,193.85,211.05,857825,10229100
2024-09-12 15:05:00+05:30,210.2,223.7,210.2,218.75,777525,10229100
2024-09-12 15:06:00+05:30,218,218.65,193.55,196.55,925275,10229100
2024-09-12 15:07:00+05:30,196.4,214.25,196.4,214.1,481575,9671600
2024-09-12 15:08:00+05:30,213.5,218.45,208.15,211.7,423500,9671600
2024-09-12 15:09:00+05:30,210.7,213.85,205.25,211.7,418600,9671600
2024-09-12 15:10:00+05:30,211.1,212.3,203.35,204.8,621125,9345100
2024-09-12 15:11:00+05:30,204.75,207.3,200.2,201.1,376250,9345100
2024-09-12 15:12:00+05:30,201.55,207.95,201.55,207,310200,9345100
2024-09-12 15:13:00+05:30,206.9,209,205,206.3,241700,8802900
2024-09-12 15:14:00+05:30,206.4,213,205.4,211.8,205800,8802900
2024-09-12 15:15:00+05:30,210.7,210.75,204.45,204.75,288050,8802900
2024-09-12 15:16:00+05:30,204.75,204.8,195.05,196.5,433925,8557000
2024-09-12 15:17:00+05:30,196.9,196.9,190.9,192.05,321700,8557000
2024-09-12 15:18:00+05:30,192.25,194.15,190.05,192.5,162650,8557000
2024-09-12 15:19:00+05:30,192.85,195.25,189.5,191,401275,8288900
2024-09-12 15:20:00+05:30,191.5,191.9,189.15,189.15,314850,8288900
2024-09-12 15:21:00+05:30,189.05,190.4,186.1,188.8,297550,8288900
2024-09-12 15:22:00+05:30,188.8,188.8,186.25,187.95,298325,7989200
2024-09-12 15:23:00+05:30,187.5,189.45,187.5,188.8,220400,7989200
2024-09-12 15:24:00+05:30,188.25,189.4,188.2,188.75,150000,7989200
2024-09-12 15:25:00+05:30,188.75,190.05,188.5,189.4,289275,7701875
2024-09-12 15:26:00+05:30,189.65,190.75,189,190.5,239925,7701875
2024-09-12 15:27:00+05:30,190.4,190.65,189.75,190.2,246600,7701875
2024-09-12 15:28:00+05:30,190.15,190.2,188.55,188.75,204050,7128100
2024-09-12 15:29:00+05:30,188.75,189.75,188.75,189.1,229375,7128100
