2024-09-10 09:15:00+05:30,59,59,47.45,48.55,1033675,5250700
2024-09-10 09:16:00+05:30,48.4,51.95,48.3,51.15,832175,5250700
2024-09-10 09:17:00+05:30,50.9,50.9,46.2,46.45,537975,5250700
2024-09-10 09:18:00+05:30,45.65,46.5,43.85,44.75,543725,5512325
2024-09-10 09:19:00+05:30,44.9,46.8,44.15,45.6,402525,5512325
2024-09-10 09:20:00+05:30,44.85,47,44.3,46.1,480950,5512325
2024-09-10 09:21:00+05:30,46.3,47.35,45.05,46.1,429800,5697175
2024-09-10 09:22:00+05:30,46.1,47.2,45.3,46.4,237825,5697175
2024-09-10 09:23:00+05:30,46.4,48.45,46.15,46.95,326000,5697175
2024-09-10 09:24:00+05:30,46.9,49.5,46.05,49.05,353175,5838875
2024-09-10 09:25:00+05:30,49,49,45.2,47.9,333500,5838875
2024-09-10 09:26:00+05:30,47.8,48.4,44.2,44.25,345250,5838875
2024-09-10 09:27:00+05:30,44.3,45.75,41.4,42.8,319525,5980075
2024-09-10 09:28:00+05:30,43.65,46,43.35,45.7,280425,5980075
2024-09-10 09:29:00+05:30,45.75,46.2,44.3,45.95,290275,5980075
2024-09-10 09:30:00+05:30,45.7,46.2,43.7,43.8,505300,5935775
2024-09-10 09:31:00+05:30,43.95,44.75,42.85,43.85,153150,5935775
2024-09-10 09:32:00+05:30,43.75,43.85,40.7,41.25,265100,5935775
2024-09-10 09:33:00+05:30,41.6,42.2,40.25,41.4,196700,5919650
2024-09-10 09:34:00+05:30,41.8,41.95,38.7,39.3,397750,5919650
2024-09-10 09:35:00+05:30,39.55,40.95,38.2,40.35,297925,5919650
2024-09-10 09:36:00+05:30,40.5,40.5,38,38.35,269450,6219575
2024-09-10 09:37:00+05:30,38.6,38.9,37,37,355525,6219575
2024-09-10 09:38:00+05:30,37.5,39.1,36.8,38.35,283350,6219575
2024-09-10 09:39:00+05:30,38.3,38.7,37.2,37.35,231925,6363025
2024-09-10 09:40:00+05:30,37.05,38.05,35.75,36.15,291900,6363025
2024-09-10 09:41:00+05:30,36.35,37.55,35.4,36.8,233400,6363025
2024-09-10 09:42:00+05:30,37.2,37.85,35.3,37.5,248850,6483275
2024-09-10 09:43:00+05:30,37.5,38.2,36.15,36.45,277225,6483275
2024-09-10 09:44:00+05:30,36.55,37,35.6,35.9,138825,6483275
2024-09-10 09:45:00+05:30,36,36.4,34.35,35.1,306325,6583775
2024-09-10 09:46:00+05:30,34.9,35.3,33.6,34,425275,6583775
2024-09-10 09:47:00+05:30,34.15,35.4,33.1,33.6,272650,6583775
2024-09-10 09:48:00+05:30,33.8,35,33.7,34.15,230525,6623600
2024-09-10 09:49:00+05:30,34.2,34.3,32.1,32.65,299875,6623600
2024-09-10 09:50:00+05:30,32.85,34.75,32.25,34.65,258975,6623600
2024-09-10 09:51:00+05:30,34.35,34.75,33.65,34.2,169150,6703250
2024-09-10 09:52:00+05:30,34.25,36,33.3,33.3,560150,6703250
2024-09-10 09:53:00+05:30,33.65,34.2,32.5,32.9,339125,6703250
2024-09-10 09:54:00+05:30,32.95,32.95,31.25,31.8,390375,7045450
2024-09-10 09:55:00+05:30,31.8,33.1,31.8,32.7,259450,7045450
2024-09-10 09:56:00+05:30,32.5,32.9,31.9,31.9,162175,7045450
2024-09-10 09:57:00+05:30,31.75,32.3,30.75,31.95,226125,7132925
2024-09-10 09:58:00+05:30,32.15,32.55,31.4,32.1,227850,7132925
2024-09-10 09:59:00+05:30,32,32.1,30.25,31.1,211200,7132925
2024-09-10 10:00:00+05:30,31.05,31.05,29.05,29.3,297600,7246400
2024-09-10 10:01:00+05:30,29.5,29.5,28.1,29.2,329725,7246400
2024-09-10 10:02:00+05:30,29.1,30.65,29.1,29.55,203900,7246400
2024-09-10 10:03:00+05:30,29.6,30.45,29.25,30.15,145550,7337825
2024-09-10 10:04:00+05:30,30.15,31.4,29.8,31.25,139650,7337825
2024-09-10 10:05:00+05:30,31.35,31.8,30.5,31.35,245100,7337825
2024-09-10 10:06:00+05:30,31.3,31.6,29.7,29.7,147275,7425700
2024-09-10 10:07:00+05:30,29.75,30,28.7,29.45,173800,7425700
2024-09-10 10:08:00+05:30,29.6,30.15,29,29.6,97225,7425700
2024-09-10 10:09:00+05:30,29.5,30.4,29.5,29.85,138700,7481450
2024-09-10 10:10:00+05:30,29.9,29.9,28.6,28.65,89075,7481450
2024-09-10 10:11:00+05:30,28.6,28.95,27.25,27.9,245550,7481450
2024-09-10 10:12:00+05:30,27.9,28.75,26.3,27,288375,7537950
2024-09-10 10:13:00+05:30,27.15,27.95,27.1,27.7,155425,7537950
2024-09-10 10:14:00+05:30,27.7,28.15,27.1,28,114325,7537950
2024-09-10 10:15:00+05:30,28.05,29.25,28,28.8,223125,7613825
2024-09-10 10:16:00+05:30,28.75,29.1,28.05,28.85,128025,7613825
2024-09-10 10:17:00+05:30,28.8,28.85,27.25,27.6,263325,7613825
2024-09-10 10:18:00+05:30,27.6,28.35,27.6,28,97325,7619250
2024-09-10 10:19:00+05:30,28,28.8,27.8,28.35,137850,7619250
2024-09-10 10:20:00+05:30,28.45,29.7,28.3,29.2,195525,7619250
2024-09-10 10:21:00+05:30,29.2,30.35,28.8,29.8,167550,7587575
2024-09-10 10:22:00+05:30,29.75,30.3,29.1,29.15,81425,7587575
2024-09-10 10:23:00+05:30,29.2,30.2,29,30,67100,7587575
2024-09-10 10:24:00+05:30,30.05,30.9,29.9,30.65,94150,7607400
2024-09-10 10:25:00+05:30,30.55,32,30.3,31.95,224450,7607400
2024-09-10 10:26:00+05:30,31.8,32.5,31.15,31.9,215050,7607400
2024-09-10 10:27:00+05:30,31.9,32.6,30.6,30.65,173525,7636025
2024-09-10 10:28:00+05:30,30.9,31.2,29.55,29.75,138325,7636025
2024-09-10 10:29:00+05:30,29.9,30.95,29.1,30.2,141225,7636025
2024-09-10 10:30:00+05:30,30.3,31.15,30.2,31,129900,7654175
2024-09-10 10:31:00+05:30,31.15,31.85,30.4,30.55,133525,7654175
2024-09-10 10:32:00+05:30,30.8,32.5,30.8,31.35,151225,7654175
2024-09-10 10:33:00+05:30,31.45,32.2,31.1,31.85,79200,7644550
2024-09-10 10:34:00+05:30,31.75,32.5,30.95,32,122750,7644550
2024-09-10 10:35:00+05:30,32.15,32.75,31.3,31.55,161850,7644550
2024-09-10 10:36:00+05:30,31.5,32.2,31.35,31.9,83675,7709750
2024-09-10 10:37:00+05:30,32.15,33.3,31.9,32.25,194525,7709750
2024-09-10 10:38:00+05:30,32.2,33.3,32.1,33.05,114900,7709750
2024-09-10 10:39:00+05:30,32.85,33.45,32.45,33,146150,7673625
2024-09-10 10:40:00+05:30,33,33.2,32.05,32.4,115850,7673625
2024-09-10 10:41:00+05:30,32.25,32.5,30.3,31.2,233425,7673625
2024-09-10 10:42:00+05:30,31,31.1,29.55,30.8,181500,7705925
2024-09-10 10:43:00+05:30,30.95,32.9,30.9,32.1,139600,7705925
2024-09-10 10:44:00+05:30,32.15,32.45,30.9,31.6,100850,7705925
2024-09-10 10:45:00+05:30,31.75,31.75,30.4,31.05,69475,7678875
2024-09-10 10:46:00+05:30,31.1,31.1,27.8,29.4,288550,7678875
2024-09-10 10:47:00+05:30,29.4,31.3,29.35,30.95,106575,7678875
2024-09-10 10:48:00+05:30,30.95,31.9,30.65,31.75,74075,7666125
2024-09-10 10:49:00+05:30,31.75,32.5,31.3,32.25,86125,7666125
2024-09-10 10:50:00+05:30,32.2,32.2,31.15,31.95,65825,7666125
2024-09-10 10:51:00+05:30,32,32.25,30.8,31.65,77075,7674750
2024-09-10 10:52:00+05:30,31.7,33,31.65,32.9,155450,7674750
2024-09-10 10:53:00+05:30,32.75,33.75,32.35,32.9,134950,7674750
2024-09-10 10:54:00+05:30,32.65,33.6,31.65,33.35,91075,7657850
2024-09-10 10:55:00+05:30,33.25,34,32.3,32.3,146525,7657850
2024-09-10 10:56:00+05:30,32.15,33.7,32.05,32.8,102175,7657850
2024-09-10 10:57:00+05:30,33,34.4,32.65,33.65,158800,7654125
2024-09-10 10:58:00+05:30,33.8,34.25,32.9,33.65,140075,7654125
2024-09-10 10:59:00+05:30,33.85,34.5,33.65,34.1,118450,7654125
2024-09-10 11:00:00+05:30,34.1,34.6,33.15,34.5,122500,7586050
2024-09-10 11:01:00+05:30,34.55,35.35,32.85,33,166225,7586050
2024-09-10 11:02:00+05:30,33.35,33.75,32.9,33.7,92025,7586050
2024-09-10 11:03:00+05:30,33.55,33.9,32.35,32.55,69925,7568675
2024-09-10 11:04:00+05:30,32.65,32.9,31.25,32.6,150850,7568675
2024-09-10 11:05:00+05:30,32.5,33,31.7,31.75,73600,7568675
2024-09-10 11:06:00+05:30,31.85,32.7,31.8,32.2,50825,7568675
2024-09-10 11:07:00+05:30,32,32.4,30.3,31.25,156850,7573900
2024-09-10 11:08:00+05:30,31.3,31.85,30.6,31.8,74700,7573900
2024-09-10 11:09:00+05:30,31.9,32.2,30.35,30.75,146375,7573900
2024-09-10 11:10:00+05:30,30.7,31.85,30.55,30.8,50550,7592275
2024-09-10 11:11:00+05:30,30.95,31.5,30.5,31.35,57325,7592275
2024-09-10 11:12:00+05:30,31.5,32.95,31.45,32.9,109900,7592275
2024-09-10 11:13:00+05:30,32.95,34.9,32.8,34.7,201275,7583850
2024-09-10 11:14:00+05:30,34.7,39.55,34.4,39.35,541975,7583850
2024-09-10 11:15:00+05:30,39.8,40.6,38.15,40.6,527250,7583850
2024-09-10 11:16:00+05:30,40.7,40.7,37.35,38.1,328650,7325400
2024-09-10 11:17:00+05:30,38.2,38.45,35.75,37.1,230600,7325400
2024-09-10 11:18:00+05:30,36.65,42.7,36.65,42.6,410825,7325400
2024-09-10 11:19:00+05:30,42.4,44.45,41.05,41.2,703450,7146825
2024-09-10 11:20:00+05:30,41.5,43.1,40.55,42.8,269250,7146825
2024-09-10 11:21:00+05:30,42.55,43.5,38.4,38.4,421050,7146825
2024-09-10 11:22:00+05:30,38.65,41,38.1,40.45,232875,7015150
2024-09-10 11:23:00+05:30,40.55,41.25,40,40.45,166600,7015150
2024-09-10 11:24:00+05:30,40.5,40.5,37.45,37.9,203450,7015150
2024-09-10 11:25:00+05:30,38.05,40.9,37.85,39.9,120275,7038500
2024-09-10 11:26:00+05:30,39.7,40.2,39.3,39.75,104025,7038500
2024-09-10 11:27:00+05:30,39.75,42.4,39.55,41.65,168225,7038500
2024-09-10 11:28:00+05:30,41.75,42.05,40.6,41,117700,6992975
2024-09-10 11:29:00+05:30,41.2,41.75,39.9,40.85,197900,6992975
2024-09-10 11:30:00+05:30,40.85,42.25,39.4,41.65,142150,6992975
2024-09-10 11:31:00+05:30,41.4,42.2,40.95,41.35,95175,6926525
2024-09-10 11:32:00+05:30,41.3,41.7,38.8,39.35,229950,6926525
2024-09-10 11:33:00+05:30,39.2,39.65,37.75,38.1,177350,6926525
2024-09-10 11:34:00+05:30,38.1,38.1,36.4,36.75,222900,6910800
2024-09-10 11:35:00+05:30,36.95,37.5,35.7,36.8,233350,6910800
2024-09-10 11:36:00+05:30,36.95,37.1,35,35.5,141125,6910800
2024-09-10 11:37:00+05:30,35.55,36.1,34.55,35.35,157250,6936800
2024-09-10 11:38:00+05:30,35.35,37,35.1,35.9,112325,6936800
2024-09-10 11:39:00+05:30,36,37.85,36,37.55,78600,6936800
2024-09-10 11:40:00+05:30,37.6,38.4,37.25,37.85,92475,6920950
2024-09-10 11:41:00+05:30,37.6,40.95,37.4,40,208975,6920950
2024-09-10 11:42:00+05:30,40.05,43,39.9,42.1,324650,6920950
2024-09-10 11:43:00+05:30,42.25,44.85,41.35,44.1,226450,6821500
2024-09-10 11:44:00+05:30,44.2,44.3,41.75,42.3,277125,6821500
2024-09-10 11:45:00+05:30,42.55,43.65,41.85,43.15,183350,6821500
2024-09-10 11:46:00+05:30,43.15,44.4,41.25,42.3,224475,6809625
2024-09-10 11:47:00+05:30,42,42.4,39.75,40.05,203350,6809625
2024-09-10 11:48:00+05:30,40.15,40.85,39.25,40.6,134950,6809625
2024-09-10 11:49:00+05:30,40.6,42.5,40.5,42.5,121500,6790425
2024-09-10 11:50:00+05:30,42.35,44.2,42.25,43.15,352275,6790425
2024-09-10 11:51:00+05:30,43.15,43.65,42.25,42.25,109475,6790425
2024-09-10 11:52:00+05:30,42.5,44.9,41.5,44.2,192425,6749550
2024-09-10 11:53:00+05:30,44.15,47.95,43.45,43.9,1174325,6749550
2024-09-10 11:54:00+05:30,43.95,45.85,43.05,44.25,236250,6749550
2024-09-10 11:55:00+05:30,44.25,45.2,42.35,43.15,165075,6521900
2024-09-10 11:56:00+05:30,43.05,46.2,42.1,45.35,174700,6521900
2024-09-10 11:57:00+05:30,45.25,49.6,44.85,49.5,361525,6521900
2024-09-10 11:58:00+05:30,49.15,55.2,48.7,51.35,1231025,6312350
2024-09-10 11:59:00+05:30,51.9,53.6,50.9,52.9,362725,6312350
2024-09-10 12:00:00+05:30,52.9,60.45,51.95,56.65,1169575,6312350
2024-09-10 12:01:00+05:30,56.2,61.6,54.35,59.55,646550,6030025
2024-09-10 12:02:00+05:30,59.65,60.15,53.1,55,662300,6030025
2024-09-10 12:03:00+05:30,54.9,56.5,53.3,54.65,337625,6030025
2024-09-10 12:04:00+05:30,54.65,54.9,50.75,51.4,285350,6027625
2024-09-10 12:05:00+05:30,51.5,51.85,49.3,50.55,322075,6027625
2024-09-10 12:06:00+05:30,50.45,50.9,47.7,49.55,264950,6027625
2024-09-10 12:07:00+05:30,49.25,50.4,47.75,49.6,241200,6078025
2024-09-10 12:08:00+05:30,49.7,50.5,48.5,49.7,172250,6078025
2024-09-10 12:09:00+05:30,49.95,50.1,47.4,47.95,184750,6078025
2024-09-10 12:10:00+05:30,48.1,49.4,47.5,48.2,149050,6103275
2024-09-10 12:11:00+05:30,48.05,49.6,46.85,47.5,222150,6103275
2024-09-10 12:12:00+05:30,47.45,48.6,44.4,48.55,330300,6103275
2024-09-10 12:13:00+05:30,48.6,51.05,48.55,50.35,280575,6107600
2024-09-10 12:14:00+05:30,50.15,52.35,49.1,50.25,220800,6107600
2024-09-10 12:15:00+05:30,50.35,51.2,48.55,49.1,135400,6107600
2024-09-10 12:16:00+05:30,49.05,49.8,47.15,47.15,119175,6099975
2024-09-10 12:17:00+05:30,47.3,50.85,47.15,50.15,149550,6099975
2024-09-10 12:18:00+05:30,50.25,51.25,49.9,50.85,108600,6099975
2024-09-10 12:19:00+05:30,50.95,51.65,49.4,51.1,126925,6078700
2024-09-10 12:20:00+05:30,51.2,51.4,50,50.65,101725,6078700
2024-09-10 12:21:00+05:30,50.8,51.3,49.7,50.5,95475,6078700
2024-09-10 12:22:00+05:30,50.15,53.1,50.1,52.65,285275,6103375
2024-09-10 12:23:00+05:30,52.7,53.75,51.65,52.65,214950,6103375
2024-09-10 12:24:00+05:30,52.55,54.25,52.55,53.3,200925,6103375
2024-09-10 12:25:00+05:30,53.4,55.5,53.05,55.45,271050,6109475
2024-09-10 12:26:00+05:30,55.4,56.1,53.35,54.2,324150,6109475
2024-09-10 12:27:00+05:30,54.25,55.95,54,54.4,190950,6109475
2024-09-10 12:28:00+05:30,54.45,56.35,54.25,55.6,211900,6137650
2024-09-10 12:29:00+05:30,55.25,57.05,52.9,56,303150,6137650
2024-09-10 12:30:00+05:30,55.95,56.9,54.85,54.95,249325,6137650
2024-09-10 12:31:00+05:30,54.95,60.1,54.45,55.7,688000,6113150
2024-09-10 12:32:00+05:30,55.7,56,53.8,54.6,232675,6113150
2024-09-10 12:33:00+05:30,54.65,55.6,53.4,55.1,172725,6113150
2024-09-10 12:34:00+05:30,55.2,55.7,54.4,55.6,135325,6033175
2024-09-10 12:35:00+05:30,55.45,56.9,54,56.7,207875,6033175
2024-09-10 12:36:00+05:30,56.9,57.8,55.85,57.7,250725,6033175
2024-09-10 12:37:00+05:30,58.05,59.25,56.7,57.75,380650,6061225
2024-09-10 12:38:00+05:30,57.85,59.45,57,58.7,334700,6061225
2024-09-10 12:39:00+05:30,59,60.75,58.2,59,456875,6061225
2024-09-10 12:40:00+05:30,58.8,64,58.8,62.35,717225,6043925
2024-09-10 12:41:00+05:30,62.1,71.6,61.5,67.2,1509400,6043925
2024-09-10 12:42:00+05:30,67.5,68.25,63.05,64.9,715700,6043925
2024-09-10 12:43:00+05:30,64.95,68.2,64.75,66.25,513750,5676175
2024-09-10 12:44:00+05:30,66.2,72.6,66,71.25,705125,5676175
2024-09-10 12:45:00+05:30,71.15,72.05,67.3,69.75,753000,5676175
2024-09-10 12:46:00+05:30,69.55,73.3,67.5,68.8,585425,5635475
2024-09-10 12:47:00+05:30,68.6,69.75,65.85,68.2,505600,5635475
2024-09-10 12:48:00+05:30,67.9,69.45,64.4,65.35,676325,5635475
2024-09-10 12:49:00+05:30,65.5,66.75,64.35,66.05,298200,5680200
2024-09-10 12:50:00+05:30,65.8,68.75,65.8,67.5,314000,5680200
2024-09-10 12:51:00+05:30,67,69.55,67,68.5,283200,5680200
2024-09-10 12:52:00+05:30,68.25,74.9,66.4,74.9,567950,5767350
2024-09-10 12:53:00+05:30,74.3,75,71.4,72.75,814375,5767350
2024-09-10 12:54:00+05:30,72.05,73,69.75,71.65,477850,5767350
2024-09-10 12:55:00+05:30,71.45,79.1,71.45,77.3,1051500,5753600
2024-09-10 12:56:00+05:30,77,77.25,71.05,72.75,894525,5753600
2024-09-10 12:57:00+05:30,72.5,73.85,68.15,68.95,601950,5753600
2024-09-10 12:58:00+05:30,69.25,69.7,66.45,69.45,386550,5813050
2024-09-10 12:59:00+05:30,69.45,69.8,66.1,66.85,308750,5813050
2024-09-10 13:00:00+05:30,66.85,71.2,66.7,70.65,352775,5813050
2024-09-10 13:01:00+05:30,70.95,73.9,70.7,73.7,457850,5909050
2024-09-10 13:02:00+05:30,73.95,75.4,72.7,73,527675,5909050
2024-09-10 13:03:00+05:30,72.8,74.8,71.65,72.6,349725,5909050
2024-09-10 13:04:00+05:30,72.55,73.1,69.2,70.1,402300,5999600
2024-09-10 13:05:00+05:30,69.95,72.8,69.3,72.2,262875,5999600
2024-09-10 13:06:00+05:30,72.25,74,71.8,72.55,299675,5999600
2024-09-10 13:07:00+05:30,73.05,77.3,72.9,75.4,659700,5988975
2024-09-10 13:08:00+05:30,75.3,78.25,74.4,77.7,571850,5988975
2024-09-10 13:09:00+05:30,77.6,80.85,76.35,79.7,1013450,5988975
2024-09-10 13:10:00+05:30,80.2,86,78.45,82.2,1072550,5797150
2024-09-10 13:11:00+05:30,82.6,86.45,80.65,82.75,775600,5797150
2024-09-10 13:12:00+05:30,83.15,88.4,79.6,86.65,1006450,5797150
2024-09-10 13:13:00+05:30,86.75,89.45,84.9,87.85,993600,5655200
2024-09-10 13:14:00+05:30,87.65,87.85,82.45,83,754375,5655200
2024-09-10 13:15:00+05:30,83.2,87.5,83.15,83.75,596900,5655200
2024-09-10 13:16:00+05:30,83.95,85.2,82.7,83.75,393375,5785175
2024-09-10 13:17:00+05:30,83.8,83.8,78.8,79.5,665100,5785175
2024-09-10 13:18:00+05:30,80.05,80.75,74.35,75.7,708900,5785175
2024-09-10 13:19:00+05:30,75.65,77.85,74.85,77.15,406200,5877250
2024-09-10 13:20:00+05:30,77,81.35,77,80.7,593525,5877250
2024-09-10 13:21:00+05:30,80.55,82.5,79.45,82.05,455400,5877250
2024-09-10 13:22:00+05:30,81.85,82.35,80.45,82.35,382375,6068475
2024-09-10 13:23:00+05:30,82.6,84.4,82.15,84.35,414625,6068475
2024-09-10 13:24:00+05:30,84.4,85.45,83.35,84.55,482225,6068475
2024-09-10 13:25:00+05:30,84,96.75,83.9,95.9,1394225,5995025
2024-09-10 13:26:00+05:30,96.65,98.7,90.8,92.4,1188650,5995025
2024-09-10 13:27:00+05:30,92.05,95.95,92.05,93.8,645400,5995025
2024-09-10 13:28:00+05:30,93.55,95.1,88.5,94,815725,5768475
2024-09-10 13:29:00+05:30,93.85,96.25,93.15,93.55,631250,5768475
2024-09-10 13:30:00+05:30,92.75,98.1,92.1,92.8,759750,5768475
2024-09-10 13:31:00+05:30,92.95,93.9,90,90.3,616750,5693025
2024-09-10 13:32:00+05:30,90.75,94.2,88.8,92.6,429125,5693025
2024-09-10 13:33:00+05:30,92.6,93.15,88.7,90,433775,5693025
2024-09-10 13:34:00+05:30,89.85,92.3,89.1,90.2,273350,5672425
2024-09-10 13:35:00+05:30,90.6,90.6,86.2,87.25,512350,5672425
2024-09-10 13:36:00+05:30,87.75,93.05,87.75,91,520850,5672425
2024-09-10 13:37:00+05:30,91.2,94.45,91.2,92.45,338100,5553900
2024-09-10 13:38:00+05:30,92.15,94.35,91.45,93,261050,5553900
2024-09-10 13:39:00+05:30,92.95,94.1,90.5,92.4,296125,5553900
2024-09-10 13:40:00+05:30,92.25,96.3,90.75,91.95,670600,5634925
2024-09-10 13:41:00+05:30,92.45,97.45,92.3,96.45,575650,5634925
2024-09-10 13:42:00+05:30,96.5,97,91.8,94,515075,5634925
2024-09-10 13:43:00+05:30,93.65,94.5,91.85,94.25,253675,5505625
2024-09-10 13:44:00+05:30,94.25,97.9,94.05,97,493325,5505625
2024-09-10 13:45:00+05:30,97.2,101.8,95.4,97.5,936475,5505625
2024-09-10 13:46:00+05:30,97.65,97.8,93.6,95.3,538275,5368400
2024-09-10 13:47:00+05:30,95.35,96.5,92.05,92.05,335575,5368400
2024-09-10 13:48:00+05:30,93.1,96.45,92.5,95.5,269625,5368400
2024-09-10 13:49:00+05:30,95.65,96.5,93.95,94.5,245150,5463600
2024-09-10 13:50:00+05:30,94.75,95.55,93,93.35,240650,5463600
2024-09-10 13:51:00+05:30,93.45,94.25,88.6,90.55,580250,5463600
2024-09-10 13:52:00+05:30,90.4,93.35,89.75,92.05,338050,5540450
2024-09-10 13:53:00+05:30,91.75,93.35,89.1,90.05,270025,5540450
2024-09-10 13:54:00+05:30,90.15,91.5,90,90.85,152250,5540450
2024-09-10 13:55:00+05:30,91,93.4,90.45,93.25,246525,5582225
2024-09-10 13:56:00+05:30,93.25,95.85,91.45,95.6,358950,5582225
2024-09-10 13:57:00+05:30,95.45,95.6,93.45,94.4,214350,5582225
2024-09-10 13:58:00+05:30,94.3,94.5,90.85,91.15,227575,5568025
2024-09-10 13:59:00+05:30,90.85,91.25,87.45,87.8,404175,5568025
2024-09-10 14:00:00+05:30,88,91.65,86.4,89.2,334025,5568025
2024-09-10 14:01:00+05:30,89.35,90.9,84.2,86.45,431125,5641725
2024-09-10 14:02:00+05:30,86.3,86.4,79.7,80.25,855775,5641725
2024-09-10 14:03:00+05:30,79.1,81.25,78.15,79.9,480675,5641725
2024-09-10 14:04:00+05:30,80.1,82.3,76.05,78.35,639750,5578450
2024-09-10 14:05:00+05:30,78.5,79.4,76.65,78.5,376675,5578450
2024-09-10 14:06:00+05:30,78.75,81.2,78.25,81,369600,5578450
2024-09-10 14:07:00+05:30,81.2,82.05,80.6,81.5,361450,5609350
2024-09-10 14:08:00+05:30,81.35,85.95,81.2,84.75,560825,5609350
2024-09-10 14:09:00+05:30,84.85,86.35,83.9,85.4,359200,5609350
2024-09-10 14:10:00+05:30,86,89.45,85.1,88.15,449500,5664275
2024-09-10 14:11:00+05:30,88.3,91.25,88.3,88.9,587175,5664275
2024-09-10 14:12:00+05:30,88.75,89,85.7,86.85,345025,5664275
2024-09-10 14:13:00+05:30,87.3,87.5,84.95,85.45,235450,5802400
2024-09-10 14:14:00+05:30,85.45,87.4,83.65,85.3,270200,5802400
2024-09-10 14:15:00+05:30,85.55,86.5,83.6,84,190850,5802400
2024-09-10 14:16:00+05:30,83.75,84,80.85,82.15,361050,5771625
2024-09-10 14:17:00+05:30,81.95,82,79.15,79.3,376175,5771625
2024-09-10 14:18:00+05:30,79.55,81.1,78.65,78.8,237500,5771625
2024-09-10 14:19:00+05:30,78.6,83.3,78.5,82.95,347600,5802350
2024-09-10 14:20:00+05:30,82.65,82.85,80.05,81.45,211550,5802350
2024-09-10 14:21:00+05:30,81.6,82.5,79.6,81.75,229500,5802350
2024-09-10 14:22:00+05:30,81.6,82.7,80.25,80.25,306950,5889400
2024-09-10 14:23:00+05:30,80.55,82.45,79.65,81.75,196425,5889400
2024-09-10 14:24:00+05:30,81.65,82.9,81.25,82.1,156725,5889400
2024-09-10 14:25:00+05:30,82.25,82.5,80.8,82.2,147125,5901175
2024-09-10 14:26:00+05:30,82.4,87.6,82.15,86.55,511150,5901175
2024-09-10 14:27:00+05:30,86.4,89.85,86.25,89,499250,5901175
2024-09-10 14:28:00+05:30,88.85,89.7,87.1,87.45,324925,5920750
2024-09-10 14:29:00+05:30,87.95,88.4,84.75,86.1,370925,5920750
2024-09-10 14:30:00+05:30,85.65,86,81.65,81.95,298925,5920750
2024-09-10 14:31:00+05:30,82.1,82.35,74.1,77.05,797800,5916900
2024-09-10 14:32:00+05:30,77.25,78.7,75.8,76.6,422125,5916900
2024-09-10 14:33:00+05:30,76,77.65,73.05,75.95,424575,5916900
2024-09-10 14:34:00+05:30,76.05,77,74.25,75.45,381200,5954875
2024-09-10 14:35:00+05:30,75.35,76.5,71.7,73.2,475475,5954875
2024-09-10 14:36:00+05:30,72.95,73.4,69.2,71.1,859875,5954875
2024-09-10 14:37:00+05:30,71.5,73.5,71.45,71.65,481200,6104600
2024-09-10 14:38:00+05:30,72.15,72.6,67.6,69.3,659000,6104600
2024-09-10 14:39:00+05:30,69.1,70.5,67,67.6,537125,6104600
2024-09-10 14:40:00+05:30,67.7,68.45,65.55,65.8,545625,6381025
2024-09-10 14:41:00+05:30,65.8,65.9,62.7,63.7,769075,6381025
2024-09-10 14:42:00+05:30,63.55,65.85,63.55,64.4,370350,6381025
2024-09-10 14:43:00+05:30,64.45,65.7,63.6,64.75,418875,6655750
2024-09-10 14:44:00+05:30,64.85,64.85,59.4,61.3,1025325,6655750
2024-09-10 14:45:00+05:30,61.35,61.75,56,57.75,979550,6655750
2024-09-10 14:46:00+05:30,57.25,58.1,51.75,51.8,839050,6816725
2024-09-10 14:47:00+05:30,52.5,55.3,51.3,52.7,714975,6816725
2024-09-10 14:48:00+05:30,52.8,53.4,49.15,52.4,945375,6816725
2024-09-10 14:49:00+05:30,52.4,54.65,52,52.15,844950,6985500
2024-09-10 14:50:00+05:30,52.15,52.4,49.05,50.65,690625,6985500
2024-09-10 14:51:00+05:30,50.8,54.2,49.8,53.7,501350,6985500
2024-09-10 14:52:00+05:30,53.55,56.6,53.25,55.3,703525,7198975
2024-09-10 14:53:00+05:30,55.5,56.35,54.1,54.6,552800,7198975
2024-09-10 14:54:00+05:30,54.5,54.55,52.6,53.7,356700,7198975
2024-09-10 14:55:00+05:30,53.65,54.25,50.6,52.55,427975,7352075
2024-09-10 14:56:00+05:30,52.7,54.6,51.55,54.05,311300,7352075
2024-09-10 14:57:00+05:30,54.2,57.5,53.65,57.4,579225,7352075
2024-09-10 14:58:00+05:30,57.15,59.55,57.05,58.55,695675,7334375
2024-09-10 14:59:00+05:30,58.15,58.8,54.6,55,560050,7334375
2024-09-10 15:00:00+05:30,54.6,54.95,45.2,46.85,1427675,7334375
2024-09-10 15:01:00+05:30,46.75,46.85,41.4,44.7,1128300,7135775
2024-09-10 15:02:00+05:30,44.4,47.35,43.55,47.1,537550,7135775
2024-09-10 15:03:00+05:30,46.95,48.7,46.1,48.1,455250,7135775
2024-09-10 15:04:00+05:30,47.85,52.75,47.6,52.75,606100,7083925
2024-09-10 15:05:00+05:30,52.2,53.65,48.3,49.1,646775,7083925
2024-09-10 15:06:00+05:30,49.05,49.05,45.65,47.05,523950,7083925
2024-09-10 15:07:00+05:30,46.8,51.1,46.65,51,404425,7172825
2024-09-10 15:08:00+05:30,51,52.7,50.2,51.6,535200,7172825
2024-09-10 15:09:00+05:30,51.65,52.2,50.25,51.8,317800,7172825
2024-09-10 15:10:00+05:30,51.9,56,50.15,55.95,622000,7142475
2024-09-10 15:11:00+05:30,55.5,57.4,54.8,57.3,773975,7142475
2024-09-10 15:12:00+05:30,57.15,57.95,54.3,56.05,668300,7142475
2024-09-10 15:13:00+05:30,56.6,57.8,53.3,54,538750,6952275
2024-09-10 15:14:00+05:30,54.05,55,52,54.2,355825,6952275
2024-09-10 15:15:00+05:30,54.15,56.3,53.25,56,434775,6952275
2024-09-10 15:16:00+05:30,55.95,57.4,55.75,57.2,390550,6846625
2024-09-10 15:17:00+05:30,57.35,58.45,56.6,57.4,453850,6846625
2024-09-10 15:18:00+05:30,57.6,57.6,55.15,55.9,301425,6846625
2024-09-10 15:19:00+05:30,56.05,57.95,55.75,57.75,296700,6668100
2024-09-10 15:20:00+05:30,57.95,58.15,56.6,56.85,371600,6668100
2024-09-10 15:21:00+05:30,56.9,57.15,54.7,55.15,363775,6668100
2024-09-10 15:22:00+05:30,55.05,55.8,53.4,55.75,408175,6528100
2024-09-10 15:23:00+05:30,55.6,57,55.4,55.75,221175,6528100
2024-09-10 15:24:00+05:30,55.65,56.15,54.25,55.2,350450,6528100
2024-09-10 15:25:00+05:30,55.15,56.6,54.8,56.6,421525,6401325
2024-09-10 15:26:00+05:30,56.5,56.75,55.55,56.4,346175,6401325
2024-09-10 15:27:00+05:30,56.35,56.85,55.9,55.95,355875,6401325
2024-09-10 15:28:00+05:30,56,56.4,54,54.85,516025,6164950
2024-09-10 15:29:00+05:30,54.95,55.15,53.25,54,622300,6164950
2024-09-11 09:15:00+05:30,45,45,32,32.8,1127350,6051125
2024-09-11 09:16:00+05:30,33.05,39.8,32.7,39.5,770300,6051125
2024-09-11 09:17:00+05:30,39.4,39.9,37.35,38.95,581425,6051125
2024-09-11 09:18:00+05:30,38.65,39.2,37,38.45,455975,6285175
2024-09-11 09:19:00+05:30,38.8,39.6,37.05,37.4,305825,6285175
2024-09-11 09:20:00+05:30,36.7,40.5,35.15,39.65,679975,6285175
2024-09-11 09:21:00+05:30,39.6,40.2,36.25,37.35,401175,6455350
2024-09-11 09:22:00+05:30,37.25,37.35,34.95,35.15,493100,6455350
2024-09-11 09:23:00+05:30,35.2,37.05,33.6,33.8,552250,6455350
2024-09-11 09:24:00+05:30,33.8,35,31,31,668925,6720475
2024-09-11 09:25:00+05:30,31.15,32.15,30.2,31.85,552050,6720475
2024-09-11 09:26:00+05:30,31.85,32.45,30,30.3,750000,6720475
2024-09-11 09:27:00+05:30,30.5,30.65,29.3,30.25,823150,6998275
2024-09-11 09:28:00+05:30,30.3,30.9,29.5,29.5,582700,6998275
2024-09-11 09:29:00+05:30,29.55,31.45,29.35,30.95,384225,6998275
2024-09-11 09:30:00+05:30,30.85,33.25,30.75,32.7,733400,7348550
2024-09-11 09:31:00+05:30,32.8,33.75,32.4,33,479225,7348550
2024-09-11 09:32:00+05:30,33,35.05,32,34.1,550625,7348550
2024-09-11 09:33:00+05:30,34.2,37.65,34.2,35.7,685475,7401775
2024-09-11 09:34:00+05:30,35.75,36.15,33.8,35.1,437850,7401775
2024-09-11 09:35:00+05:30,35.05,35.85,33.65,34.65,337425,7401775
2024-09-11 09:36:00+05:30,34.9,37.75,34.3,36.85,420450,7437975
2024-09-11 09:37:00+05:30,37,37.5,34.15,35.35,451275,7437975
2024-09-11 09:38:00+05:30,35.5,38.3,35.35,38.3,499025,7437975
2024-09-11 09:39:00+05:30,38.25,45.9,37.6,43.85,1498925,7317825
2024-09-11 09:40:00+05:30,44.25,47.6,42,44,982250,7317825
2024-09-11 09:41:00+05:30,44.2,49.4,42.5,45.7,941975,7317825
2024-09-11 09:42:00+05:30,45.5,48.7,44.15,48.1,682425,7211175
2024-09-11 09:43:00+05:30,48.45,52.7,47.8,50.9,1299125,7211175
2024-09-11 09:44:00+05:30,51.55,51.9,48.9,51.45,802950,7211175
2024-09-11 09:45:00+05:30,51.1,57.05,50.8,53.7,1556825,7153950
2024-09-11 09:46:00+05:30,53.7,55.9,52.25,53.95,829100,7153950
2024-09-11 09:47:00+05:30,54.45,56.2,49.1,49.5,983025,7153950
2024-09-11 09:48:00+05:30,50,53.15,47.2,52.85,752500,7338125
2024-09-11 09:49:00+05:30,52.4,52.4,48.4,49.85,528975,7338125
2024-09-11 09:50:00+05:30,49.15,49.15,44.05,44.05,795450,7338125
2024-09-11 09:51:00+05:30,43.5,48.3,42.95,46.65,630300,7616775
2024-09-11 09:52:00+05:30,46.75,48.9,46.55,48.25,332225,7616775
2024-09-11 09:53:00+05:30,48.1,48.25,45.55,46.95,288675,7616775
2024-09-11 09:54:00+05:30,46.95,47.1,41.8,42.2,485925,7757475
2024-09-11 09:55:00+05:30,42.6,42.65,35.9,36.6,1019775,7757475
2024-09-11 09:56:00+05:30,36.75,38.9,35.9,38.85,783150,7757475
2024-09-11 09:57:00+05:30,39.55,42.8,38.25,42.1,644975,7923850
2024-09-11 09:58:00+05:30,42.3,42.9,38.7,39.5,642375,7923850
2024-09-11 09:59:00+05:30,39.9,40.1,36.95,38.75,399525,7923850
2024-09-11 10:00:00+05:30,38.5,39.4,37.45,39.35,385550,8105250
2024-09-11 10:01:00+05:30,39.9,40.4,37.1,37.25,320850,8105250
2024-09-11 10:02:00+05:30,37.3,37.3,33.75,33.8,679450,8105250
2024-09-11 10:03:00+05:30,33.25,33.7,31.8,33.45,686825,8234325
2024-09-11 10:04:00+05:30,33.45,34,31.95,33.85,449150,8234325
2024-09-11 10:05:00+05:30,33.9,35.25,33.5,34.45,410150,8234325
2024-09-11 10:06:00+05:30,34.5,34.55,32.5,33.5,283400,8507225
2024-09-11 10:07:00+05:30,33.45,35.55,33.45,35.2,325525,8507225
2024-09-11 10:08:00+05:30,35.2,36.25,33.95,35.8,277875,8507225
2024-09-11 10:09:00+05:30,35.9,36.6,34.2,34.95,329900,8602100
2024-09-11 10:10:00+05:30,34.9,36.85,34.7,36.15,269850,8602100
2024-09-11 10:11:00+05:30,36.15,39.3,35.8,37.85,637850,8602100
2024-09-11 10:12:00+05:30,38,39.15,36.75,38.7,349625,8773100
2024-09-11 10:13:00+05:30,38.9,40.9,37.95,40.6,737250,8773100
2024-09-11 10:14:00+05:30,40.4,45.15,39.5,44.8,808400,8773100
2024-09-11 10:15:00+05:30,44.5,47.85,43.7,47,1157250,8436850
2024-09-11 10:16:00+05:30,47.15,49.3,46.05,47.85,871525,8436850
2024-09-11 10:17:00+05:30,47.8,53.7,46.35,53.15,1706400,8436850
2024-09-11 10:18:00+05:30,53.65,54.5,47.45,49.9,1314475,8359000
2024-09-11 10:19:00+05:30,49.95,50.15,48,49,549475,8359000
2024-09-11 10:20:00+05:30,49,49.65,44.05,44.35,719000,8359000
2024-09-11 10:21:00+05:30,44.65,45,41,41.1,603950,8303300
2024-09-11 10:22:00+05:30,41.1,41.1,36.5,38.7,785800,8303300
2024-09-11 10:23:00+05:30,38.55,39.6,37.65,38.65,359750,8303300
2024-09-11 10:24:00+05:30,38.55,39,36.75,37.65,317075,8358775
2024-09-11 10:25:00+05:30,37.85,38.15,35.5,37.15,342400,8358775
2024-09-11 10:26:00+05:30,37.2,37.25,34.7,35.1,494650,8358775
2024-09-11 10:27:00+05:30,35.15,38,35.15,37.8,386200,8464200
2024-09-11 10:28:00+05:30,37.65,41.85,37.65,40.85,751350,8464200
2024-09-11 10:29:00+05:30,40.85,41,37.9,39.25,372175,8464200
2024-09-11 10:30:00+05:30,39.3,43,39,41.4,586700,8618400
2024-09-11 10:31:00+05:30,41.25,42.7,40.15,40.25,343900,8618400
2024-09-11 10:32:00+05:30,40.45,41.85,39.35,41.8,303050,8618400
2024-09-11 10:33:00+05:30,41,44.05,41,42.9,415325,8653300
2024-09-11 10:34:00+05:30,43,47.05,43,46.2,616175,8653300
2024-09-11 10:35:00+05:30,46.25,47.55,43.55,45.2,638450,8653300
2024-09-11 10:36:00+05:30,45.15,47.8,44.9,45.75,515875,8626725
2024-09-11 10:37:00+05:30,45.85,48.95,45.4,48,685675,8626725
2024-09-11 10:38:00+05:30,48.15,52.1,46.55,51.05,931425,8626725
2024-09-11 10:39:00+05:30,50.2,50.7,48.65,49.65,717850,8680175
2024-09-11 10:40:00+05:30,49.85,51.65,47.75,49.7,600975,8680175
2024-09-11 10:41:00+05:30,49.7,51.25,48.1,50.55,406925,8680175
2024-09-11 10:42:00+05:30,50.65,51.8,48.3,50.4,626950,8635975
2024-09-11 10:43:00+05:30,50.5,58.45,50.25,55.05,1675100,8635975
2024-09-11 10:44:00+05:30,55.05,55.8,53.25,54.25,784900,8635975
2024-09-11 10:45:00+05:30,54.3,54.3,47.75,49.2,966600,8182625
2024-09-11 10:46:00+05:30,49,52.7,48.65,51.25,548300,8182625
2024-09-11 10:47:00+05:30,51.45,51.6,45.8,49.25,679675,8182625
2024-09-11 10:48:00+05:30,49.15,49.8,47.65,48.8,250575,8139625
2024-09-11 10:49:00+05:30,48.8,49.2,44,45.35,452025,8139625
2024-09-11 10:50:00+05:30,45.6,45.7,40.45,41.65,542150,8139625
2024-09-11 10:51:00+05:30,41.35,43.35,40.9,41.25,351350,8276100
2024-09-11 10:52:00+05:30,41.6,42.9,40.8,41.55,337150,8276100
2024-09-11 10:53:00+05:30,41.4,42.8,37.5,39.45,1021075,8276100
2024-09-11 10:54:00+05:30,39.5,40.35,38.1,39.65,404925,8295150
2024-09-11 10:55:00+05:30,39.65,41.9,39.55,41.2,337500,8295150
2024-09-11 10:56:00+05:30,41.2,43.65,41.2,42.5,498500,8295150
2024-09-11 10:57:00+05:30,42.45,42.45,37.35,37.35,721825,8527350
2024-09-11 10:58:00+05:30,37.1,38.75,36,38,527700,8527350
2024-09-11 10:59:00+05:30,37.95,41.45,37.95,40.5,495200,8527350
2024-09-11 11:00:00+05:30,40.95,44.25,40.75,43.65,553750,8648075
2024-09-11 11:01:00+05:30,43.4,44.2,42.2,42.8,477475,8648075
2024-09-11 11:02:00+05:30,42.75,42.9,41.6,41.85,264975,8648075
2024-09-11 11:03:00+05:30,42,44,42,43,257575,8720275
2024-09-11 11:04:00+05:30,43.2,44.5,42.95,43.55,333200,8720275
2024-09-11 11:05:00+05:30,43.55,45.2,43.05,44.05,396550,8720275
2024-09-11 11:06:00+05:30,43.8,44.55,40.9,43.25,393175,8732775
2024-09-11 11:07:00+05:30,43.2,44.6,42.3,42.35,276350,8732775
2024-09-11 11:08:00+05:30,42.25,45.65,41.4,45.05,336950,8732775
2024-09-11 11:09:00+05:30,45.1,46.75,45.05,45.85,392725,8693875
2024-09-11 11:10:00+05:30,45.85,48.4,45.65,47.4,446325,8693875
2024-09-11 11:11:00+05:30,47.3,48.15,45.2,47,465950,8693875
2024-09-11 11:12:00+05:30,47,47.4,45.3,46.4,277000,8588300
2024-09-11 11:13:00+05:30,46.5,49.45,45.8,48.85,427450,8588300
2024-09-11 11:14:00+05:30,49.4,51,48.35,50,659650,8588300
2024-09-11 11:15:00+05:30,49.8,50.05,46.6,46.95,517400,8451475
2024-09-11 11:16:00+05:30,47,47.55,44.4,45.1,481625,8451475
2024-09-11 11:17:00+05:30,45.15,45.55,43.25,45.1,358550,8451475
2024-09-11 11:18:00+05:30,45,46.2,43.8,44.85,249200,8451400
2024-09-11 11:19:00+05:30,44.85,45.3,42.55,43.85,230100,8451400
2024-09-11 11:20:00+05:30,43.8,44.45,42.1,42.65,163550,8451400
2024-09-11 11:21:00+05:30,42.5,42.85,41.1,41.95,192950,8510900
2024-09-11 11:22:00+05:30,42.1,42.55,40.1,40.7,203150,8510900
2024-09-11 11:23:00+05:30,40.5,42.3,40.25,42.3,247225,8510900
2024-09-11 11:24:00+05:30,42.6,44.55,42.5,44.25,355000,8677675
2024-09-11 11:25:00+05:30,44.3,46.15,44.2,45.8,298100,8677675
2024-09-11 11:26:00+05:30,45.9,46.35,43.1,44.55,324925,8677675
2024-09-11 11:27:00+05:30,44.6,45.95,43.8,45.75,184300,8769100
2024-09-11 11:28:00+05:30,45.95,46.8,45.2,46.05,324500,8769100
2024-09-11 11:29:00+05:30,46.1,46.45,45,45.75,243325,8769100
2024-09-11 11:30:00+05:30,45.35,45.6,44.1,44.6,192000,8840800
2024-09-11 11:31:00+05:30,44.6,46.4,44.6,46.4,195125,8840800
2024-09-11 11:32:00+05:30,46.35,48.3,45.55,46.5,435225,8840800
2024-09-11 11:33:00+05:30,46.8,50.25,46.65,48.9,438525,8785850
2024-09-11 11:34:00+05:30,48.7,50.25,47.7,48.5,416425,8785850
2024-09-11 11:35:00+05:30,48.55,49.25,46.05,46.5,410850,8785850
2024-09-11 11:36:00+05:30,46.5,46.5,42.85,44.25,514475,8615950
2024-09-11 11:37:00+05:30,44.35,47.7,44.15,47.05,257275,8615950
2024-09-11 11:38:00+05:30,47.35,47.65,41.6,41.6,306050,8615950
2024-09-11 11:39:00+05:30,42.25,45,38.6,44.9,631375,8502625
2024-09-11 11:40:00+05:30,44.3,47.05,43.75,44.6,452800,8502625
2024-09-11 11:41:00+05:30,44.6,45.8,43.2,44.8,264000,8502625
2024-09-11 11:42:00+05:30,45.15,47.25,44.95,46.9,308500,8372875
2024-09-11 11:43:00+05:30,46.65,51.25,46.25,48.2,659700,8372875
2024-09-11 11:44:00+05:30,48.55,49.55,47.8,49.45,199450,8372875
2024-09-11 11:45:00+05:30,49.45,51.7,48.65,49.75,373075,8200750
2024-09-11 11:46:00+05:30,49.75,49.9,45.4,46.25,414625,8200750
2024-09-11 11:47:00+05:30,46.05,46.05,43.45,44.75,375125,8200750
2024-09-11 11:48:00+05:30,45.25,48.45,44.85,48.15,230650,8135650
2024-09-11 11:49:00+05:30,48.1,50.25,47.6,49.4,358025,8135650
2024-09-11 11:50:00+05:30,49.4,53.7,49.05,51.75,729175,8135650
2024-09-11 11:51:00+05:30,51.65,52.8,49.7,51.2,450975,7958800
2024-09-11 11:52:00+05:30,51.2,51.25,48.2,48.55,339150,7958800
2024-09-11 11:53:00+05:30,48.65,49.3,47.2,48.65,209725,7958800
2024-09-11 11:54:00+05:30,48.65,48.65,46.05,47.45,203550,7936850
2024-09-11 11:55:00+05:30,46.95,50.5,46.8,50.25,244125,7936850
2024-09-11 11:56:00+05:30,50.3,51.7,50.25,50.85,294375,7936850
2024-09-11 11:57:00+05:30,50.85,56.15,50.6,54.9,793950,7851500
2024-09-11 11:58:00+05:30,54.95,57.65,53.7,54.45,792675,7851500
2024-09-11 11:59:00+05:30,54.75,55.65,51.9,55.05,570475,7851500
2024-09-11 12:00:00+05:30,54.6,65.75,54.6,60,1383600,7223575
2024-09-11 12:01:00+05:30,60.5,68,60.5,63.55,1235500,7223575
2024-09-11 12:02:00+05:30,63.95,64.3,59.6,62.55,628975,7223575
2024-09-11 12:03:00+05:30,62.65,65.45,60.75,62.1,667550,7141750
2024-09-11 12:04:00+05:30,61.95,64.15,60.75,63.15,448850,7141750
2024-09-11 12:05:00+05:30,63,71.85,62.85,69,1523025,7141750
2024-09-11 12:06:00+05:30,68.95,69,63.95,67.6,1047675,7075900
2024-09-11 12:07:00+05:30,66.75,66.9,60.75,60.75,760975,7075900
2024-09-11 12:08:00+05:30,61.65,64.4,59.35,61.3,847825,7075900
2024-09-11 12:09:00+05:30,61.15,62.15,58.75,59.2,529900,7099375
2024-09-11 12:10:00+05:30,59.3,59.45,55.85,57.75,693700,7099375
2024-09-11 12:11:00+05:30,57.45,59.6,55,55.15,467925,7099375
2024-09-11 12:12:00+05:30,56.25,59.8,53.35,59.2,599075,7053000
2024-09-11 12:13:00+05:30,58.85,60.25,58.3,59.35,476825,7053000
2024-09-11 12:14:00+05:30,59.3,62.1,57.85,61.35,499425,7053000
2024-09-11 12:15:00+05:30,61.5,64.65,60.05,60.75,680650,7266775
2024-09-11 12:16:00+05:30,60.55,60.9,57.1,57.8,430400,7266775
2024-09-11 12:17:00+05:30,58.35,59.1,56.5,57.05,227525,7266775
2024-09-11 12:18:00+05:30,57.7,58.3,55.45,56.2,231975,7266775
2024-09-11 12:19:00+05:30,56.2,57.8,55.2,57.05,219775,7299525
2024-09-11 12:20:00+05:30,57.3,60.55,56.95,59.55,364850,7299525
2024-09-11 12:21:00+05:30,59.55,59.85,56.7,58.55,262650,7299525
2024-09-11 12:22:00+05:30,58.45,63.65,58.05,62.55,452000,7307575
2024-09-11 12:23:00+05:30,62.75,64.45,61.4,62.8,455200,7307575
2024-09-11 12:24:00+05:30,62.7,64.6,62.35,63.9,349325,7307575
2024-09-11 12:25:00+05:30,63.8,67.9,62.2,64.25,605750,7322025
2024-09-11 12:26:00+05:30,64.35,65.9,63.25,65.15,467025,7322025
2024-09-11 12:27:00+05:30,64.5,68.15,63.85,64.95,826400,7322025
2024-09-11 12:28:00+05:30,65.1,66,61.5,61.8,443400,7176750
2024-09-11 12:29:00+05:30,62.45,63.5,59.2,60,389300,7176750
2024-09-11 12:30:00+05:30,60.2,62.7,58.2,62.2,389650,7176750
2024-09-11 12:31:00+05:30,61.8,65.9,61.65,64.9,457575,7130325
2024-09-11 12:32:00+05:30,65.3,69.8,64.15,68.85,606875,7130325
2024-09-11 12:33:00+05:30,69.1,69.2,66.35,67.85,544450,7130325
2024-09-11 12:34:00+05:30,68.1,75,66.45,67.6,1535750,7065400
2024-09-11 12:35:00+05:30,68.6,71.25,67.3,68.85,644600,7065400
2024-09-11 12:36:00+05:30,69.25,69.25,63.1,63.1,699350,7065400
2024-09-11 12:37:00+05:30,63.35,65.15,61.55,61.55,437325,6953025
2024-09-11 12:38:00+05:30,62.1,63.3,61.15,62.85,368825,6953025
2024-09-11 12:39:00+05:30,62.85,62.9,59.55,60.35,505800,6953025
2024-09-11 12:40:00+05:30,60.45,61.3,57.75,59.75,526750,7070925
2024-09-11 12:41:00+05:30,59.35,60.45,58,60.05,348050,7070925
2024-09-11 12:42:00+05:30,59.95,61.95,59.9,61.5,400350,7070925
2024-09-11 12:43:00+05:30,61.5,61.65,57.7,58.55,351325,7110150
2024-09-11 12:44:00+05:30,58.95,59.8,56.1,56.55,371450,7110150
2024-09-11 12:45:00+05:30,56.75,57.35,53.7,55.55,646450,7110150
2024-09-11 12:46:00+05:30,55.4,55.75,50.15,54.95,713175,7080850
2024-09-11 12:47:00+05:30,55,55.3,51.85,52.2,399750,7080850
2024-09-11 12:48:00+05:30,52.3,54.15,50.6,53,392575,7080850
2024-09-11 12:49:00+05:30,53.45,53.8,51.95,53,338525,7118325
2024-09-11 12:50:00+05:30,53,55.1,52.6,54.55,426350,7118325
2024-09-11 12:51:00+05:30,54.35,54.45,49.8,49.95,813475,7118325
2024-09-11 12:52:00+05:30,50.65,50.65,47.25,47.85,927825,7362800
2024-09-11 12:53:00+05:30,48,49.4,46.5,48.9,546400,7362800
2024-09-11 12:54:00+05:30,49,49,46.35,48.3,382400,7362800
2024-09-11 12:55:00+05:30,48.4,51.1,48.3,51.1,412375,7442800
2024-09-11 12:56:00+05:30,50.7,51.25,47.5,48.5,577150,7442800
2024-09-11 12:57:00+05:30,48.3,48.9,47.25,48.2,370075,7442800
2024-09-11 12:58:00+05:30,48.1,48.1,44.3,47.1,950425,7793725
2024-09-11 12:59:00+05:30,47.4,47.4,43.65,44.45,612600,7793725
2024-09-11 13:00:00+05:30,44.65,44.65,40.35,42.85,1266375,7793725
2024-09-11 13:01:00+05:30,42.3,46.55,42.3,46.35,713525,7820800
2024-09-11 13:02:00+05:30,46.2,49.1,45.7,48.05,870700,7820800
2024-09-11 13:03:00+05:30,48.1,49.6,47.3,48.75,562275,7820800
2024-09-11 13:04:00+05:30,48.55,48.6,45.8,47.7,393925,8042000
2024-09-11 13:05:00+05:30,47.75,48.4,46.55,47.2,276525,8042000
2024-09-11 13:06:00+05:30,47.25,47.5,44.7,46.6,421000,8042000
2024-09-11 13:07:00+05:30,46.6,48.85,46.1,46.5,284650,8089300
2024-09-11 13:08:00+05:30,46.35,46.6,43.65,44.05,394600,8089300
2024-09-11 13:09:00+05:30,44.05,46.85,43.95,46.1,213275,8089300
2024-09-11 13:10:00+05:30,46,47.35,45.6,46.05,237025,8082450
2024-09-11 13:11:00+05:30,46,50.2,45.9,49.35,451500,8082450
2024-09-11 13:12:00+05:30,48.7,50.15,48.4,48.75,470850,8082450
2024-09-11 13:13:00+05:30,48.65,49.4,47.55,48,326400,8258800
2024-09-11 13:14:00+05:30,47.95,47.95,45.1,45.8,334600,8258800
2024-09-11 13:15:00+05:30,45.65,47.35,45.45,47,200125,8258800
2024-09-11 13:16:00+05:30,47.15,48.8,46.6,47.9,195025,8186525
2024-09-11 13:17:00+05:30,48,48,45.65,46.65,213950,8186525
2024-09-11 13:18:00+05:30,46.45,46.6,43.65,44.85,452200,8186525
2024-09-11 13:19:00+05:30,44.8,45.8,43,45.3,357900,8191850
2024-09-11 13:20:00+05:30,45.15,45.55,43.8,45.55,182750,8191850
2024-09-11 13:21:00+05:30,45.4,46.65,44.65,45.7,220175,8191850
2024-09-11 13:22:00+05:30,45.7,46.9,45.15,45.85,249225,8215425
2024-09-11 13:23:00+05:30,45.8,47.25,45.8,46.5,193175,8215425
2024-09-11 13:24:00+05:30,46.2,46.45,44.85,46.15,228575,8215425
2024-09-11 13:25:00+05:30,46,47.3,44.9,46.7,285825,8258800
2024-09-11 13:26:00+05:30,46.8,48.1,46.1,47.35,264375,8258800
2024-09-11 13:27:00+05:30,47.45,49.45,46.85,47.35,459000,8258800
2024-09-11 13:28:00+05:30,47.35,48.5,46.45,48,386850,8349850
2024-09-11 13:29:00+05:30,47.85,49.05,47.05,47.95,344125,8349850
2024-09-11 13:30:00+05:30,47.8,48.25,44.85,45.65,453400,8349850
2024-09-11 13:31:00+05:30,45.65,46.55,42.6,43.5,530725,8496900
2024-09-11 13:32:00+05:30,43.3,43.75,39.5,40.35,919250,8496900
2024-09-11 13:33:00+05:30,40.4,40.65,37,37.7,818500,8496900
2024-09-11 13:34:00+05:30,37.75,39.35,37.6,38.4,509300,8419575
2024-09-11 13:35:00+05:30,38.2,38.95,36.75,38.75,697825,8419575
2024-09-11 13:36:00+05:30,38.8,41.75,38.8,40.45,601400,8419575
2024-09-11 13:37:00+05:30,41,41,39.15,39.8,376650,8543700
2024-09-11 13:38:00+05:30,39.75,41,39.45,39.85,277850,8543700
2024-09-11 13:39:00+05:30,40.1,40.75,39.1,40.15,247500,8543700
2024-09-11 13:40:00+05:30,40.3,40.9,38.6,40.05,226425,8690375
2024-09-11 13:41:00+05:30,40.1,40.4,37.9,37.9,285300,8690375
2024-09-11 13:42:00+05:30,37.95,37.95,35.1,36.65,725875,8690375
2024-09-11 13:43:00+05:30,36.65,36.9,34.55,36.05,721475,8764275
2024-09-11 13:44:00+05:30,35.85,36.7,34.55,35.8,615925,8764275
2024-09-11 13:45:00+05:30,35.75,35.75,32.85,33.45,736125,8764275
2024-09-11 13:46:00+05:30,33.4,33.6,32.4,33.05,571550,8865200
2024-09-11 13:47:00+05:30,33.05,33.4,31.85,33.05,573775,8865200
2024-09-11 13:48:00+05:30,33.1,34.6,32.45,34.15,365325,8865200
2024-09-11 13:49:00+05:30,34.4,37.35,34.4,36.9,581725,8911450
2024-09-11 13:50:00+05:30,37.1,40.4,36.2,39.6,780400,8911450
2024-09-11 13:51:00+05:30,39.9,39.9,37.45,38.1,518500,8911450
2024-09-11 13:52:00+05:30,38.1,38.7,36.3,38.45,323825,9016175
2024-09-11 13:53:00+05:30,38.5,38.55,35.05,35.5,291150,9016175
2024-09-11 13:54:00+05:30,35.65,36.85,35.2,36,233600,9016175
2024-09-11 13:55:00+05:30,36.05,37.8,34.45,37.1,306500,9035850
2024-09-11 13:56:00+05:30,37.35,38.55,36.75,37.7,362075,9035850
2024-09-11 13:57:00+05:30,37.75,37.85,34.85,35.6,504375,9035850
2024-09-11 13:58:00+05:30,35.7,35.7,33.15,33.4,350200,9262800
2024-09-11 13:59:00+05:30,33.85,34.25,33,33.2,588850,9262800
2024-09-11 14:00:00+05:30,33.1,33.1,28.2,30.3,1370225,9262800
2024-09-11 14:01:00+05:30,30.05,30.95,29,30,568675,9612275
2024-09-11 14:02:00+05:30,30,30.5,29,29.05,434750,9612275
2024-09-11 14:03:00+05:30,29.1,29.25,27,27.65,748475,9612275
2024-09-11 14:04:00+05:30,27.65,27.75,24.15,25.1,1226325,9718625
2024-09-11 14:05:00+05:30,24.95,26.4,24.6,26.3,918050,9718625
2024-09-11 14:06:00+05:30,26.15,26.6,24.8,25.25,808300,9718625
2024-09-11 14:07:00+05:30,25.55,26.05,25,25.9,606500,9882675
2024-09-11 14:08:00+05:30,26.05,27.3,25.9,26.95,493425,9882675
2024-09-11 14:09:00+05:30,27,27.4,25.9,27.1,422025,9882675
2024-09-11 14:10:00+05:30,27.25,27.5,26.65,27.2,330825,10052500
2024-09-11 14:11:00+05:30,27.2,27.25,25.1,25.6,417025,10052500
2024-09-11 14:12:00+05:30,25.65,25.85,21.4,22.05,1049050,10052500
2024-09-11 14:13:00+05:30,22.5,22.5,20.05,20.9,979975,10090650
2024-09-11 14:14:00+05:30,20.85,21.15,18.85,19.2,1267675,10090650
2024-09-11 14:15:00+05:30,19.15,20.45,18.05,20.1,1091350,10090650
2024-09-11 14:16:00+05:30,20,20.6,19.55,20.6,714100,9973625
2024-09-11 14:17:00+05:30,20.65,21.55,20.45,21.25,660450,9973625
2024-09-11 14:18:00+05:30,21.35,21.55,20.9,21.3,568300,9973625
2024-09-11 14:19:00+05:30,21.25,21.35,20,20.6,482125,10186275
2024-09-11 14:20:00+05:30,20.6,21.75,20.6,21.1,329975,10186275
2024-09-11 14:21:00+05:30,21.05,21.4,20.6,20.7,277550,10186275
2024-09-11 14:22:00+05:30,20.6,20.75,19.7,20.55,474000,10340075
2024-09-11 14:23:00+05:30,20.65,21.7,20.15,21.35,267650,10340075
2024-09-11 14:24:00+05:30,21.25,21.5,19.8,20.1,453275,10340075
2024-09-11 14:25:00+05:30,20.15,20.9,20,20.8,235625,10443975
2024-09-11 14:26:00+05:30,20.8,21.8,20.5,20.55,299200,10443975
2024-09-11 14:27:00+05:30,20.65,20.65,18.8,19.4,522000,10443975
2024-09-11 14:28:00+05:30,19.3,20.4,19.2,19.9,262325,10504750
2024-09-11 14:29:00+05:30,19.85,20.2,19.2,19.5,331650,10504750
2024-09-11 14:30:00+05:30,19.55,19.85,19.05,19.4,175500,10504750
2024-09-11 14:31:00+05:30,19.35,21.25,19.3,21.1,300750,10589200
2024-09-11 14:32:00+05:30,21,22.3,21,22.25,448600,10589200
2024-09-11 14:33:00+05:30,22.15,22.2,20.3,20.5,451625,10589200
2024-09-11 14:34:00+05:30,20.35,20.45,18.9,19,486700,10676950
2024-09-11 14:35:00+05:30,19.2,19.45,17.85,17.85,621850,10676950
2024-09-11 14:36:00+05:30,18.25,18.6,16.7,18.4,893675,10676950
2024-09-11 14:37:00+05:30,18.25,18.8,18.1,18.4,552100,10562375
2024-09-11 14:38:00+05:30,18.35,19.15,18.35,18.5,330925,10562375
2024-09-11 14:39:00+05:30,18.55,19.65,18.4,19.45,267125,10562375
2024-09-11 14:40:00+05:30,19.35,20.45,18.8,19.15,432650,10563400
2024-09-11 14:41:00+05:30,19.1,19.25,18.5,19.15,240325,10563400
2024-09-11 14:42:00+05:30,19.15,19.15,18.6,18.9,283825,10563400
2024-09-11 14:43:00+05:30,18.8,19.15,18.2,18.2,226075,10658800
2024-09-11 14:44:00+05:30,18.4,18.55,16.65,17.05,517525,10658800
2024-09-11 14:45:00+05:30,17.15,17.85,16.35,16.55,545700,10658800
2024-09-11 14:46:00+05:30,16.6,16.7,14.6,14.85,888950,10738125
2024-09-11 14:47:00+05:30,15,15.75,14.55,15.1,700225,10738125
2024-09-11 14:48:00+05:30,15.3,15.9,15,15.45,334175,10738125
2024-09-11 14:49:00+05:30,15.4,15.55,14.65,15.1,550775,10656975
2024-09-11 14:50:00+05:30,14.85,15.1,14.6,14.85,418475,10656975
2024-09-11 14:51:00+05:30,14.8,15.1,13.2,13.5,719950,10656975
2024-09-11 14:52:00+05:30,13.45,14.3,13.45,13.75,582700,10669800
2024-09-11 14:53:00+05:30,13.75,14.25,13.4,13.85,447950,10669800
2024-09-11 14:54:00+05:30,13.75,14.05,13.1,13.45,371875,10669800
2024-09-11 14:55:00+05:30,13.5,13.6,12.45,12.8,546050,10691575
2024-09-11 14:56:00+05:30,12.8,13.25,12.6,13.05,832350,10691575
2024-09-11 14:57:00+05:30,13,13.85,12.9,13.55,594425,10691575
2024-09-11 14:58:00+05:30,13.45,13.85,12.65,13,593550,10796675
2024-09-11 14:59:00+05:30,13.05,13.55,12.75,12.85,284475,10796675
2024-09-11 15:00:00+05:30,12.75,13.2,11.05,11.8,834675,10796675
2024-09-11 15:01:00+05:30,11.85,13.3,11.5,12.2,771475,10784500
2024-09-11 15:02:00+05:30,12.3,12.55,11.65,12.05,495300,10784500
2024-09-11 15:03:00+05:30,12.05,12.15,11.45,11.45,440350,10784500
2024-09-11 15:04:00+05:30,11.5,11.6,10.9,11.5,639050,10778575
2024-09-11 15:05:00+05:30,11.5,11.65,10.8,11.1,514550,10778575
2024-09-11 15:06:00+05:30,11.1,12.6,11.1,12.5,553850,10778575
2024-09-11 15:07:00+05:30,12.5,12.65,12,12.45,559275,10793025
2024-09-11 15:08:00+05:30,12.4,13.05,12.4,12.55,619575,10793025
2024-09-11 15:09:00+05:30,12.6,13.45,12.45,13.25,635500,10793025
2024-09-11 15:10:00+05:30,13.35,13.65,12.5,12.65,554150,10839475
2024-09-11 15:11:00+05:30,12.75,12.95,11.85,12.15,596200,10839475
2024-09-11 15:12:00+05:30,12.15,12.7,12.1,12.4,325850,10839475
2024-09-11 15:13:00+05:30,12.5,12.5,11.75,11.95,447050,10764525
2024-09-11 15:14:00+05:30,11.95,12.1,11.25,11.4,499075,10764525
2024-09-11 15:15:00+05:30,11.45,12.25,11.4,12.2,750700,10764525
2024-09-11 15:16:00+05:30,12.15,12.85,12.1,12.6,472375,10638950
2024-09-11 15:17:00+05:30,12.65,13.2,12.6,12.85,548700,10638950
2024-09-11 15:18:00+05:30,12.95,13.05,12.6,12.6,421150,10638950
2024-09-11 15:19:00+05:30,12.55,12.65,11.95,12.2,602200,10509675
2024-09-11 15:20:00+05:30,12.35,12.85,12.25,12.6,559475,10509675
2024-09-11 15:21:00+05:30,12.6,12.9,12.4,12.6,555675,10509675
2024-09-11 15:22:00+05:30,12.6,13.45,12.55,13.35,549975,10580650
2024-09-11 15:23:00+05:30,13.35,13.75,12.8,13.1,487500,10580650
2024-09-11 15:24:00+05:30,13.05,13.2,12.15,12.85,540900,10580650
2024-09-11 15:25:00+05:30,12.7,12.95,12.6,12.85,601050,10452325
2024-09-11 15:26:00+05:30,12.85,13.05,12.3,12.3,442475,10452325
2024-09-11 15:27:00+05:30,12.25,12.8,12.25,12.5,537400,10452325
2024-09-11 15:28:00+05:30,12.6,12.75,12.1,12.15,688200,10394725
2024-09-11 15:29:00+05:30,12.2,12.4,12,12.15,628100,10394725
2024-09-12 09:15:00+05:30,31.5,31.5,17,23.65,6823850,10768175
2024-09-12 09:16:00+05:30,24.05,29.2,23.8,25.75,5569900,10768175
2024-09-12 09:17:00+05:30,25.85,26,22.55,25.2,3840225,10768175
2024-09-12 09:18:00+05:30,25.15,25.3,20.9,20.9,3292525,11772275
2024-09-12 09:19:00+05:30,20.6,21.3,19.15,19.75,3291250,11772275
2024-09-12 09:20:00+05:30,19.45,21.2,18.7,20.55,2785450,11772275
2024-09-12 09:21:00+05:30,20.3,32,19.75,29.7,6957625,13007800
2024-09-12 09:22:00+05:30,29.15,31.65,25.75,28.35,5411150,13007800
2024-09-12 09:23:00+05:30,28.3,29.2,26.3,27,2537450,13007800
2024-09-12 09:24:00+05:30,26.45,28.4,24,27.95,3268300,13168275
2024-09-12 09:25:00+05:30,27.8,37,27.8,36.55,7615150,13168275
2024-09-12 09:26:00+05:30,39.05,41,33.75,36.25,6113900,13168275
2024-09-12 09:27:00+05:30,35.5,36.85,32.9,36.25,3108325,12957450
2024-09-12 09:28:00+05:30,36.35,43,33.3,33.85,5658900,12957450
2024-09-12 09:29:00+05:30,33.85,36.45,31.9,36.45,3250950,12957450
2024-09-12 09:30:00+05:30,36.2,41.15,34.2,36.45,5073975,12971775
2024-09-12 09:31:00+05:30,36.45,37.2,29.7,29.7,4130425,12971775
2024-09-12 09:32:00+05:30,30.1,35.4,29.2,34.15,4205650,12971775
2024-09-12 09:33:00+05:30,34.2,35.95,30.8,32.2,2686625,13271875
2024-09-12 09:34:00+05:30,31.9,32.45,27.6,29.6,2792450,13271875
2024-09-12 09:35:00+05:30,29.35,32.75,28.75,30.75,2237550,13271875
2024-09-12 09:36:00+05:30,30.6,31.5,29.45,31.05,1798150,13998000
2024-09-12 09:37:00+05:30,30.9,31.05,24.4,24.45,3683250,13998000
2024-09-12 09:38:00+05:30,25,26.65,23.4,26.35,2671575,13998000
2024-09-12 09:39:00+05:30,26,26.5,22.2,22.75,2014900,14515775
2024-09-12 09:40:00+05:30,23.05,26.05,22.6,25.2,1573100,14515775
2024-09-12 09:41:00+05:30,25.15,27.3,23.8,27.15,1843275,14515775
2024-09-12 09:42:00+05:30,27,27.15,24.7,26,1852075,14935575
2024-09-12 09:43:00+05:30,25.8,32.5,25.8,31.75,2313775,14935575
2024-09-12 09:44:00+05:30,31.5,34.55,30.85,32.95,3663500,14935575
2024-09-12 09:45:00+05:30,32.55,33.15,29.55,31.4,2722775,15121825
2024-09-12 09:46:00+05:30,30.95,31.65,28.15,29.85,1923925,15121825
2024-09-12 09:47:00+05:30,29.7,31.95,29.45,31.8,1753075,15121825
2024-09-12 09:48:00+05:30,31.65,37.2,31.6,36.4,4676875,15022000
2024-09-12 09:49:00+05:30,36.75,38.45,26.05,26.15,4718950,15022000
2024-09-12 09:50:00+05:30,26.25,28.7,25.65,27.5,2604200,15022000
2024-09-12 09:51:00+05:30,27.35,27.75,25.75,27.1,1452975,15555525
2024-09-12 09:52:00+05:30,27,27.1,23.15,24.55,2570600,15555525
2024-09-12 09:53:00+05:30,24.45,25,23.35,23.6,1558100,15555525
2024-09-12 09:54:00+05:30,23.2,26.4,23.05,23.05,2518700,15638300
2024-09-12 09:55:00+05:30,23,25.3,22.15,24.9,3348700,15638300
2024-09-12 09:56:00+05:30,24.8,27.85,24.65,26.65,2368950,15638300
2024-09-12 09:57:00+05:30,26.5,27.7,25.45,26.8,2237300,16063225
2024-09-12 09:58:00+05:30,26.85,26.85,23.4,23.7,1734450,16063225
2024-09-12 09:59:00+05:30,23.55,24.2,21.1,22,3788600,16063225
2024-09-12 10:00:00+05:30,21.8,22.05,20.7,21.15,2599325,16184500
2024-09-12 10:01:00+05:30,21,23.5,20.75,23.05,2172650,16184500
2024-09-12 10:02:00+05:30,23,23.4,20.45,21.1,2055775,16184500
2024-09-12 10:03:00+05:30,21.05,23.3,20.9,22.9,1588675,16430825
2024-09-12 10:04:00+05:30,23.05,25.8,22.6,24.9,2450800,16430825
2024-09-12 10:05:00+05:30,24.8,32.75,24.7,32.3,4897675,16430825
2024-09-12 10:06:00+05:30,32.5,32.9,28.3,29.55,3382200,15889375
2024-09-12 10:07:00+05:30,29.7,30.9,26.25,27.9,2386425,15889375
2024-09-12 10:08:00+05:30,28,30.85,27.1,28.1,1963275,15889375
2024-09-12 10:09:00+05:30,28.45,32,28.05,29.25,2223775,16101500
2024-09-12 10:10:00+05:30,29.05,31.25,27.6,28.45,1871175,16101500
2024-09-12 10:11:00+05:30,28.45,35.25,28.3,32.3,3198675,16101500
2024-09-12 10:12:00+05:30,32.1,32.1,27.6,28.85,1765825,15754475
2024-09-12 10:13:00+05:30,28.85,28.85,25.95,27.05,1615750,15754475
2024-09-12 10:14:00+05:30,26.95,28.75,25.9,26.15,1182400,15754475
2024-09-12 10:15:00+05:30,25.9,28.45,25.7,27.65,1265200,15894975
2024-09-12 10:16:00+05:30,27.55,28.4,24.3,27.2,1572350,15894975
2024-09-12 10:17:00+05:30,26.95,27.3,24.95,25.75,1246200,15894975
2024-09-12 10:18:00+05:30,25.55,26.75,24.95,25.95,1045275,15957875
2024-09-12 10:19:00+05:30,26.05,26.3,24.5,26,1299375,15957875
2024-09-12 10:20:00+05:30,26.1,26.95,25.3,26.5,1010600,15957875
2024-09-12 10:21:00+05:30,26.05,26.3,24.85,26,1009650,16164600
2024-09-12 10:22:00+05:30,26.25,27.2,24.55,25.55,1337400,16164600
2024-09-12 10:23:00+05:30,25.4,26.5,24.55,26.35,1290675,16164600
2024-09-12 10:24:00+05:30,26.3,29.45,26.15,26.15,1824600,16211325
2024-09-12 10:25:00+05:30,26.4,28.15,25.95,27.3,949375,16211325
2024-09-12 10:26:00+05:30,27.45,29.1,26.25,27.9,1642600,16211325
2024-09-12 10:27:00+05:30,27.65,29.45,27.2,28.1,1160775,16307325
2024-09-12 10:28:00+05:30,28.2,28.5,26.05,26.25,1002750,16307325
2024-09-12 10:29:00+05:30,26.2,27.3,25.05,27.2,1307875,16307325
2024-09-12 10:30:00+05:30,27.15,27.15,24.35,24.35,1490600,16599800
2024-09-12 10:31:00+05:30,24.35,25,22.3,24.85,3114925,16599800
2024-09-12 10:32:00+05:30,24.85,26.9,24.2,24.3,1962650,16599800
2024-09-12 10:33:00+05:30,24.75,27.3,24.75,27,1278950,16704250
2024-09-12 10:34:00+05:30,27,28.05,24.8,26.9,1428475,16704250
2024-09-12 10:35:00+05:30,26.8,30.1,26.5,29.85,2107550,16704250
2024-09-12 10:36:00+05:30,30,32.35,28.7,29.7,2748925,16670000
2024-09-12 10:37:00+05:30,29.85,37,29.75,32.2,3279450,16670000
2024-09-12 10:38:00+05:30,31.85,34.05,29.95,31.3,2261725,16670000
2024-09-12 10:39:00+05:30,31,32.8,29.35,31.8,1562225,16452825
2024-09-12 10:40:00+05:30,31.55,34,28.8,29.75,1854275,16452825
2024-09-12 10:41:00+05:30,29.85,30.7,27.55,28.6,1515425,16452825
2024-09-12 10:42:00+05:30,28.55,28.7,23.85,24.55,2694925,16511975
2024-09-12 10:43:00+05:30,24.5,24.9,22.65,23.9,1986825,16511975
2024-09-12 10:44:00+05:30,24,24.9,22.45,22.8,1560800,16511975
2024-09-12 10:45:00+05:30,23.1,24.3,22.8,23.6,1240300,16869825
2024-09-12 10:46:00+05:30,23.6,23.65,22.4,23.45,1303550,16869825
2024-09-12 10:47:00+05:30,23.5,24.3,23.1,23.1,1091650,16869825
2024-09-12 10:48:00+05:30,23,23,21.45,22.2,2224700,16964875
2024-09-12 10:49:00+05:30,22.15,22.65,21,21.25,1076050,16964875
2024-09-12 10:50:00+05:30,21.1,24.1,20.9,24.1,1926600,16964875
2024-09-12 10:51:00+05:30,24,25.75,23.6,24.6,2225125,17030425
2024-09-12 10:52:00+05:30,24.5,24.65,19.55,19.6,2792125,17030425
2024-09-12 10:53:00+05:30,19.95,20.3,18.05,19.4,2529625,17030425
2024-09-12 10:54:00+05:30,19.35,20.3,17.2,17.35,2173000,17519525
2024-09-12 10:55:00+05:30,17.25,17.7,16.45,16.9,2251650,17519525
2024-09-12 10:56:00+05:30,16.85,17.95,16.35,17.35,1728250,17519525
2024-09-12 10:57:00+05:30,17.2,18.3,16.7,18.1,1170575,18031100
2024-09-12 10:58:00+05:30,18.1,19.15,17.25,18.6,1428675,18031100
2024-09-12 10:59:00+05:30,18.65,19.45,16.75,18.75,1941800,18031100
2024-09-12 11:00:00+05:30,18.8,19.6,17.9,19.45,2059075,18353950
2024-09-12 11:01:00+05:30,19.6,19.8,17.4,17.95,1640425,18353950
2024-09-12 11:02:00+05:30,18.35,19.45,17.25,18.35,1558500,18353950
2024-09-12 11:03:00+05:30,18.35,18.4,16.7,18.2,1497275,18831450
2024-09-12 11:04:00+05:30,18.3,18.3,16.65,17.15,1421375,18831450
2024-09-12 11:05:00+05:30,17.15,19.05,16.9,19.05,1343125,18831450
2024-09-12 11:06:00+05:30,18.75,22.95,18.65,22.75,2506975,18526925
2024-09-12 11:07:00+05:30,23.05,23.4,20.6,22.5,2625500,18526925
2024-09-12 11:08:00+05:30,22.55,24.9,21.55,23.8,2563925,18526925
2024-09-12 11:09:00+05:30,23.6,24.85,21.75,24.6,1595925,18226550
2024-09-12 11:10:00+05:30,24.8,26.35,23,24.25,2915875,18226550
2024-09-12 11:11:00+05:30,24.3,24.3,21.3,23.6,1750875,18226550
2024-09-12 11:12:00+05:30,23.3,24.6,21.9,22.6,1118850,18251900
2024-09-12 11:13:00+05:30,22.6,23.1,21.3,22.3,846600,18251900
2024-09-12 11:14:00+05:30,22.25,22.75,21.1,21.85,756700,18251900
2024-09-12 11:15:00+05:30,21.9,22.6,21,21.55,960125,18515475
2024-09-12 11:16:00+05:30,21.6,21.85,19.85,21.85,1341600,18515475
2024-09-12 11:17:00+05:30,21.95,23.25,21.7,22.55,1235950,18515475
2024-09-12 11:18:00+05:30,22.35,23.75,22.25,23.2,861250,18460825
2024-09-12 11:19:00+05:30,23.2,24.4,22.8,23.7,866950,18460825
2024-09-12 11:20:00+05:30,23.85,34.55,23.05,34.55,4037550,18460825
2024-09-12 11:21:00+05:30,33.6,34.65,25.5,28.55,4617300,17570400
2024-09-12 11:22:00+05:30,28.45,29.35,25.3,26.15,2072125,17570400
2024-09-12 11:23:00+05:30,26,26.7,23.55,23.7,1773300,17570400
2024-09-12 11:24:00+05:30,23.55,24.65,21.6,22.15,2023500,18063200
2024-09-12 11:25:00+05:30,22.15,22.6,20.7,22.35,4279275,18063200
2024-09-12 11:26:00+05:30,22.1,22.9,19.55,20.95,5057500,18063200
2024-09-12 11:27:00+05:30,20.9,21.3,19.7,20.6,2724800,18396925
2024-09-12 11:28:00+05:30,20.7,20.95,18,18.25,2740000,18396925
2024-09-12 11:29:00+05:30,18.2,19.35,18,18.55,2190925,18396925
2024-09-12 11:30:00+05:30,18.65,20.25,18.65,19.55,2053750,18712175
2024-09-12 11:31:00+05:30,19.6,19.8,18.05,19.2,1998925,18712175
2024-09-12 11:32:00+05:30,19.5,20.35,19.35,19.85,1702925,18712175
2024-09-12 11:33:00+05:30,19.9,20.3,18.85,19.8,1377850,18947725
2024-09-12 11:34:00+05:30,19.8,20.25,19,19.7,1076425,18947725
2024-09-12 11:35:00+05:30,19.55,21.75,19.45,21.6,1887425,18947725
2024-09-12 11:36:00+05:30,21.5,23.9,20.85,22.6,2320575,19196975
2024-09-12 11:37:00+05:30,22.65,31.4,22.45,31.2,5379650,19196975
2024-09-12 11:38:00+05:30,30.8,30.8,24.9,25.6,3562525,19196975
2024-09-12 11:39:00+05:30,25.85,28.45,24.55,27.65,1917325,18987950
2024-09-12 11:40:00+05:30,27.45,29.65,26.4,27.4,2072100,18987950
2024-09-12 11:41:00+05:30,27.45,30.1,25.7,26.8,1837100,18987950
2024-09-12 11:42:00+05:30,26.65,29,26.35,27.75,1302325,19277325
2024-09-12 11:43:00+05:30,27.5,28.45,26.55,27.4,886750,19277325
2024-09-12 11:44:00+05:30,27.25,27.55,24.65,27.3,1698875,19277325
2024-09-12 11:45:00+05:30,27.1,30.6,25.25,26.3,2939525,19170225
2024-09-12 11:46:00+05:30,26.8,28.8,26.3,27.9,980200,19170225
2024-09-12 11:47:00+05:30,27.9,28.05,24.1,24.9,1517275,19170225
2024-09-12 11:48:00+05:30,25.15,25.4,23.55,24.55,1207775,19300600
2024-09-12 11:49:00+05:30,24.2,24.2,21.35,21.4,1557800,19300600
2024-09-12 11:50:00+05:30,21.2,22.5,20.75,21.7,1802275,19300600
2024-09-12 11:51:00+05:30,21.65,22.05,20.5,20.9,1370325,19704050
2024-09-12 11:52:00+05:30,20.8,21.9,20.75,21.3,775000,19704050
2024-09-12 11:53:00+05:30,21.3,22.45,20.8,21.9,1034475,19704050
2024-09-12 11:54:00+05:30,21.7,23.35,21.7,23.1,1055500,19867375
2024-09-12 11:55:00+05:30,23.15,24.45,22.85,24.25,1059575,19867375
2024-09-12 11:56:00+05:30,24.25,24.55,22.2,22.85,1516025,19867375
2024-09-12 11:57:00+05:30,22.95,25.7,22.95,25.25,1603125,20089750
2024-09-12 11:58:00+05:30,25.2,26.65,24.5,26.3,1079225,20089750
2024-09-12 11:59:00+05:30,26.4,27.35,25.55,26,1314425,20089750
2024-09-12 12:00:00+05:30,26.1,28.4,24.85,25.35,1563075,20213325
2024-09-12 12:01:00+05:30,25.35,28.85,25.25,27.8,1278450,20213325
2024-09-12 12:02:00+05:30,27.85,28.65,25.8,26.95,1285800,20213325
2024-09-12 12:03:00+05:30,26.95,28.45,26.45,27.45,1134500,20359075
2024-09-12 12:04:00+05:30,27.4,29.75,25.75,26.05,1479600,20359075
2024-09-12 12:05:00+05:30,26.1,28.95,25.4,28.6,1351625,20359075
2024-09-12 12:06:00+05:30,28.45,28.45,23.65,24.7,1998475,20337825
2024-09-12 12:07:00+05:30,24.8,26.65,24.5,25.45,1236250,20337825
2024-09-12 12:08:00+05:30,25.4,27.25,25.4,27.1,734050,20337825
2024-09-12 12:09:00+05:30,27.05,29.4,26.65,28.8,1827950,20628175
2024-09-12 12:10:00+05:30,28.45,31.2,27.55,28,1955950,20628175
2024-09-12 12:11:00+05:30,27.95,30.35,26.35,30.35,1239550,20628175
2024-09-12 12:12:00+05:30,29.8,30.15,27.35,28.35,1038975,20561425
2024-09-12 12:13:00+05:30,28.5,32.4,28.5,29.8,1835125,20561425
2024-09-12 12:14:00+05:30,29.95,31.7,28.65,29.95,1134675,20561425
2024-09-12 12:15:00+05:30,30.15,32.6,28.65,30.8,1561300,20414575
2024-09-12 12:16:00+05:30,30.7,30.7,25.9,27.15,1989625,20414575
2024-09-12 12:17:00+05:30,27.35,29,26.85,28.3,812950,20414575
2024-09-12 12:18:00+05:30,28.05,29.3,27.5,28.65,721450,20358425
2024-09-12 12:19:00+05:30,28.35,28.45,26.15,27.05,890175,20358425
2024-09-12 12:20:00+05:30,27,27.45,24.1,25.25,1824850,20358425
2024-09-12 12:21:00+05:30,24.85,25.3,23.75,24.75,1477750,20224150
2024-09-12 12:22:00+05:30,24.75,24.75,21.6,22,2401150,20224150
2024-09-12 12:23:00+05:30,22.15,24.45,21.8,23.75,1857250,20224150
2024-09-12 12:24:00+05:30,23.95,24.25,22.5,23.3,1104200,20304850
2024-09-12 12:25:00+05:30,23.25,24.4,22.65,23.75,796725,20304850
2024-09-12 12:26:00+05:30,23.7,24.55,22.75,24.15,979900,20304850
2024-09-12 12:27:00+05:30,24.15,25.75,23.65,25.35,1619650,20306550
2024-09-12 12:28:00+05:30,25.3,26,24.1,24.75,1104050,20306550
2024-09-12 12:29:00+05:30,24.8,24.85,20.35,20.4,2045700,20306550
2024-09-12 12:30:00+05:30,20.95,21.45,19.4,19.95,2128625,20576025
2024-09-12 12:31:00+05:30,20.1,20.15,18.05,18.15,1929375,20576025
2024-09-12 12:32:00+05:30,18.2,19.35,18.1,18.9,1104275,20576025
2024-09-12 12:33:00+05:30,18.85,19.35,18.2,19.25,1009900,21000575
2024-09-12 12:34:00+05:30,19.25,20.05,17.75,19.45,1759525,21000575
2024-09-12 12:35:00+05:30,19.35,21,19.35,20.6,1029175,21000575
2024-09-12 12:36:00+05:30,20.8,22.55,20.2,22.35,966075,21000575
2024-09-12 12:37:00+05:30,22,24.05,21.75,23.3,2335525,21112000
2024-09-12 12:38:00+05:30,23.4,25.8,23.2,24.6,2417375,21112000
2024-09-12 12:39:00+05:30,24.65,26.85,24,24.85,2238800,21112000
2024-09-12 12:40:00+05:30,24.85,26.45,24.45,25,1262050,21181625
2024-09-12 12:41:00+05:30,25.15,26.15,24.15,24.95,1443850,21181625
2024-09-12 12:42:00+05:30,24.85,25.35,22.45,24.75,1827425,21181625
2024-09-12 12:43:00+05:30,24.75,26.5,24.55,26.4,1191200,21581500
2024-09-12 12:44:00+05:30,26.5,27.55,25.75,26.6,1737450,21581500
2024-09-12 12:45:00+05:30,26.45,26.45,23.2,23.55,1336275,21581500
2024-09-12 12:46:00+05:30,23.45,23.7,20.65,21.95,1578350,21807500
2024-09-12 12:47:00+05:30,22,22.85,21.5,22.25,733550,21807500
2024-09-12 12:48:00+05:30,22.05,22.05,19.85,20.5,1362675,21807500
2024-09-12 12:49:00+05:30,20.45,21.1,18.8,20,1701425,21920375
2024-09-12 12:50:00+05:30,20.05,21.2,19.75,20.6,896700,21920375
2024-09-12 12:51:00+05:30,20.65,21.65,20.35,21.2,719950,21920375
2024-09-12 12:52:00+05:30,21.25,21.5,20.6,21.15,522075,22098750
2024-09-12 12:53:00+05:30,21.2,21.25,19.95,19.95,874575,22098750
2024-09-12 12:54:00+05:30,19.95,21.15,19.15,20.95,1349550,22098750
2024-09-12 12:55:00+05:30,21.1,22,20.7,21.75,850775,22116025
2024-09-12 12:56:00+05:30,21.8,22.25,21.45,21.5,1138950,22116025
2024-09-12 12:57:00+05:30,21.25,23.85,19.75,23.8,1870850,22116025
2024-09-12 12:58:00+05:30,23.05,24.9,22.95,23.8,1904475,22202850
2024-09-12 12:59:00+05:30,23.8,24.95,22.95,24.75,1144200,22202850
2024-09-12 13:00:00+05:30,24.7,26.1,22.85,23.65,1872125,22202850
2024-09-12 13:01:00+05:30,23.55,23.65,21.8,23.45,1251725,22656500
2024-09-12 13:02:00+05:30,23.45,25.95,23.45,25.1,1366450,22656500
2024-09-12 13:03:00+05:30,25.1,27.15,23.3,27.05,1508350,22656500
2024-09-12 13:04:00+05:30,26.3,28.8,25.45,27.65,2320825,22710075
2024-09-12 13:05:00+05:30,27.65,32.8,24.3,25.55,5496400,22710075
2024-09-12 13:06:00+05:30,26,27.95,22.8,23.45,2647125,22710075
2024-09-12 13:07:00+05:30,23.8,23.8,19.25,19.4,2770375,22360375
2024-09-12 13:08:00+05:30,19.7,19.7,18.05,19.3,2726275,22360375
2024-09-12 13:09:00+05:30,19.35,20.45,18.9,19,1821325,22360375
2024-09-12 13:10:00+05:30,18.95,21.2,18.3,20.75,1442075,22582400
2024-09-12 13:11:00+05:30,20.55,21.4,17.25,18,2469525,22582400
2024-09-12 13:12:00+05:30,18,19.1,17.8,18.6,1494775,22582400
2024-09-12 13:13:00+05:30,18.7,19.25,17.75,18.85,1088275,22978075
2024-09-12 13:14:00+05:30,18.85,19.15,17.9,18.4,1228175,22978075
2024-09-12 13:15:00+05:30,18.45,18.45,14.45,15.25,3758800,22978075
2024-09-12 13:16:00+05:30,15.35,16.2,14.35,16.2,2331775,22868400
2024-09-12 13:17:00+05:30,16.1,16.9,15.35,16.75,2232825,22868400
2024-09-12 13:18:00+05:30,16.8,17.75,16.35,16.55,1746750,22868400
2024-09-12 13:19:00+05:30,16.55,16.55,11.75,11.95,3996725,23455075
2024-09-12 13:20:00+05:30,12.1,12.95,11.45,12.65,3154250,23455075
2024-09-12 13:21:00+05:30,12.6,14.5,12.55,14.05,2488925,23455075
2024-09-12 13:22:00+05:30,14,15.75,12.65,12.7,2634400,23603350
2024-09-12 13:23:00+05:30,13,17.6,13,17.6,3736075,23603350
2024-09-12 13:24:00+05:30,17.5,19.55,16.1,17.9,3445175,23603350
2024-09-12 13:25:00+05:30,17.85,21.75,17.3,17.95,3887450,23371550
2024-09-12 13:26:00+05:30,17.95,22.4,16.7,17.3,4510575,23371550
2024-09-12 13:27:00+05:30,17.4,20.7,17.4,18.55,2036850,23371550
2024-09-12 13:28:00+05:30,18.65,18.7,15.25,16,2178375,23103900
2024-09-12 13:29:00+05:30,16.05,16.35,13.4,13.4,2059900,23103900
2024-09-12 13:30:00+05:30,13.35,14.4,12.3,12.5,2579850,23103900
2024-09-12 13:31:00+05:30,12.7,14.35,12.2,13.55,1944075,23271650
2024-09-12 13:32:00+05:30,13.35,14.1,10.6,10.85,2541800,23271650
2024-09-12 13:33:00+05:30,11.05,11.45,9.8,9.95,3468550,23271650
2024-09-12 13:34:00+05:30,10.2,11.2,9.25,9.25,2559925,23172450
2024-09-12 13:35:00+05:30,9.7,10.85,9.25,10.3,2634975,23172450
2024-09-12 13:36:00+05:30,10.3,10.7,9.5,10.15,1982700,23172450
2024-09-12 13:37:00+05:30,10.35,11.7,10.1,11.1,2296950,23318100
2024-09-12 13:38:00+05:30,10.85,11.6,8.9,9.35,2797475,23318100
2024-09-12 13:39:00+05:30,9.5,9.5,7.85,8.2,3729900,23318100
2024-09-12 13:40:00+05:30,8.15,8.15,6.55,6.85,3548550,23268575
2024-09-12 13:41:00+05:30,6.85,7.9,6.75,7.7,2641050,23268575
2024-09-12 13:42:00+05:30,7.5,8.65,6.65,6.7,3192075,23268575
2024-09-12 13:43:00+05:30,6.85,8,6.75,8,1894125,23463650
2024-09-12 13:44:00+05:30,8,9.3,7.9,8.85,2442600,23463650
2024-09-12 13:45:00+05:30,8.85,11.65,8.6,10.8,3800050,23463650
2024-09-12 13:46:00+05:30,10.8,12.6,10.45,12.6,3508950,23267725
2024-09-12 13:47:00+05:30,12.5,13.4,9.9,10,3615700,23267725
2024-09-12 13:48:00+05:30,9.85,12.25,9.3,11.9,2528375,23267725
2024-09-12 13:49:00+05:30,11.8,14.25,11.05,12.9,4480375,23405825
2024-09-12 13:50:00+05:30,12.9,13.05,11.45,11.55,2740700,23405825
2024-09-12 13:51:00+05:30,11.5,11.55,10.05,10.95,2829950,23405825
2024-09-12 13:52:00+05:30,10.95,12.9,10.2,10.7,2401525,23495600
2024-09-12 13:53:00+05:30,10.85,11.35,9.95,10.6,2059625,23495600
2024-09-12 13:54:00+05:30,10.55,10.9,9.45,10.6,1841125,23495600
2024-09-12 13:55:00+05:30,10.7,11.35,9.55,10.45,1707075,23955450
2024-09-12 13:56:00+05:30,10.2,10.9,9.7,10.45,1299450,23955450
2024-09-12 13:57:00+05:30,10.4,12.7,10.25,11.8,2522375,23955450
2024-09-12 13:58:00+05:30,11.95,14.9,11.15,11.65,3822050,24181200
2024-09-12 13:59:00+05:30,11.7,20.45,10.55,14.4,8942925,24181200
2024-09-12 14:00:00+05:30,14.3,28.3,13.8,28.15,12007125,24181200
2024-09-12 14:01:00+05:30,34.15,76.95,28.15,58.8,20572900,21856475
2024-09-12 14:02:00+05:30,59.9,78.25,49.45,53,12439550,21856475
2024-09-12 14:03:00+05:30,53.4,69.15,52.35,57.6,7174900,21856475
2024-09-12 14:04:00+05:30,57.95,76.25,57.95,76.25,8077775,19924875
2024-09-12 14:05:00+05:30,77.55,114.1,77.55,114.1,10625450,19924875
2024-09-12 14:06:00+05:30,113,121,102.05,108.1,4600400,19924875
2024-09-12 14:07:00+05:30,106.55,124.95,92.5,120.35,3750300,17292275
2024-09-12 14:08:00+05:30,119.1,125.9,102.55,105.9,2891175,17292275
2024-09-12 14:09:00+05:30,105.9,129.85,101.4,122.9,3236225,17292275
2024-09-12 14:10:00+05:30,122.7,139.5,115.1,122.25,3125525,16491700
2024-09-12 14:11:00+05:30,124.65,130.8,117.45,125,1669675,16491700
2024-09-12 14:12:00+05:30,125.1,141.8,125.1,130.35,1831375,16491700
2024-09-12 14:13:00+05:30,130.05,135.45,122.55,122.85,1107800,15731000
2024-09-12 14:14:00+05:30,122.7,133.65,112.3,115.9,1125200,15731000
2024-09-12 14:15:00+05:30,114.65,128.25,114.55,116,1080300,15731000
2024-09-12 14:16:00+05:30,116.05,132.15,115.55,125.7,934150,15340625
2024-09-12 14:17:00+05:30,125.95,128.6,110.65,114.4,943725,15340625
2024-09-12 14:18:00+05:30,116,133.8,115.8,128.7,1055125,15340625
2024-09-12 14:19:00+05:30,128.35,137.4,123.45,126.75,901200,15132350
2024-09-12 14:20:00+05:30,126.8,132.8,119.95,121.35,678950,15132350
2024-09-12 14:21:00+05:30,121.65,137.15,121.65,135.6,720225,15132350
2024-09-12 14:22:00+05:30,136.3,155.4,135.9,155.4,1733825,14898625
2024-09-12 14:23:00+05:30,155.05,160.8,149.85,156.65,874050,14898625
2024-09-12 14:24:00+05:30,157.1,157.15,141.7,141.7,762825,14898625
2024-09-12 14:25:00+05:30,141.5,142.6,129.5,136.65,656775,14600125
2024-09-12 14:26:00+05:30,137.5,144.4,134.45,140.9,465475,14600125
2024-09-12 14:27:00+05:30,139.2,144.85,134.3,136.9,351175,14600125
2024-09-12 14:28:00+05:30,136.75,139,132,136.6,317025,14346500
2024-09-12 14:29:00+05:30,136.15,148.05,136.15,146.55,495800,14346500
2024-09-12 14:30:00+05:30,146.85,159.05,146.85,157,781400,14346500
2024-09-12 14:31:00+05:30,157.25,157.45,145.75,149.05,491225,14216050
2024-09-12 14:32:00+05:30,149.05,151.85,139.4,150.55,402200,14216050
2024-09-12 14:33:00+05:30,150.2,155,145.9,150.15,346550,14216050
2024-09-12 14:34:00+05:30,150.5,157.2,146.1,148.75,376800,14129150
2024-09-12 14:35:00+05:30,149,149,139.75,142.4,365150,14129150
2024-09-12 14:36:00+05:30,142.55,149.5,137.1,145.4,363825,14129150
2024-09-12 14:37:00+05:30,145.75,156.5,144.55,152.3,410775,14103200
2024-09-12 14:38:00+05:30,151.25,154.35,147.3,151.3,272100,14103200
2024-09-12 14:39:00+05:30,150.8,151.15,142.8,144.85,296525,14103200
2024-09-12 14:40:00+05:30,144.95,146.75,139.3,141.4,252750,14035600
2024-09-12 14:41:00+05:30,141.3,146.4,135.8,142.45,236500,14035600
2024-09-12 14:42:00+05:30,142.65,148.8,136.7,146.55,223800,14035600
2024-09-12 14:43:00+05:30,146.75,147.9,138.5,147.35,223050,14000075
2024-09-12 14:44:00+05:30,146.95,152.65,144.45,146.5,394775,14000075
2024-09-12 14:45:00+05:30,147,163.1,144.7,163.1,449750,14000075
2024-09-12 14:46:00+05:30,159.5,177,156.4,174.15,1006650,13976425
2024-09-12 14:47:00+05:30,173.7,193.05,173.7,185.15,855525,13976425
2024-09-12 14:48:00+05:30,185.15,201.4,185.15,197.6,655775,13976425
2024-09-12 14:49:00+05:30,196.55,206.9,195.15,202.95,528950,13749000
2024-09-12 14:50:00+05:30,204.75,226.35,204.75,217.3,613950,13749000
2024-09-12 14:51:00+05:30,217.1,220.25,206.55,215.45,365950,13749000
2024-09-12 14:52:00+05:30,215.7,215.7,204.15,207.25,168475,13661400
2024-09-12 14:53:00+05:30,207.75,229.45,202.75,227.45,390925,13661400
2024-09-12 14:54:00+05:30,227.4,229.8,206.75,213.35,711425,13661400
2024-09-12 14:55:00+05:30,212.55,216.9,205.85,212.85,204675,13156050
2024-09-12 14:56:00+05:30,211.2,217.6,207.65,215.3,118225,13156050
2024-09-12 14:57:00+05:30,215.35,224.05,212.5,219.2,184300,13156050
2024-09-12 14:58:00+05:30,218.3,237.3,218.3,232.85,429350,13101900
2024-09-12 14:59:00+05:30,231,239.85,222.25,234.65,304825,13101900
2024-09-12 15:00:00+05:30,237.15,268.85,237.15,260.8,419500,13101900
2024-09-12 15:01:00+05:30,260.25,282.9,252.75,279.6,377400,13001050
2024-09-12 15:02:00+05:30,279.45,307.9,279.45,300.95,496450,13001050
2024-09-12 15:03:00+05:30,300.6,303.75,291.2,295.9,219550,13001050
2024-09-12 15:04:00+05:30,295.45,313.6,294.5,311.25,216100,12902950
2024-09-12 15:05:00+05:30,311.1,324.7,310.95,319.75,227425,12902950
2024-09-12 15:06:00+05:30,318.55,319.25,294.55,297,313600,12902950
2024-09-12 15:07:00+05:30,298.85,314.85,297.55,314.5,111725,12838925
2024-09-12 15:08:00+05:30,314.95,318.8,309,312.7,160600,12838925
2024-09-12 15:09:00+05:30,312,315.1,306.25,312.8,165200,12838925
2024-09-12 15:10:00+05:30,311.85,312.9,304.25,304.9,157600,12735250
2024-09-12 15:11:00+05:30,306.05,308.5,301.05,302.45,187700,12735250
2024-09-12 15:12:00+05:30,302.7,308.95,302.7,307.7,91225,12735250
2024-09-12 15:13:00+05:30,306.9,310.15,305.65,306.75,154775,12660775
2024-09-12 15:14:00+05:30,307.8,313.75,306,312.45,110500,12660775
2024-09-12 15:15:00+05:30,311.85,311.85,305.6,305.6,231775,12660775
2024-09-12 15:16:00+05:30,305.75,306.2,295.8,297.9,215425,12580700
2024-09-12 15:17:00+05:30,297.6,297.6,291.35,293.25,129400,12580700
2024-09-12 15:18:00+05:30,293.15,294.7,290.6,292.95,167800,12580700
2024-09-12 15:19:00+05:30,293.35,296.15,290.5,291.75,110525,12482425
2024-09-12 15:20:00+05:30,292.05,292.45,290,290.15,150975,12482425
2024-09-12 15:21:00+05:30,290,291,287.25,289.35,140450,12482425
2024-09-12 15:22:00+05:30,289.35,289.55,286.9,288.3,97225,12387275
2024-09-12 15:23:00+05:30,288.45,290.15,288.4,288.7,85175,12387275
2024-09-12 15:24:00+05:30,289.25,290,288.7,289.65,76500,12387275
2024-09-12 15:25:00+05:30,289.75,290.5,289.25,289.9,137850,12334100
2024-09-12 15:26:00+05:30,289.9,291.1,289.5,290.75,118750,12334100
2024-09-12 15:27:00+05:30,290.7,291,290.2,290.35,103425,12334100
2024-09-12 15:28:00+05:30,290.35,290.8,289,289.8,98600,12297400
2024-09-12 15:29:00+05:30,289.8,290.35,289.25,289.4,95800,12297400
