2024-09-10 09:15:00+05:30,6.8,7.15,5.7,5.9,356000,4152850
2024-09-10 09:16:00+05:30,5.9,6.2,5.8,5.9,330700,4152850
2024-09-10 09:17:00+05:30,5.9,5.9,5.25,5.3,349525,4152850
2024-09-10 09:18:00+05:30,5.3,5.3,4.95,5.05,319575,4222875
2024-09-10 09:19:00+05:30,5.05,5.35,4.95,5.2,236825,4222875
2024-09-10 09:20:00+05:30,5.2,5.2,4.85,4.85,229525,4222875
2024-09-10 09:21:00+05:30,4.9,5.05,4.8,4.95,139225,4272500
2024-09-10 09:22:00+05:30,5,5.15,4.9,5.05,174375,4272500
2024-09-10 09:23:00+05:30,5.05,5.15,4.95,4.95,176100,4272500
2024-09-10 09:24:00+05:30,4.9,5.05,4.9,4.95,152600,4280800
2024-09-10 09:25:00+05:30,4.95,4.95,4.65,4.8,216400,4280800
2024-09-10 09:26:00+05:30,4.8,4.95,4.5,4.55,171325,4280800
2024-09-10 09:27:00+05:30,4.5,4.7,4.25,4.45,185475,4324975
2024-09-10 09:28:00+05:30,4.5,4.65,4.4,4.5,154725,4324975
2024-09-10 09:29:00+05:30,4.5,4.55,4.3,4.55,126700,4324975
2024-09-10 09:30:00+05:30,4.5,4.55,4.25,4.25,100350,4321325
2024-09-10 09:31:00+05:30,4.25,4.35,4.2,4.2,105775,4321325
2024-09-10 09:32:00+05:30,4.2,4.25,4,4.15,145925,4321325
2024-09-10 09:33:00+05:30,4.15,4.2,4.05,4.15,86075,4302075
2024-09-10 09:34:00+05:30,4.15,4.2,4,4.15,133225,4302075
2024-09-10 09:35:00+05:30,4.15,4.3,4.05,4.3,94200,4302075
2024-09-10 09:36:00+05:30,4.3,4.35,4.1,4.3,101350,4329250
2024-09-10 09:37:00+05:30,4.3,4.45,4.25,4.35,104350,4329250
2024-09-10 09:38:00+05:30,4.35,4.55,4.35,4.4,220950,4329250
2024-09-10 09:39:00+05:30,4.4,4.45,3.95,4.05,336200,4375075
2024-09-10 09:40:00+05:30,4.05,4.15,3.9,3.9,248550,4375075
2024-09-10 09:41:00+05:30,3.95,4.1,3.9,4,129950,4375075
2024-09-10 09:42:00+05:30,4.05,4.1,3.95,4.05,205325,4561075
2024-09-10 09:43:00+05:30,4.05,4.1,3.95,4.05,109700,4561075
2024-09-10 09:44:00+05:30,4.05,4.05,3.95,4,41325,4561075
2024-09-10 09:45:00+05:30,4,4.05,3.95,4.05,139000,4552075
2024-09-10 09:46:00+05:30,4.05,4.25,4,4.15,207775,4552075
2024-09-10 09:47:00+05:30,4.15,4.2,4.05,4.1,142850,4552075
2024-09-10 09:48:00+05:30,4.1,4.2,4.1,4.2,102750,4500100
2024-09-10 09:49:00+05:30,4.2,4.2,4.05,4.05,83475,4500100
2024-09-10 09:50:00+05:30,4.05,4.1,4,4.05,159150,4500100
2024-09-10 09:51:00+05:30,4.05,4.1,4,4.1,62125,4568725
2024-09-10 09:52:00+05:30,4.1,4.4,4.1,4.15,132525,4568725
2024-09-10 09:53:00+05:30,4.15,4.2,4.1,4.2,76925,4568725
2024-09-10 09:54:00+05:30,4.2,4.5,4.15,4.4,189750,4576375
2024-09-10 09:55:00+05:30,4.4,4.5,4.3,4.35,144875,4576375
2024-09-10 09:56:00+05:30,4.35,4.35,4.2,4.25,105700,4576375
2024-09-10 09:57:00+05:30,4.25,4.35,4.2,4.3,159600,4506950
2024-09-10 09:58:00+05:30,4.3,4.35,4.15,4.3,168400,4506950
2024-09-10 09:59:00+05:30,4.3,4.3,4.2,4.3,207325,4506950
2024-09-10 10:00:00+05:30,4.25,4.3,4.1,4.1,103525,4435200
2024-09-10 10:01:00+05:30,4.1,4.25,4.05,4.15,164775,4435200
2024-09-10 10:02:00+05:30,4.2,4.25,4,4.05,173150,4435200
2024-09-10 10:03:00+05:30,4.05,4.05,3.95,4,58775,4465425
2024-09-10 10:04:00+05:30,4,4.05,3.95,4,36300,4465425
2024-09-10 10:05:00+05:30,4,4.05,3.95,4.05,78650,4465425
2024-09-10 10:06:00+05:30,4.05,4.05,3.95,4,50175,4478175
2024-09-10 10:07:00+05:30,4,4,3.95,4,22450,4478175
2024-09-10 10:08:00+05:30,3.95,4.05,3.95,4,76350,4478175
2024-09-10 10:09:00+05:30,4,4.05,4,4,38100,4467550
2024-09-10 10:10:00+05:30,4.05,4.05,3.95,3.95,31125,4467550
2024-09-10 10:11:00+05:30,3.95,4.05,3.9,3.95,56850,4467550
2024-09-10 10:12:00+05:30,3.95,4.05,3.9,4,98850,4460825
2024-09-10 10:13:00+05:30,4,4.1,3.95,4,41050,4460825
2024-09-10 10:14:00+05:30,4,4,3.85,3.95,96425,4460825
2024-09-10 10:15:00+05:30,3.95,4,3.9,3.95,48275,4460775
2024-09-10 10:16:00+05:30,3.95,4.05,3.95,4.05,51500,4460775
2024-09-10 10:17:00+05:30,4.05,4.05,3.95,3.95,25650,4460775
2024-09-10 10:18:00+05:30,3.95,4.05,3.95,4,37225,4444725
2024-09-10 10:19:00+05:30,4,4.05,3.95,4,23925,4444725
2024-09-10 10:20:00+05:30,4,4.1,4,4.05,26725,4444725
2024-09-10 10:21:00+05:30,4,4.15,4,4.1,34200,4440175
2024-09-10 10:22:00+05:30,4.1,4.2,4.05,4.1,39050,4440175
2024-09-10 10:23:00+05:30,4.1,4.15,4.05,4.1,17825,4440175
2024-09-10 10:24:00+05:30,4.1,4.2,4.1,4.2,86825,4440825
2024-09-10 10:25:00+05:30,4.15,4.25,4.15,4.25,48175,4440825
2024-09-10 10:26:00+05:30,4.2,4.3,4.2,4.2,86525,4440825
2024-09-10 10:27:00+05:30,4.25,4.3,4.1,4.2,133850,4446600
2024-09-10 10:28:00+05:30,4.2,4.2,4.1,4.1,31900,4446600
2024-09-10 10:29:00+05:30,4.1,4.15,4.05,4.1,92900,4446600
2024-09-10 10:30:00+05:30,4.1,4.2,4.05,4.2,50400,4523225
2024-09-10 10:31:00+05:30,4.2,4.2,4.05,4.1,73950,4523225
2024-09-10 10:32:00+05:30,4.1,4.2,4.05,4.1,55900,4523225
2024-09-10 10:33:00+05:30,4.1,4.15,4.05,4.1,86225,4565700
2024-09-10 10:34:00+05:30,4.1,4.15,4.05,4.15,42125,4565700
2024-09-10 10:35:00+05:30,4.1,4.1,4,4.05,45225,4565700
2024-09-10 10:36:00+05:30,4,4.1,4,4.05,32950,4599850
2024-09-10 10:37:00+05:30,4.05,4.1,4,4,36775,4599850
2024-09-10 10:38:00+05:30,4,4.05,3.95,4.05,46450,4599850
2024-09-10 10:39:00+05:30,4.05,4.05,3.85,3.85,36275,4588175
2024-09-10 10:40:00+05:30,3.85,3.9,3.8,3.85,29050,4588175
2024-09-10 10:41:00+05:30,3.85,3.85,3.6,3.7,97000,4588175
2024-09-10 10:42:00+05:30,3.7,3.75,3.55,3.7,87275,4580975
2024-09-10 10:43:00+05:30,3.7,3.8,3.65,3.7,36075,4580975
2024-09-10 10:44:00+05:30,3.7,3.75,3.6,3.7,60475,4580975
2024-09-10 10:45:00+05:30,3.7,3.75,3.6,3.7,52475,4595950
2024-09-10 10:46:00+05:30,3.7,3.7,3.4,3.5,198525,4595950
2024-09-10 10:47:00+05:30,3.5,3.65,3.5,3.6,57625,4595950
2024-09-10 10:48:00+05:30,3.6,3.65,3.55,3.6,61075,4622150
2024-09-10 10:49:00+05:30,3.6,3.65,3.6,3.65,45425,4622150
2024-09-10 10:50:00+05:30,3.65,3.65,3.6,3.65,32850,4622150
2024-09-10 10:51:00+05:30,3.65,3.65,3.6,3.6,15425,4617200
2024-09-10 10:52:00+05:30,3.6,3.8,3.6,3.75,65775,4617200
2024-09-10 10:53:00+05:30,3.75,3.85,3.75,3.75,32825,4617200
2024-09-10 10:54:00+05:30,3.75,3.85,3.75,3.85,38650,4613275
2024-09-10 10:55:00+05:30,3.85,3.85,3.75,3.8,34450,4613275
2024-09-10 10:56:00+05:30,3.75,4,3.75,3.75,336600,4613275
2024-09-10 10:57:00+05:30,3.75,3.9,3.75,3.8,42025,4527250
2024-09-10 10:58:00+05:30,3.8,3.9,3.75,3.8,30200,4527250
2024-09-10 10:59:00+05:30,3.8,3.9,3.8,3.8,50425,4527250
2024-09-10 11:00:00+05:30,3.8,3.9,3.8,3.85,29925,4545625
2024-09-10 11:01:00+05:30,3.85,3.95,3.75,3.75,76950,4545625
2024-09-10 11:02:00+05:30,3.8,3.8,3.7,3.8,33225,4545625
2024-09-10 11:03:00+05:30,3.8,3.8,3.75,3.75,13925,4520150
2024-09-10 11:04:00+05:30,3.75,3.75,3.65,3.75,70150,4520150
2024-09-10 11:05:00+05:30,3.75,3.75,3.65,3.65,35025,4520150
2024-09-10 11:06:00+05:30,3.65,3.8,3.65,3.75,26200,4515350
2024-09-10 11:07:00+05:30,3.75,3.75,3.55,3.65,72650,4515350
2024-09-10 11:08:00+05:30,3.65,3.65,3.55,3.6,39875,4515350
2024-09-10 11:09:00+05:30,3.6,3.65,3.45,3.45,55700,4504800
2024-09-10 11:10:00+05:30,3.45,3.6,3.45,3.5,54125,4504800
2024-09-10 11:11:00+05:30,3.5,3.6,3.45,3.55,58475,4504800
2024-09-10 11:12:00+05:30,3.55,3.7,3.5,3.7,24875,4504800
2024-09-10 11:13:00+05:30,3.7,3.85,3.65,3.8,81075,4470125
2024-09-10 11:14:00+05:30,3.8,4.1,3.7,4.05,177300,4470125
2024-09-10 11:15:00+05:30,4.05,4.2,3.85,4.1,315025,4470125
2024-09-10 11:16:00+05:30,4.1,4.1,3.65,3.8,145900,4473150
2024-09-10 11:17:00+05:30,3.8,3.8,3.55,3.7,123000,4473150
2024-09-10 11:18:00+05:30,3.65,4.3,3.6,4.25,246125,4473150
2024-09-10 11:19:00+05:30,4.25,4.35,3.9,3.9,562075,4467000
2024-09-10 11:20:00+05:30,3.9,4.25,3.75,4.15,412400,4467000
2024-09-10 11:21:00+05:30,4.15,4.2,3.7,3.75,357550,4467000
2024-09-10 11:22:00+05:30,3.75,3.95,3.7,3.85,155375,4441625
2024-09-10 11:23:00+05:30,3.85,3.9,3.7,3.85,89650,4441625
2024-09-10 11:24:00+05:30,3.85,3.85,3.5,3.6,174950,4441625
2024-09-10 11:25:00+05:30,3.6,3.85,3.6,3.7,131925,4431200
2024-09-10 11:26:00+05:30,3.7,3.75,3.6,3.65,92975,4431200
2024-09-10 11:27:00+05:30,3.65,3.85,3.65,3.8,159225,4431200
2024-09-10 11:28:00+05:30,3.8,3.8,3.6,3.65,95300,4494050
2024-09-10 11:29:00+05:30,3.65,3.7,3.55,3.7,56250,4494050
2024-09-10 11:30:00+05:30,3.7,3.8,3.55,3.65,116200,4494050
2024-09-10 11:31:00+05:30,3.65,3.7,3.5,3.65,79400,4517325
2024-09-10 11:32:00+05:30,3.65,3.65,3.45,3.55,50475,4517325
2024-09-10 11:33:00+05:30,3.55,3.6,3.4,3.45,114375,4517325
2024-09-10 11:34:00+05:30,3.45,3.55,3.35,3.5,136425,4508950
2024-09-10 11:35:00+05:30,3.45,3.55,3.35,3.45,94900,4508950
2024-09-10 11:36:00+05:30,3.5,3.55,3.3,3.35,94625,4508950
2024-09-10 11:37:00+05:30,3.35,3.5,3.3,3.45,91225,4474500
2024-09-10 11:38:00+05:30,3.45,3.5,3.4,3.45,78750,4474500
2024-09-10 11:39:00+05:30,3.45,3.7,3.45,3.65,95675,4474500
2024-09-10 11:40:00+05:30,3.65,3.7,3.5,3.5,68175,4469725
2024-09-10 11:41:00+05:30,3.5,3.95,3.5,3.75,180675,4469725
2024-09-10 11:42:00+05:30,3.75,4,3.75,3.95,145400,4469725
2024-09-10 11:43:00+05:30,3.95,4.15,3.85,4.1,196950,4415200
2024-09-10 11:44:00+05:30,4.05,4.05,3.75,3.8,147850,4415200
2024-09-10 11:45:00+05:30,3.85,4.05,3.8,3.9,186225,4415200
2024-09-10 11:46:00+05:30,3.9,4.1,3.75,3.9,234625,4403275
2024-09-10 11:47:00+05:30,3.9,3.95,3.65,3.65,111625,4403275
2024-09-10 11:48:00+05:30,3.65,3.85,3.55,3.7,115650,4403275
2024-09-10 11:49:00+05:30,3.7,3.9,3.65,3.9,41725,4409325
2024-09-10 11:50:00+05:30,3.9,4,3.8,3.85,95400,4409325
2024-09-10 11:51:00+05:30,3.85,4,3.75,3.8,88175,4409325
2024-09-10 11:52:00+05:30,3.8,4.3,3.75,4.15,139250,4414075
2024-09-10 11:53:00+05:30,4.15,4.8,4.15,4.25,859400,4414075
2024-09-10 11:54:00+05:30,4.25,4.6,4.05,4.3,426025,4414075
2024-09-10 11:55:00+05:30,4.3,4.45,4.05,4.2,270900,4296500
2024-09-10 11:56:00+05:30,4.2,4.5,3.95,4.4,244075,4296500
2024-09-10 11:57:00+05:30,4.35,4.65,4.15,4.65,535525,4296500
2024-09-10 11:58:00+05:30,4.65,5.2,4.45,4.65,1749275,4253700
2024-09-10 11:59:00+05:30,4.65,4.85,4.45,4.75,481600,4253700
2024-09-10 12:00:00+05:30,4.7,5.6,4.55,5.15,1033000,4253700
2024-09-10 12:01:00+05:30,5.15,5.75,4.8,5.55,652575,4215625
2024-09-10 12:02:00+05:30,5.5,5.65,4.7,5,576125,4215625
2024-09-10 12:03:00+05:30,5,5.2,4.75,4.95,259025,4215625
2024-09-10 12:04:00+05:30,4.95,4.95,4.6,4.6,216025,4192850
2024-09-10 12:05:00+05:30,4.6,4.75,4.4,4.55,163750,4192850
2024-09-10 12:06:00+05:30,4.55,4.65,4.3,4.65,101200,4192850
2024-09-10 12:07:00+05:30,4.65,4.75,4.4,4.7,141775,4222425
2024-09-10 12:08:00+05:30,4.7,4.85,4.55,4.75,124850,4222425
2024-09-10 12:09:00+05:30,4.75,4.8,4.45,4.5,99000,4222425
2024-09-10 12:10:00+05:30,4.5,4.75,4.5,4.6,104425,4234675
2024-09-10 12:11:00+05:30,4.6,4.7,4.35,4.45,112275,4234675
2024-09-10 12:12:00+05:30,4.45,4.45,4.05,4.4,157800,4234675
2024-09-10 12:13:00+05:30,4.4,4.6,4.4,4.5,164500,4265450
2024-09-10 12:14:00+05:30,4.5,4.8,4.45,4.5,91300,4265450
2024-09-10 12:15:00+05:30,4.55,4.7,4.4,4.45,79725,4265450
2024-09-10 12:16:00+05:30,4.45,4.55,4.2,4.2,62800,4276025
2024-09-10 12:17:00+05:30,4.3,4.7,4.25,4.65,117600,4276025
2024-09-10 12:18:00+05:30,4.65,4.75,4.6,4.65,88350,4276025
2024-09-10 12:19:00+05:30,4.65,4.8,4.45,4.75,132350,4286700
2024-09-10 12:20:00+05:30,4.7,4.75,4.55,4.65,68600,4286700
2024-09-10 12:21:00+05:30,4.65,4.65,4.45,4.6,91475,4286700
2024-09-10 12:22:00+05:30,4.55,4.85,4.5,4.75,86875,4287600
2024-09-10 12:23:00+05:30,4.75,4.9,4.7,4.75,64025,4287600
2024-09-10 12:24:00+05:30,4.75,4.95,4.75,4.8,123075,4287600
2024-09-10 12:25:00+05:30,4.8,5.05,4.75,5,113675,4312100
2024-09-10 12:26:00+05:30,5,5.2,4.75,4.85,213300,4312100
2024-09-10 12:27:00+05:30,4.85,5.1,4.85,4.9,101350,4312100
2024-09-10 12:28:00+05:30,4.9,5.2,4.85,5.1,134475,4320675
2024-09-10 12:29:00+05:30,5.1,5.25,4.75,5.15,244775,4320675
2024-09-10 12:30:00+05:30,5.15,5.3,4.9,5,154450,4320675
2024-09-10 12:31:00+05:30,5,5.55,4.85,5.15,498875,4249025
2024-09-10 12:32:00+05:30,5.15,5.2,4.9,5,170225,4249025
2024-09-10 12:33:00+05:30,5,5.05,4.8,5.05,69325,4249025
2024-09-10 12:34:00+05:30,5.05,5.1,4.9,5.05,112550,4253950
2024-09-10 12:35:00+05:30,5.1,5.15,4.9,5.15,83425,4253950
2024-09-10 12:36:00+05:30,5.15,5.25,5,5.25,132750,4253950
2024-09-10 12:37:00+05:30,5.25,5.45,5.1,5.25,230600,4281150
2024-09-10 12:38:00+05:30,5.25,5.35,5.1,5.25,98550,4281150
2024-09-10 12:39:00+05:30,5.2,5.4,5.1,5.1,201875,4281150
2024-09-10 12:40:00+05:30,5.1,5.75,5.1,5.55,311600,4252025
2024-09-10 12:41:00+05:30,5.5,6.95,5.4,6.25,1122075,4252025
2024-09-10 12:42:00+05:30,6.35,6.5,5.6,5.95,866800,4252025
2024-09-10 12:43:00+05:30,5.95,6.4,5.9,6.15,445100,4270425
2024-09-10 12:44:00+05:30,6.2,7.05,6.15,6.7,283575,4270425
2024-09-10 12:45:00+05:30,6.7,6.9,6.2,6.6,430875,4270425
2024-09-10 12:46:00+05:30,6.55,7.05,6.25,6.4,323775,4289925
2024-09-10 12:47:00+05:30,6.4,6.65,6.1,6.5,242725,4289925
2024-09-10 12:48:00+05:30,6.4,6.55,5.7,5.95,299600,4289925
2024-09-10 12:49:00+05:30,6,6.2,5.65,6,246750,4297300
2024-09-10 12:50:00+05:30,6,6.4,5.95,6.2,204150,4297300
2024-09-10 12:51:00+05:30,6.15,6.5,6.15,6.25,104600,4297300
2024-09-10 12:52:00+05:30,6.25,7.25,6,7.25,298550,4324325
2024-09-10 12:53:00+05:30,7.1,7.25,6.55,6.85,438050,4324325
2024-09-10 12:54:00+05:30,6.85,6.85,6.2,6.5,342950,4324325
2024-09-10 12:55:00+05:30,6.5,8.5,6.5,7.55,732375,4308000
2024-09-10 12:56:00+05:30,7.55,7.65,6.5,6.85,694100,4308000
2024-09-10 12:57:00+05:30,6.85,7,6.3,6.4,393600,4308000
2024-09-10 12:58:00+05:30,6.4,6.6,6.05,6.5,290375,4325775
2024-09-10 12:59:00+05:30,6.5,6.55,6.05,6.1,139575,4325775
2024-09-10 13:00:00+05:30,6.1,6.55,6.05,6.55,140450,4325775
2024-09-10 13:01:00+05:30,6.55,7,6.55,7,132200,4314550
2024-09-10 13:02:00+05:30,7,7.3,6.85,7,208175,4314550
2024-09-10 13:03:00+05:30,6.95,7.2,6.75,7,117475,4314550
2024-09-10 13:04:00+05:30,7,7,6.4,6.55,285975,4366475
2024-09-10 13:05:00+05:30,6.55,6.85,6.4,6.8,224600,4366475
2024-09-10 13:06:00+05:30,6.75,7.1,6.65,6.8,252375,4366475
2024-09-10 13:07:00+05:30,6.85,7.5,6.85,7.1,251225,4409925
2024-09-10 13:08:00+05:30,7.05,7.45,6.95,7.4,182375,4409925
2024-09-10 13:09:00+05:30,7.4,7.95,7.25,7.85,514125,4409925
2024-09-10 13:10:00+05:30,7.9,8.8,7.5,8.2,683825,4389500
2024-09-10 13:11:00+05:30,8.25,8.95,7.75,8.25,645650,4389500
2024-09-10 13:12:00+05:30,8.25,9,7.6,8.8,673925,4389500
2024-09-10 13:13:00+05:30,8.6,9.2,8.35,9,530350,4317450
2024-09-10 13:14:00+05:30,8.9,8.9,8.15,8.2,411100,4317450
2024-09-10 13:15:00+05:30,8.3,9.35,8.3,8.75,344650,4317450
2024-09-10 13:16:00+05:30,8.7,9,8.45,8.8,337525,4367725
2024-09-10 13:17:00+05:30,8.75,8.85,7.9,8,262650,4367725
2024-09-10 13:18:00+05:30,8.15,8.3,6.95,7.2,467275,4367725
2024-09-10 13:19:00+05:30,7.15,7.5,7,7.45,201525,4342800
2024-09-10 13:20:00+05:30,7.45,8.35,7.35,8.15,299275,4342800
2024-09-10 13:21:00+05:30,8.15,8.45,7.9,8.2,176050,4342800
2024-09-10 13:22:00+05:30,8.2,8.25,7.9,8.1,95775,4367325
2024-09-10 13:23:00+05:30,8.15,8.4,8.05,8.3,126800,4367325
2024-09-10 13:24:00+05:30,8.3,8.45,8.15,8.2,114750,4367325
2024-09-10 13:25:00+05:30,8.1,10.1,8.1,9.95,625425,4351025
2024-09-10 13:26:00+05:30,10.05,10.55,8.95,9.4,511850,4351025
2024-09-10 13:27:00+05:30,9.4,9.9,9.3,9.55,278650,4351025
2024-09-10 13:28:00+05:30,9.55,9.75,8.65,9.5,494525,4330875
2024-09-10 13:29:00+05:30,9.55,9.9,9.35,9.4,185900,4330875
2024-09-10 13:30:00+05:30,9.2,9.9,9,9.15,264550,4330875
2024-09-10 13:31:00+05:30,9.15,9.35,8.7,8.75,192875,4342650
2024-09-10 13:32:00+05:30,8.8,9.5,8.45,9.2,350300,4342650
2024-09-10 13:33:00+05:30,9.2,9.3,8.7,8.85,180850,4342650
2024-09-10 13:34:00+05:30,8.85,9.35,8.75,8.95,111675,4373925
2024-09-10 13:35:00+05:30,9,9,8.25,8.6,170175,4373925
2024-09-10 13:36:00+05:30,8.7,9.25,8.65,8.95,145775,4373925
2024-09-10 13:37:00+05:30,8.95,9.4,8.95,9,130225,4385650
2024-09-10 13:38:00+05:30,9,9.4,8.9,9.1,100125,4385650
2024-09-10 13:39:00+05:30,9.2,9.45,8.9,9.2,146000,4385650
2024-09-10 13:40:00+05:30,9.2,9.65,8.95,9.15,281150,4416025
2024-09-10 13:41:00+05:30,9.2,9.6,9.15,9.45,153300,4416025
2024-09-10 13:42:00+05:30,9.4,9.55,8.95,9.3,125625,4416025
2024-09-10 13:43:00+05:30,9.2,9.35,8.9,9.2,141075,4452050
2024-09-10 13:44:00+05:30,9.2,9.6,9.15,9.3,277100,4452050
2024-09-10 13:45:00+05:30,9.4,10,9.2,9.5,278100,4452050
2024-09-10 13:46:00+05:30,9.45,9.5,8.9,9.2,222300,4497800
2024-09-10 13:47:00+05:30,9.2,9.35,8.8,8.8,105800,4497800
2024-09-10 13:48:00+05:30,8.8,9.3,8.8,9.1,117500,4497800
2024-09-10 13:49:00+05:30,9.1,9.3,8.85,9,111450,4561325
2024-09-10 13:50:00+05:30,9,9.1,8.6,8.7,183625,4561325
2024-09-10 13:51:00+05:30,8.7,8.8,8,8.2,271900,4561325
2024-09-10 13:52:00+05:30,8.15,8.75,8.1,8.45,187125,4629850
2024-09-10 13:53:00+05:30,8.45,8.65,8.05,8.25,99650,4629850
2024-09-10 13:54:00+05:30,8.25,8.55,8.25,8.35,51325,4629850
2024-09-10 13:55:00+05:30,8.35,8.9,8.35,8.8,111350,4660325
2024-09-10 13:56:00+05:30,8.8,9.05,8.5,9,174450,4660325
2024-09-10 13:57:00+05:30,9,9.1,8.75,8.9,68325,4660325
2024-09-10 13:58:00+05:30,8.9,8.9,8.35,8.4,205600,4665900
2024-09-10 13:59:00+05:30,8.4,8.45,8.05,8.1,174950,4665900
2024-09-10 14:00:00+05:30,8.05,8.6,7.95,8.3,142700,4665900
2024-09-10 14:01:00+05:30,8.3,8.5,7.65,7.85,179325,4730575
2024-09-10 14:02:00+05:30,7.85,7.85,6.75,6.8,398975,4730575
2024-09-10 14:03:00+05:30,6.75,6.95,6.5,6.8,318100,4730575
2024-09-10 14:04:00+05:30,6.8,7,6.2,6.45,426200,4697175
2024-09-10 14:05:00+05:30,6.45,6.95,6.4,6.75,209750,4697175
2024-09-10 14:06:00+05:30,6.75,7.3,6.75,7.25,102325,4697175
2024-09-10 14:07:00+05:30,7.25,7.55,7.25,7.5,112175,4630475
2024-09-10 14:08:00+05:30,7.45,8.15,7.4,7.95,202225,4630475
2024-09-10 14:09:00+05:30,7.9,8.15,7.8,7.85,127575,4630475
2024-09-10 14:10:00+05:30,7.9,8.35,7.85,8.15,172950,4649250
2024-09-10 14:11:00+05:30,8.2,8.8,8.2,8.5,202150,4649250
2024-09-10 14:12:00+05:30,8.4,8.45,8.05,8.2,132275,4649250
2024-09-10 14:13:00+05:30,8.25,8.3,7.9,7.95,123950,4679400
2024-09-10 14:14:00+05:30,7.95,8.15,7.6,7.8,93975,4679400
2024-09-10 14:15:00+05:30,7.8,7.95,7.65,7.65,58800,4679400
2024-09-10 14:16:00+05:30,7.65,7.7,7.2,7.35,179725,4703475
2024-09-10 14:17:00+05:30,7.35,7.35,6.9,6.95,125425,4703475
2024-09-10 14:18:00+05:30,6.95,7.2,6.85,6.95,57700,4703475
2024-09-10 14:19:00+05:30,6.95,7.6,6.95,7.45,73250,4698650
2024-09-10 14:20:00+05:30,7.45,7.5,7.15,7.35,33625,4698650
2024-09-10 14:21:00+05:30,7.4,7.5,7.15,7.45,39100,4698650
2024-09-10 14:22:00+05:30,7.45,7.6,7.2,7.25,63975,4698000
2024-09-10 14:23:00+05:30,7.25,7.5,7.15,7.4,39850,4698000
2024-09-10 14:24:00+05:30,7.4,7.5,7.3,7.4,36925,4698000
2024-09-10 14:25:00+05:30,7.4,7.45,7.25,7.4,21800,4706425
2024-09-10 14:26:00+05:30,7.35,8.05,7.35,8,96250,4706425
2024-09-10 14:27:00+05:30,8,8.35,7.95,8.2,180075,4706425
2024-09-10 14:28:00+05:30,8.2,8.3,7.85,7.9,41675,4717975
2024-09-10 14:29:00+05:30,8.05,8.1,7.6,7.85,57975,4717975
2024-09-10 14:30:00+05:30,7.8,7.8,7.3,7.35,115150,4717975
2024-09-10 14:31:00+05:30,7.35,7.35,6.4,6.75,200650,4743125
2024-09-10 14:32:00+05:30,6.75,7.05,6.65,6.65,211800,4743125
2024-09-10 14:33:00+05:30,6.6,6.75,6.15,6.5,243225,4743125
2024-09-10 14:34:00+05:30,6.55,6.65,6.35,6.45,86775,4776450
2024-09-10 14:35:00+05:30,6.45,6.5,5.95,6.05,187700,4776450
2024-09-10 14:36:00+05:30,6.05,6.05,5.45,5.75,197200,4776450
2024-09-10 14:37:00+05:30,5.8,5.95,5.55,5.75,148350,4746325
2024-09-10 14:38:00+05:30,5.75,5.8,5.45,5.55,167900,4746325
2024-09-10 14:39:00+05:30,5.55,5.65,5.25,5.3,136775,4746325
2024-09-10 14:40:00+05:30,5.35,5.45,5.2,5.25,179875,4728100
2024-09-10 14:41:00+05:30,5.25,5.55,5.1,5.35,281675,4728100
2024-09-10 14:42:00+05:30,5.35,5.5,5.25,5.25,74775,4728100
2024-09-10 14:43:00+05:30,5.25,5.5,5.2,5.45,48925,4692750
2024-09-10 14:44:00+05:30,5.45,5.45,4.95,5.1,186125,4692750
2024-09-10 14:45:00+05:30,5.1,5.2,4.9,5.15,265750,4692750
2024-09-10 14:46:00+05:30,5.1,5.2,4.65,4.7,349700,4705050
2024-09-10 14:47:00+05:30,4.7,4.95,4.6,4.7,260150,4705050
2024-09-10 14:48:00+05:30,4.7,4.85,4.45,4.8,245500,4705050
2024-09-10 14:49:00+05:30,4.75,4.85,4.65,4.65,197475,4677475
2024-09-10 14:50:00+05:30,4.65,4.75,4.45,4.65,153425,4677475
2024-09-10 14:51:00+05:30,4.65,4.8,4.55,4.8,145050,4677475
2024-09-10 14:52:00+05:30,4.75,5.1,4.75,5,186650,4675000
2024-09-10 14:53:00+05:30,5,5.05,4.85,4.9,85000,4675000
2024-09-10 14:54:00+05:30,4.9,4.95,4.75,4.9,86450,4675000
2024-09-10 14:55:00+05:30,4.9,4.9,4.55,4.75,116575,4661900
2024-09-10 14:56:00+05:30,4.75,4.8,4.6,4.75,51425,4661900
2024-09-10 14:57:00+05:30,4.75,5.1,4.75,5,96650,4661900
2024-09-10 14:58:00+05:30,5,5.3,5,5.2,193100,4634200
2024-09-10 14:59:00+05:30,5.2,5.25,4.85,4.9,172625,4634200
2024-09-10 15:00:00+05:30,4.9,4.95,4.1,4.2,364300,4634200
2024-09-10 15:01:00+05:30,4.15,4.3,3.8,4.15,406100,4692525
2024-09-10 15:02:00+05:30,4.15,4.35,4.1,4.2,137200,4692525
2024-09-10 15:03:00+05:30,4.2,4.4,4.15,4.35,129275,4692525
2024-09-10 15:04:00+05:30,4.3,4.7,4.3,4.7,160625,4652875
2024-09-10 15:05:00+05:30,4.6,4.85,4.45,4.55,172000,4652875
2024-09-10 15:06:00+05:30,4.5,4.55,4.05,4.15,238400,4652875
2024-09-10 15:07:00+05:30,4.15,4.3,4.1,4.3,152000,4599125
2024-09-10 15:08:00+05:30,4.25,4.4,4.2,4.3,115425,4599125
2024-09-10 15:09:00+05:30,4.3,4.3,4,4.05,310175,4599125
2024-09-10 15:10:00+05:30,4.1,4.35,4,4.3,169725,4448800
2024-09-10 15:11:00+05:30,4.3,4.5,4.25,4.5,155875,4448800
2024-09-10 15:12:00+05:30,4.5,4.6,4.2,4.45,161300,4448800
2024-09-10 15:13:00+05:30,4.45,4.55,4.2,4.3,187350,4413225
2024-09-10 15:14:00+05:30,4.3,4.4,4.1,4.25,146075,4413225
2024-09-10 15:15:00+05:30,4.25,4.3,4.2,4.3,92400,4413225
2024-09-10 15:16:00+05:30,4.3,4.35,4.25,4.3,61925,4373375
2024-09-10 15:17:00+05:30,4.3,4.45,4.3,4.4,68300,4373375
2024-09-10 15:18:00+05:30,4.4,4.45,4.3,4.3,115350,4373375
2024-09-10 15:19:00+05:30,4.4,4.5,4.35,4.45,113875,4404900
2024-09-10 15:20:00+05:30,4.5,4.6,4.45,4.5,105000,4404900
2024-09-10 15:21:00+05:30,4.55,4.6,4.3,4.35,140950,4404900
2024-09-10 15:22:00+05:30,4.35,4.45,4.2,4.35,154400,4495400
2024-09-10 15:23:00+05:30,4.3,4.4,4.25,4.25,82600,4495400
2024-09-10 15:24:00+05:30,4.25,4.35,4.2,4.3,102650,4495400
2024-09-10 15:25:00+05:30,4.4,4.45,4.35,4.4,125675,4502800
2024-09-10 15:26:00+05:30,4.4,4.55,4.4,4.5,139575,4502800
2024-09-10 15:27:00+05:30,4.5,4.65,4.5,4.55,105400,4502800
2024-09-10 15:28:00+05:30,4.6,4.65,4.5,4.65,192725,4562925
2024-09-10 15:29:00+05:30,4.65,4.75,4.3,4.4,125500,4562925
2024-09-11 09:15:00+05:30,2.5,3.75,2.25,2.8,573975,4604275
2024-09-11 09:16:00+05:30,2.8,3.25,2.75,3.1,656175,4604275
2024-09-11 09:17:00+05:30,3.1,3.15,2.9,3.05,564875,4604275
2024-09-11 09:18:00+05:30,3.05,3.15,2.9,3.1,359575,4632250
2024-09-11 09:19:00+05:30,3.1,3.2,2.9,2.95,342650,4632250
2024-09-11 09:20:00+05:30,2.95,3.05,2.8,2.95,591850,4632250
2024-09-11 09:21:00+05:30,2.95,3,2.85,2.95,326150,4629925
2024-09-11 09:22:00+05:30,2.95,2.95,2.75,2.75,308525,4629925
2024-09-11 09:23:00+05:30,2.75,2.85,2.65,2.65,439575,4629925
2024-09-11 09:24:00+05:30,2.65,2.8,2.65,2.7,327650,4698275
2024-09-11 09:25:00+05:30,2.65,2.75,2.65,2.7,325900,4698275
2024-09-11 09:26:00+05:30,2.7,2.8,2.65,2.7,345175,4698275
2024-09-11 09:27:00+05:30,2.7,2.8,2.65,2.65,300900,5020175
2024-09-11 09:28:00+05:30,2.6,2.7,2.55,2.55,256575,5020175
2024-09-11 09:29:00+05:30,2.6,2.6,2.5,2.55,201075,5020175
2024-09-11 09:30:00+05:30,2.55,2.7,2.5,2.6,304225,5154075
2024-09-11 09:31:00+05:30,2.65,2.7,2.6,2.7,80375,5154075
2024-09-11 09:32:00+05:30,2.7,2.75,2.6,2.65,132125,5154075
2024-09-11 09:33:00+05:30,2.65,2.95,2.65,2.85,178625,5187600
2024-09-11 09:34:00+05:30,2.85,2.9,2.7,2.75,163600,5187600
2024-09-11 09:35:00+05:30,2.75,2.8,2.7,2.75,215350,5187600
2024-09-11 09:36:00+05:30,2.75,2.95,2.7,2.9,117425,5258200
2024-09-11 09:37:00+05:30,2.95,3.05,2.8,2.85,166175,5258200
2024-09-11 09:38:00+05:30,2.85,2.95,2.8,2.95,148700,5258200
2024-09-11 09:39:00+05:30,2.95,3.45,2.9,3.25,617400,5379250
2024-09-11 09:40:00+05:30,3.25,3.45,3.05,3.15,413875,5379250
2024-09-11 09:41:00+05:30,3.15,3.6,3,3.25,451125,5379250
2024-09-11 09:42:00+05:30,3.25,3.7,3.15,3.6,220950,5278575
2024-09-11 09:43:00+05:30,3.65,4.15,3.6,3.85,453625,5278575
2024-09-11 09:44:00+05:30,3.85,4,3.75,3.9,184525,5278575
2024-09-11 09:45:00+05:30,3.9,4.65,3.85,4.2,590325,5317200
2024-09-11 09:46:00+05:30,4.2,4.55,4.15,4.3,493950,5317200
2024-09-11 09:47:00+05:30,4.3,4.5,3.9,3.9,377450,5317200
2024-09-11 09:48:00+05:30,3.9,4.25,3.65,4.2,408450,5305375
2024-09-11 09:49:00+05:30,4.2,4.2,3.9,3.95,142800,5305375
2024-09-11 09:50:00+05:30,3.95,3.95,3.3,3.3,273675,5305375
2024-09-11 09:51:00+05:30,3.3,3.7,3.25,3.5,332225,5314850
2024-09-11 09:52:00+05:30,3.5,3.65,3.45,3.65,146875,5314850
2024-09-11 09:53:00+05:30,3.65,3.65,3.4,3.6,109150,5314850
2024-09-11 09:54:00+05:30,3.6,3.6,3.2,3.25,183450,5300425
2024-09-11 09:55:00+05:30,3.25,3.3,2.95,2.95,422225,5300425
2024-09-11 09:56:00+05:30,3,3.15,2.9,3.15,303975,5300425
2024-09-11 09:57:00+05:30,3.2,3.2,3,3.15,234550,5345600
2024-09-11 09:58:00+05:30,3.15,3.3,3.05,3.1,126225,5345600
2024-09-11 09:59:00+05:30,3.1,3.2,3,3.1,93875,5345600
2024-09-11 10:00:00+05:30,3.1,3.2,3,3.2,120775,5348400
2024-09-11 10:01:00+05:30,3.2,3.25,3.05,3.05,90225,5348400
2024-09-11 10:02:00+05:30,3.05,3.1,2.9,2.95,301200,5348400
2024-09-11 10:03:00+05:30,2.95,3,2.85,2.9,151350,5428025
2024-09-11 10:04:00+05:30,2.9,2.95,2.85,2.95,101375,5428025
2024-09-11 10:05:00+05:30,2.9,3.1,2.9,3.1,136475,5428025
2024-09-11 10:06:00+05:30,3.1,3.1,2.95,2.95,152550,5507550
2024-09-11 10:07:00+05:30,2.95,3.05,2.9,3,101425,5507550
2024-09-11 10:08:00+05:30,3,3.1,2.9,3.05,93225,5507550
2024-09-11 10:09:00+05:30,3.05,3.05,2.95,3,85825,5587725
2024-09-11 10:10:00+05:30,3,3.1,2.95,3.1,44900,5587725
2024-09-11 10:11:00+05:30,3.1,3.15,2.9,2.9,564600,5587725
2024-09-11 10:12:00+05:30,2.95,3,2.85,2.95,133125,5545675
2024-09-11 10:13:00+05:30,3,3.1,2.9,3.1,146625,5545675
2024-09-11 10:14:00+05:30,3.1,3.35,3.05,3.3,207275,5545675
2024-09-11 10:15:00+05:30,3.3,3.5,3.15,3.35,352800,5424250
2024-09-11 10:16:00+05:30,3.35,3.5,3.3,3.4,176850,5424250
2024-09-11 10:17:00+05:30,3.4,3.65,3.3,3.6,431175,5424250
2024-09-11 10:18:00+05:30,3.6,3.7,3.2,3.45,378375,5373975
2024-09-11 10:19:00+05:30,3.45,3.45,3.25,3.3,144775,5373975
2024-09-11 10:20:00+05:30,3.3,3.3,2.9,2.95,227000,5373975
2024-09-11 10:21:00+05:30,2.95,3,2.7,2.7,194700,5358850
2024-09-11 10:22:00+05:30,2.7,2.7,2.5,2.65,484775,5358850
2024-09-11 10:23:00+05:30,2.65,2.7,2.55,2.7,156450,5358850
2024-09-11 10:24:00+05:30,2.7,2.75,2.55,2.7,151800,5329675
2024-09-11 10:25:00+05:30,2.7,2.75,2.6,2.7,111875,5329675
2024-09-11 10:26:00+05:30,2.75,2.8,2.65,2.7,137850,5329675
2024-09-11 10:27:00+05:30,2.7,2.75,2.7,2.75,90375,5335375
2024-09-11 10:28:00+05:30,2.7,3.05,2.7,3.05,244900,5335375
2024-09-11 10:29:00+05:30,3.05,3.05,2.85,2.95,45775,5335375
2024-09-11 10:30:00+05:30,2.95,3.1,2.9,3.05,58375,5340400
2024-09-11 10:31:00+05:30,3.05,3.15,3,3.05,61525,5340400
2024-09-11 10:32:00+05:30,3.05,3.1,2.9,3.1,142075,5340400
2024-09-11 10:33:00+05:30,3.1,3.15,3,3.05,110975,5361350
2024-09-11 10:34:00+05:30,3.1,3.15,3,3.15,130975,5361350
2024-09-11 10:35:00+05:30,3.1,3.2,2.95,3,151650,5361350
2024-09-11 10:36:00+05:30,3.05,3.35,3,3.15,235775,5339725
2024-09-11 10:37:00+05:30,3.1,3.4,3.1,3.35,142675,5339725
2024-09-11 10:38:00+05:30,3.35,3.5,3.15,3.45,219400,5339725
2024-09-11 10:39:00+05:30,3.4,3.4,3.25,3.3,116675,5309175
2024-09-11 10:40:00+05:30,3.3,3.3,3.1,3.25,137925,5309175
2024-09-11 10:41:00+05:30,3.25,3.25,3.05,3.15,172450,5309175
2024-09-11 10:42:00+05:30,3.15,3.35,3.05,3.2,109825,5387900
2024-09-11 10:43:00+05:30,3.2,3.75,3.2,3.45,328400,5387900
2024-09-11 10:44:00+05:30,3.45,3.45,3.25,3.4,249725,5387900
2024-09-11 10:45:00+05:30,3.4,3.4,2.9,3.05,361175,5356350
2024-09-11 10:46:00+05:30,3.05,3.35,3.05,3.25,197725,5356350
2024-09-11 10:47:00+05:30,3.3,3.3,2.9,3.15,236250,5356350
2024-09-11 10:48:00+05:30,3.15,3.15,3.05,3.1,94025,5303750
2024-09-11 10:49:00+05:30,3.1,3.15,2.85,2.95,128600,5303750
2024-09-11 10:50:00+05:30,2.95,3,2.65,2.7,356400,5303750
2024-09-11 10:51:00+05:30,2.7,2.8,2.6,2.65,201050,5312225
2024-09-11 10:52:00+05:30,2.65,2.75,2.6,2.65,247650,5312225
2024-09-11 10:53:00+05:30,2.65,2.75,2.6,2.65,227550,5312225
2024-09-11 10:54:00+05:30,2.7,2.75,2.6,2.65,241450,5384725
2024-09-11 10:55:00+05:30,2.7,2.85,2.65,2.8,113525,5384725
2024-09-11 10:56:00+05:30,2.8,2.95,2.75,2.85,111150,5384725
2024-09-11 10:57:00+05:30,2.9,2.95,2.7,2.75,207325,5381400
2024-09-11 10:58:00+05:30,2.75,2.85,2.7,2.8,220475,5381400
2024-09-11 10:59:00+05:30,2.8,2.95,2.8,2.85,211800,5381400
2024-09-11 11:00:00+05:30,2.85,3,2.8,2.95,113950,5418825
2024-09-11 11:01:00+05:30,3,3,2.85,2.9,126550,5418825
2024-09-11 11:02:00+05:30,2.9,3,2.85,2.9,52575,5418825
2024-09-11 11:03:00+05:30,2.9,3,2.9,2.95,62625,5429075
2024-09-11 11:04:00+05:30,2.95,2.95,2.9,2.9,26875,5429075
2024-09-11 11:05:00+05:30,2.9,3,2.9,2.95,35500,5429075
2024-09-11 11:06:00+05:30,2.95,2.95,2.8,2.85,125900,5449250
2024-09-11 11:07:00+05:30,2.85,2.9,2.8,2.8,36550,5449250
2024-09-11 11:08:00+05:30,2.8,2.95,2.75,2.9,90200,5449250
2024-09-11 11:09:00+05:30,2.9,3.05,2.9,3,123075,5443950
2024-09-11 11:10:00+05:30,3,3.1,3,3,87675,5443950
2024-09-11 11:11:00+05:30,3,3.05,2.9,3,83225,5443950
2024-09-11 11:12:00+05:30,3,3,2.85,2.9,57525,5431125
2024-09-11 11:13:00+05:30,2.95,3,2.85,2.95,100125,5431125
2024-09-11 11:14:00+05:30,2.95,3.2,2.95,3.1,112025,5431125
2024-09-11 11:15:00+05:30,3.1,3.1,2.95,2.95,125775,5422025
2024-09-11 11:16:00+05:30,3,3,2.85,2.95,128700,5422025
2024-09-11 11:17:00+05:30,2.95,2.95,2.8,2.85,66325,5422025
2024-09-11 11:18:00+05:30,2.85,2.95,2.75,2.85,90125,5425450
2024-09-11 11:19:00+05:30,2.8,2.85,2.7,2.75,62450,5425450
2024-09-11 11:20:00+05:30,2.75,2.8,2.7,2.8,42050,5425450
2024-09-11 11:21:00+05:30,2.8,2.8,2.65,2.7,99400,5397675
2024-09-11 11:22:00+05:30,2.7,2.75,2.6,2.6,103875,5397675
2024-09-11 11:23:00+05:30,2.6,2.65,2.5,2.55,161125,5397675
2024-09-11 11:24:00+05:30,2.55,2.75,2.55,2.7,169250,5545725
2024-09-11 11:25:00+05:30,2.7,2.85,2.7,2.85,22925,5545725
2024-09-11 11:26:00+05:30,2.8,2.85,2.75,2.75,51700,5545725
2024-09-11 11:27:00+05:30,2.75,2.85,2.75,2.85,29450,5558025
2024-09-11 11:28:00+05:30,2.85,2.9,2.8,2.8,53800,5558025
2024-09-11 11:29:00+05:30,2.85,2.85,2.75,2.8,78900,5558025
2024-09-11 11:30:00+05:30,2.8,2.85,2.75,2.8,35175,5554275
2024-09-11 11:31:00+05:30,2.8,2.85,2.75,2.8,28350,5554275
2024-09-11 11:32:00+05:30,2.85,2.95,2.8,2.9,66350,5554275
2024-09-11 11:33:00+05:30,2.9,3,2.85,2.95,55050,5534650
2024-09-11 11:34:00+05:30,2.95,3,2.85,2.9,95975,5534650
2024-09-11 11:35:00+05:30,2.9,2.9,2.7,2.7,64625,5534650
2024-09-11 11:36:00+05:30,2.7,2.7,2.55,2.6,114175,5529025
2024-09-11 11:37:00+05:30,2.6,2.75,2.6,2.75,65300,5529025
2024-09-11 11:38:00+05:30,2.75,2.75,2.55,2.6,84450,5529025
2024-09-11 11:39:00+05:30,2.6,2.7,2.5,2.65,266375,5556600
2024-09-11 11:40:00+05:30,2.65,2.75,2.6,2.75,158025,5556600
2024-09-11 11:41:00+05:30,2.75,2.75,2.65,2.65,73875,5556600
2024-09-11 11:42:00+05:30,2.65,2.75,2.65,2.65,60475,5560950
2024-09-11 11:43:00+05:30,2.65,2.9,2.65,2.75,206025,5560950
2024-09-11 11:44:00+05:30,2.75,2.85,2.7,2.75,104175,5560950
2024-09-11 11:45:00+05:30,2.75,2.85,2.7,2.75,129475,5494350
2024-09-11 11:46:00+05:30,2.75,2.75,2.55,2.6,206375,5494350
2024-09-11 11:47:00+05:30,2.6,2.65,2.5,2.55,146700,5494350
2024-09-11 11:48:00+05:30,2.55,2.7,2.55,2.65,96375,5473750
2024-09-11 11:49:00+05:30,2.65,2.85,2.65,2.8,69800,5473750
2024-09-11 11:50:00+05:30,2.8,3,2.75,2.9,121075,5473750
2024-09-11 11:51:00+05:30,2.9,3,2.8,2.9,141900,5461825
2024-09-11 11:52:00+05:30,2.9,2.9,2.7,2.8,87325,5461825
2024-09-11 11:53:00+05:30,2.75,2.85,2.7,2.8,69475,5461825
2024-09-11 11:54:00+05:30,2.8,2.8,2.65,2.7,69200,5455600
2024-09-11 11:55:00+05:30,2.7,2.85,2.7,2.8,62350,5455600
2024-09-11 11:56:00+05:30,2.8,2.9,2.75,2.85,53075,5455600
2024-09-11 11:57:00+05:30,2.85,3.1,2.8,3.05,114175,5443450
2024-09-11 11:58:00+05:30,2.95,3.15,2.95,3.1,364325,5443450
2024-09-11 11:59:00+05:30,3.1,3.1,2.9,3.05,130200,5443450
2024-09-11 12:00:00+05:30,3.05,3.75,3,3.45,902925,5342150
2024-09-11 12:01:00+05:30,3.45,4.1,3.4,3.7,693625,5342150
2024-09-11 12:02:00+05:30,3.7,3.8,3.5,3.7,205925,5342150
2024-09-11 12:03:00+05:30,3.7,3.85,3.55,3.7,170375,5291775
2024-09-11 12:04:00+05:30,3.7,3.9,3.6,3.75,247150,5291775
2024-09-11 12:05:00+05:30,3.75,4.65,3.7,4.3,555700,5291775
2024-09-11 12:06:00+05:30,4.3,4.3,3.85,4.2,316050,5304150
2024-09-11 12:07:00+05:30,4.2,4.2,3.65,3.65,311825,5304150
2024-09-11 12:08:00+05:30,3.65,3.95,3.5,3.7,160950,5304150
2024-09-11 12:09:00+05:30,3.7,3.85,3.55,3.55,165675,5294075
2024-09-11 12:10:00+05:30,3.6,3.6,3.3,3.35,231000,5294075
2024-09-11 12:11:00+05:30,3.35,3.55,3.15,3.15,168550,5294075
2024-09-11 12:12:00+05:30,3.15,3.4,3.05,3.35,191000,5306450
2024-09-11 12:13:00+05:30,3.35,3.5,3.35,3.4,58950,5306450
2024-09-11 12:14:00+05:30,3.4,3.6,3.35,3.55,94675,5306450
2024-09-11 12:15:00+05:30,3.55,3.85,3.5,3.6,162450,5325825
2024-09-11 12:16:00+05:30,3.65,3.65,3.35,3.35,114150,5325825
2024-09-11 12:17:00+05:30,3.35,3.5,3.25,3.3,67575,5325825
2024-09-11 12:18:00+05:30,3.35,3.45,3.25,3.3,93900,5332550
2024-09-11 12:19:00+05:30,3.3,3.35,3.2,3.25,84350,5332550
2024-09-11 12:20:00+05:30,3.3,3.65,3.25,3.55,145200,5332550
2024-09-11 12:21:00+05:30,3.55,3.6,3.35,3.4,99150,5332550
2024-09-11 12:22:00+05:30,3.4,3.75,3.4,3.7,108900,5397000
2024-09-11 12:23:00+05:30,3.7,3.85,3.6,3.7,128200,5397000
2024-09-11 12:24:00+05:30,3.7,3.85,3.7,3.75,60200,5422550
2024-09-11 12:25:00+05:30,3.75,4.15,3.65,3.9,144600,5422550
2024-09-11 12:26:00+05:30,3.9,4,3.7,3.9,165600,5422550
2024-09-11 12:27:00+05:30,3.9,4.15,3.8,3.85,219225,5422550
2024-09-11 12:28:00+05:30,3.85,3.95,3.4,3.45,344950,5405675
2024-09-11 12:29:00+05:30,3.45,3.6,3.25,3.3,162625,5405675
2024-09-11 12:30:00+05:30,3.3,3.55,3.2,3.5,87450,5405675
2024-09-11 12:31:00+05:30,3.5,3.7,3.4,3.65,153200,5317525
2024-09-11 12:32:00+05:30,3.7,4,3.6,4,219075,5317525
2024-09-11 12:33:00+05:30,3.95,4,3.75,3.9,194100,5317525
2024-09-11 12:34:00+05:30,3.9,4.3,3.75,3.85,439100,5302975
2024-09-11 12:35:00+05:30,4,4.2,3.8,4,143125,5302975
2024-09-11 12:36:00+05:30,4,4.05,3.6,3.7,262675,5302975
2024-09-11 12:37:00+05:30,3.7,3.85,3.55,3.6,117700,5248325
2024-09-11 12:38:00+05:30,3.65,3.75,3.55,3.65,96600,5248325
2024-09-11 12:39:00+05:30,3.65,3.65,3.4,3.45,107075,5248325
2024-09-11 12:40:00+05:30,3.45,3.55,3.25,3.35,142775,5246100
2024-09-11 12:41:00+05:30,3.35,3.4,3.25,3.35,117375,5246100
2024-09-11 12:42:00+05:30,3.4,3.55,3.35,3.55,89200,5246100
2024-09-11 12:43:00+05:30,3.55,3.55,3.3,3.35,69675,5241050
2024-09-11 12:44:00+05:30,3.35,3.4,3.1,3.2,190850,5241050
2024-09-11 12:45:00+05:30,3.2,3.25,3.05,3.1,110775,5241050
2024-09-11 12:46:00+05:30,3.1,3.15,2.85,3.05,231850,5230525
2024-09-11 12:47:00+05:30,3.05,3.05,2.8,2.85,169125,5230525
2024-09-11 12:48:00+05:30,2.85,2.95,2.8,2.9,129450,5230525
2024-09-11 12:49:00+05:30,2.95,3.1,2.9,3,173750,5223225
2024-09-11 12:50:00+05:30,3,3.15,3,3.1,121150,5223225
2024-09-11 12:51:00+05:30,3.1,3.1,2.8,2.85,210225,5223225
2024-09-11 12:52:00+05:30,2.9,2.9,2.7,2.85,254200,5269475
2024-09-11 12:53:00+05:30,2.85,2.85,2.75,2.8,140875,5269475
2024-09-11 12:54:00+05:30,2.8,2.8,2.7,2.75,94450,5269475
2024-09-11 12:55:00+05:30,2.75,2.9,2.7,2.8,89500,5299100
2024-09-11 12:56:00+05:30,2.8,2.9,2.75,2.85,99875,5299100
2024-09-11 12:57:00+05:30,2.85,2.85,2.75,2.8,79975,5299100
2024-09-11 12:58:00+05:30,2.85,2.85,2.65,2.75,289875,5317200
2024-09-11 12:59:00+05:30,2.8,2.8,2.65,2.65,104825,5317200
2024-09-11 13:00:00+05:30,2.65,2.75,2.6,2.65,194025,5317200
2024-09-11 13:01:00+05:30,2.7,2.8,2.6,2.8,103350,5356675
2024-09-11 13:02:00+05:30,2.8,2.9,2.75,2.85,55225,5356675
2024-09-11 13:03:00+05:30,2.85,2.9,2.8,2.85,110325,5356675
2024-09-11 13:04:00+05:30,2.85,2.85,2.7,2.75,141325,5380775
2024-09-11 13:05:00+05:30,2.75,2.85,2.75,2.75,48650,5380775
2024-09-11 13:06:00+05:30,2.75,2.8,2.65,2.7,102175,5380775
2024-09-11 13:07:00+05:30,2.7,2.75,2.7,2.75,53275,5435900
2024-09-11 13:08:00+05:30,2.75,2.75,2.65,2.65,98325,5435900
2024-09-11 13:09:00+05:30,2.65,2.75,2.65,2.7,62400,5435900
2024-09-11 13:10:00+05:30,2.7,2.75,2.7,2.75,16625,5473275
2024-09-11 13:11:00+05:30,2.75,2.85,2.7,2.85,30025,5473275
2024-09-11 13:12:00+05:30,2.8,2.95,2.8,2.9,144650,5473275
2024-09-11 13:13:00+05:30,2.9,2.95,2.85,2.9,54000,5499350
2024-09-11 13:14:00+05:30,2.9,2.9,2.75,2.8,104900,5499350
2024-09-11 13:15:00+05:30,2.8,2.85,2.75,2.85,49075,5499350
2024-09-11 13:16:00+05:30,2.85,2.95,2.8,2.85,51650,5527350
2024-09-11 13:17:00+05:30,2.85,2.85,2.8,2.85,45575,5527350
2024-09-11 13:18:00+05:30,2.85,2.85,2.7,2.75,67075,5527350
2024-09-11 13:19:00+05:30,2.75,2.8,2.7,2.8,37575,5573650
2024-09-11 13:20:00+05:30,2.8,2.8,2.75,2.75,27775,5573650
2024-09-11 13:21:00+05:30,2.75,2.75,2.7,2.7,46425,5573650
2024-09-11 13:22:00+05:30,2.7,2.75,2.65,2.7,61675,5557550
2024-09-11 13:23:00+05:30,2.7,2.75,2.7,2.75,21175,5557550
2024-09-11 13:24:00+05:30,2.75,2.75,2.7,2.7,18675,5557550
2024-09-11 13:25:00+05:30,2.75,2.8,2.7,2.75,35550,5577150
2024-09-11 13:26:00+05:30,2.8,2.85,2.75,2.8,30250,5577150
2024-09-11 13:27:00+05:30,2.85,3,2.8,2.95,165925,5577150
2024-09-11 13:28:00+05:30,2.95,2.95,2.85,2.9,111275,5589300
2024-09-11 13:29:00+05:30,2.9,2.95,2.8,2.85,97050,5589300
2024-09-11 13:30:00+05:30,2.9,2.9,2.7,2.75,67075,5589300
2024-09-11 13:31:00+05:30,2.75,2.75,2.65,2.7,100525,5592125
2024-09-11 13:32:00+05:30,2.7,2.7,2.45,2.5,291725,5592125
2024-09-11 13:33:00+05:30,2.5,2.5,2.35,2.45,348900,5592125
2024-09-11 13:34:00+05:30,2.45,2.55,2.4,2.45,200875,5675325
2024-09-11 13:35:00+05:30,2.4,2.45,2.4,2.4,113975,5675325
2024-09-11 13:36:00+05:30,2.4,2.55,2.4,2.55,140925,5675325
2024-09-11 13:37:00+05:30,2.55,2.55,2.4,2.4,64625,5761300
2024-09-11 13:38:00+05:30,2.4,2.45,2.4,2.4,39975,5761300
2024-09-11 13:39:00+05:30,2.4,2.4,2.3,2.4,139625,5761300
2024-09-11 13:40:00+05:30,2.4,2.4,2.3,2.4,87100,5787525
2024-09-11 13:41:00+05:30,2.35,2.45,2.3,2.35,214900,5787525
2024-09-11 13:42:00+05:30,2.35,2.4,2.3,2.3,191675,5787525
2024-09-11 13:43:00+05:30,2.3,2.4,2.3,2.35,202475,5760375
2024-09-11 13:44:00+05:30,2.35,2.35,2.3,2.3,153650,5760375
2024-09-11 13:45:00+05:30,2.3,2.35,2.25,2.35,119975,5760375
2024-09-11 13:46:00+05:30,2.35,2.35,2.25,2.3,232325,5737700
2024-09-11 13:47:00+05:30,2.3,2.35,2.25,2.25,161350,5737700
2024-09-11 13:48:00+05:30,2.25,2.3,2.2,2.25,196750,5737700
2024-09-11 13:49:00+05:30,2.2,2.35,2.2,2.3,111100,5688150
2024-09-11 13:50:00+05:30,2.3,2.45,2.3,2.45,93900,5688150
2024-09-11 13:51:00+05:30,2.45,2.45,2.3,2.4,140525,5688150
2024-09-11 13:52:00+05:30,2.4,2.4,2.2,2.25,106625,5698225
2024-09-11 13:53:00+05:30,2.3,2.3,2.15,2.2,145700,5698225
2024-09-11 13:54:00+05:30,2.2,2.25,2.15,2.25,68725,5698225
2024-09-11 13:55:00+05:30,2.25,2.35,2.2,2.3,206350,5739325
2024-09-11 13:56:00+05:30,2.3,2.35,2.2,2.2,270775,5739325
2024-09-11 13:57:00+05:30,2.2,2.2,2.1,2.15,111025,5739325
2024-09-11 13:58:00+05:30,2.15,2.2,2.1,2.1,30825,5686225
2024-09-11 13:59:00+05:30,2.15,2.15,2.05,2.05,136225,5686225
2024-09-11 14:00:00+05:30,2.1,2.15,2.05,2.1,242450,5686225
2024-09-11 14:01:00+05:30,2.15,2.15,2,2,302775,5727900
2024-09-11 14:02:00+05:30,2,2.1,2,2.05,262225,5727900
2024-09-11 14:03:00+05:30,2.1,2.2,2,2.1,483375,5727900
2024-09-11 14:04:00+05:30,2.1,2.25,2.1,2.25,675875,5766525
2024-09-11 14:05:00+05:30,2.25,2.35,2.2,2.25,346625,5766525
2024-09-11 14:06:00+05:30,2.25,2.25,2.1,2.25,586375,5766525
2024-09-11 14:07:00+05:30,2.25,2.25,2.1,2.1,474425,5904875
2024-09-11 14:08:00+05:30,2.1,2.15,2.05,2.05,205500,5904875
2024-09-11 14:09:00+05:30,2.05,2.2,2.05,2.15,260025,5904875
2024-09-11 14:10:00+05:30,2.2,2.2,2.1,2.1,59475,5895725
2024-09-11 14:11:00+05:30,2.15,2.15,2.1,2.15,118275,5895725
2024-09-11 14:12:00+05:30,2.15,2.3,2.15,2.25,351325,5895725
2024-09-11 14:13:00+05:30,2.25,2.3,2.15,2.15,442375,5973775
2024-09-11 14:14:00+05:30,2.15,2.2,2.05,2.1,429350,5973775
2024-09-11 14:15:00+05:30,2.1,2.2,2.05,2.15,514300,5973775
2024-09-11 14:16:00+05:30,2.15,2.2,2.1,2.15,374350,6175925
2024-09-11 14:17:00+05:30,2.15,2.15,2.05,2.05,210925,6175925
2024-09-11 14:18:00+05:30,2.1,2.1,2,2.05,93500,6175925
2024-09-11 14:19:00+05:30,2.05,2.05,1.9,1.9,294850,6185450
2024-09-11 14:20:00+05:30,2,2,1.9,1.95,293000,6185450
2024-09-11 14:21:00+05:30,2,2,1.95,1.95,214725,6185450
2024-09-11 14:22:00+05:30,1.95,2.05,1.95,2,205100,6124200
2024-09-11 14:23:00+05:30,2,2.05,1.95,2,120000,6124200
2024-09-11 14:24:00+05:30,2,2.15,2,2.15,181300,6124200
2024-09-11 14:25:00+05:30,2.15,2.2,2.1,2.1,131250,6187000
2024-09-11 14:26:00+05:30,2.15,2.15,2.05,2.1,291250,6187000
2024-09-11 14:27:00+05:30,2.1,2.2,2.05,2.1,212850,6187000
2024-09-11 14:28:00+05:30,2.1,2.1,2.05,2.1,65825,6369350
2024-09-11 14:29:00+05:30,2.05,2.1,2,2,117725,6369350
2024-09-11 14:30:00+05:30,2,2.1,2,2.05,135000,6369350
2024-09-11 14:31:00+05:30,2.05,2.1,2,2.1,185775,6504150
2024-09-11 14:32:00+05:30,2.1,2.15,2.05,2.05,96125,6504150
2024-09-11 14:33:00+05:30,2.05,2.1,2,2,159025,6504150
2024-09-11 14:34:00+05:30,2,2.05,1.95,1.95,66050,6508800
2024-09-11 14:35:00+05:30,1.95,2,1.9,1.9,152750,6508800
2024-09-11 14:36:00+05:30,1.9,1.95,1.85,1.85,185825,6508800
2024-09-11 14:37:00+05:30,1.85,1.9,1.85,1.85,87700,6540850
2024-09-11 14:38:00+05:30,1.85,1.9,1.85,1.9,84275,6540850
2024-09-11 14:39:00+05:30,1.9,1.9,1.85,1.9,44325,6540850
2024-09-11 14:40:00+05:30,1.9,1.95,1.8,1.85,180375,6513225
2024-09-11 14:41:00+05:30,1.8,1.85,1.7,1.75,220525,6513225
2024-09-11 14:42:00+05:30,1.75,1.8,1.7,1.7,98675,6513225
2024-09-11 14:43:00+05:30,1.7,1.8,1.7,1.8,137125,6587550
2024-09-11 14:44:00+05:30,1.75,1.85,1.7,1.8,221800,6587550
2024-09-11 14:45:00+05:30,1.8,1.85,1.75,1.8,93425,6587550
2024-09-11 14:46:00+05:30,1.75,1.9,1.75,1.8,393525,6507700
2024-09-11 14:47:00+05:30,1.8,1.9,1.8,1.8,394975,6507700
2024-09-11 14:48:00+05:30,1.8,1.85,1.8,1.8,236350,6507700
2024-09-11 14:49:00+05:30,1.8,1.85,1.8,1.8,224800,6774300
2024-09-11 14:50:00+05:30,1.8,1.85,1.8,1.85,155725,6774300
2024-09-11 14:51:00+05:30,1.85,1.9,1.8,1.9,312550,6774300
2024-09-11 14:52:00+05:30,1.9,1.9,1.85,1.9,254800,6847875
2024-09-11 14:53:00+05:30,1.9,1.95,1.85,1.85,653575,6847875
2024-09-11 14:54:00+05:30,1.85,1.9,1.75,1.75,200750,6847875
2024-09-11 14:55:00+05:30,1.75,1.85,1.75,1.85,135650,6940050
2024-09-11 14:56:00+05:30,1.85,1.9,1.8,1.85,97375,6940050
2024-09-11 14:57:00+05:30,1.85,1.9,1.85,1.85,254600,6940050
2024-09-11 14:58:00+05:30,1.85,1.9,1.75,1.75,168375,6902425
2024-09-11 14:59:00+05:30,1.75,1.8,1.75,1.8,198650,6902425
2024-09-11 15:00:00+05:30,1.75,1.85,1.75,1.85,210550,6902425
2024-09-11 15:01:00+05:30,1.85,1.9,1.8,1.85,248725,6850825
2024-09-11 15:02:00+05:30,1.9,1.9,1.8,1.85,105025,6850825
2024-09-11 15:03:00+05:30,1.85,1.9,1.8,1.85,218325,6850825
2024-09-11 15:04:00+05:30,1.85,1.95,1.85,1.95,397075,6862250
2024-09-11 15:05:00+05:30,1.9,1.95,1.8,1.8,368425,6862250
2024-09-11 15:06:00+05:30,1.85,1.85,1.7,1.7,370500,6862250
2024-09-11 15:07:00+05:30,1.7,1.75,1.55,1.6,334225,6929300
2024-09-11 15:08:00+05:30,1.6,1.6,1.4,1.5,578575,6929300
2024-09-11 15:09:00+05:30,1.45,1.5,1.4,1.4,506375,6929300
2024-09-11 15:10:00+05:30,1.45,1.45,1.3,1.35,673575,7089125
2024-09-11 15:11:00+05:30,1.35,1.35,1.25,1.3,170500,7089125
2024-09-11 15:12:00+05:30,1.25,1.35,1.2,1.3,349750,7089125
2024-09-11 15:13:00+05:30,1.3,1.4,1.3,1.4,382850,7167225
2024-09-11 15:14:00+05:30,1.4,1.4,1.35,1.35,121875,7167225
2024-09-11 15:15:00+05:30,1.4,1.4,1.35,1.4,236500,7167225
2024-09-11 15:16:00+05:30,1.35,1.45,1.35,1.4,300600,7190225
2024-09-11 15:17:00+05:30,1.35,1.4,1.25,1.25,207675,7190225
2024-09-11 15:18:00+05:30,1.3,1.35,1.25,1.3,223175,7190225
2024-09-11 15:19:00+05:30,1.3,1.35,1.25,1.25,194600,7259450
2024-09-11 15:20:00+05:30,1.3,1.35,1.25,1.25,205675,7259450
2024-09-11 15:21:00+05:30,1.3,1.3,1.15,1.2,375725,7259450
2024-09-11 15:22:00+05:30,1.2,1.2,1.1,1.15,359425,7209275
2024-09-11 15:23:00+05:30,1.15,1.2,1.1,1.15,419000,7209275
2024-09-11 15:24:00+05:30,1.1,1.15,1.05,1.15,412100,7209275
2024-09-11 15:25:00+05:30,1.15,1.15,1.05,1.05,237725,7148375
2024-09-11 15:26:00+05:30,1.1,1.1,1.05,1.05,197450,7148375
2024-09-11 15:27:00+05:30,1.05,1.15,1.05,1.1,454725,7148375
2024-09-11 15:28:00+05:30,1.1,1.15,1.05,1.15,372725,7035675
2024-09-11 15:29:00+05:30,1.1,1.2,1,1.05,334875,7035675
2024-09-12 09:15:00+05:30,2.05,2.05,0.6,1,4021425,7270050
2024-09-12 09:16:00+05:30,0.95,1,0.9,0.95,2707175,7270050
2024-09-12 09:17:00+05:30,1,1,0.9,0.95,2324525,7270050
2024-09-12 09:18:00+05:30,0.95,1,0.9,0.95,1633750,8125225
2024-09-12 09:19:00+05:30,0.9,0.95,0.85,0.85,1262400,8125225
2024-09-12 09:20:00+05:30,0.85,0.9,0.75,0.75,2652625,8125225
2024-09-12 09:21:00+05:30,0.75,0.9,0.75,0.85,1586425,8728800
2024-09-12 09:22:00+05:30,0.85,0.95,0.85,0.85,1058500,8728800
2024-09-12 09:23:00+05:30,0.9,0.95,0.85,0.9,1186800,8728800
2024-09-12 09:24:00+05:30,0.9,0.95,0.9,0.9,749850,8977525
2024-09-12 09:25:00+05:30,0.9,0.95,0.9,0.95,1479025,8977525
2024-09-12 09:26:00+05:30,0.95,1,0.9,0.95,2177925,8977525
2024-09-12 09:27:00+05:30,0.95,0.95,0.9,0.95,663925,9357750
2024-09-12 09:28:00+05:30,0.95,1.05,0.9,0.95,2013450,9357750
2024-09-12 09:29:00+05:30,0.95,0.95,0.9,0.95,660700,9357750
2024-09-12 09:30:00+05:30,0.9,1,0.9,0.95,2031450,9628275
2024-09-12 09:31:00+05:30,0.95,0.95,0.9,0.9,761975,9628275
2024-09-12 09:32:00+05:30,0.9,0.95,0.9,0.95,522425,9628275
2024-09-12 09:33:00+05:30,0.9,0.95,0.9,0.95,281725,9795050
2024-09-12 09:34:00+05:30,0.95,0.95,0.9,0.95,570850,9795050
2024-09-12 09:35:00+05:30,0.95,0.95,0.9,0.95,434450,9795050
2024-09-12 09:36:00+05:30,0.95,0.95,0.9,0.9,356875,10292675
2024-09-12 09:37:00+05:30,0.9,0.95,0.85,0.85,1458800,10292675
2024-09-12 09:38:00+05:30,0.85,0.9,0.85,0.9,490250,10292675
2024-09-12 09:39:00+05:30,0.85,0.9,0.85,0.85,473325,10813550
2024-09-12 09:40:00+05:30,0.9,0.9,0.85,0.9,378450,10813550
2024-09-12 09:41:00+05:30,0.85,0.9,0.85,0.9,304700,10813550
2024-09-12 09:42:00+05:30,0.9,0.9,0.85,0.85,162150,11105350
2024-09-12 09:43:00+05:30,0.85,0.9,0.85,0.85,524300,11105350
2024-09-12 09:44:00+05:30,0.85,0.9,0.85,0.9,368825,11105350
2024-09-12 09:45:00+05:30,0.9,0.9,0.85,0.9,201850,10962775
2024-09-12 09:46:00+05:30,0.9,0.9,0.85,0.85,218650,10962775
2024-09-12 09:47:00+05:30,0.9,0.9,0.85,0.9,158625,10962775
2024-09-12 09:48:00+05:30,0.9,0.9,0.85,0.9,1238425,10847725
2024-09-12 09:49:00+05:30,0.85,0.95,0.85,0.85,2940750,10847725
2024-09-12 09:50:00+05:30,0.9,0.9,0.85,0.85,744675,10847725
2024-09-12 09:51:00+05:30,0.85,0.9,0.85,0.85,176950,11300425
2024-09-12 09:52:00+05:30,0.9,0.9,0.8,0.85,1089450,11300425
2024-09-12 09:53:00+05:30,0.8,0.85,0.8,0.8,171950,11300425
2024-09-12 09:54:00+05:30,0.85,0.85,0.8,0.8,412875,11941400
2024-09-12 09:55:00+05:30,0.8,0.85,0.8,0.85,397750,11941400
2024-09-12 09:56:00+05:30,0.85,0.85,0.8,0.85,307600,11941400
2024-09-12 09:57:00+05:30,0.8,0.85,0.8,0.85,360650,12187675
2024-09-12 09:58:00+05:30,0.8,0.85,0.8,0.8,208400,12187675
2024-09-12 09:59:00+05:30,0.85,0.85,0.8,0.8,520225,12187675
2024-09-12 10:00:00+05:30,0.8,0.85,0.8,0.8,564800,12222100
2024-09-12 10:01:00+05:30,0.85,0.85,0.8,0.8,268050,12222100
2024-09-12 10:02:00+05:30,0.8,0.85,0.8,0.8,293775,12222100
2024-09-12 10:03:00+05:30,0.8,0.85,0.8,0.8,197475,12444375
2024-09-12 10:04:00+05:30,0.85,0.85,0.8,0.8,154700,12444375
2024-09-12 10:05:00+05:30,0.85,0.85,0.8,0.85,506725,12444375
2024-09-12 10:06:00+05:30,0.8,0.85,0.8,0.85,564125,12675800
2024-09-12 10:07:00+05:30,0.85,0.85,0.8,0.8,164225,12675800
2024-09-12 10:08:00+05:30,0.8,0.85,0.75,0.75,1328925,12675800
2024-09-12 10:09:00+05:30,0.75,0.8,0.75,0.8,941600,13391025
2024-09-12 10:10:00+05:30,0.8,0.8,0.75,0.75,306075,13391025
2024-09-12 10:11:00+05:30,0.8,0.8,0.75,0.75,403225,13391025
2024-09-12 10:12:00+05:30,0.75,0.8,0.75,0.8,329800,13670725
2024-09-12 10:13:00+05:30,0.75,0.8,0.7,0.7,2167550,13670725
2024-09-12 10:14:00+05:30,0.7,0.75,0.7,0.7,169375,13670725
2024-09-12 10:15:00+05:30,0.7,0.75,0.7,0.75,182200,13671825
2024-09-12 10:16:00+05:30,0.75,0.75,0.65,0.7,1936375,13671825
2024-09-12 10:17:00+05:30,0.7,0.7,0.65,0.7,230925,13671825
2024-09-12 10:18:00+05:30,0.7,0.7,0.65,0.65,120475,13662825
2024-09-12 10:19:00+05:30,0.65,0.7,0.65,0.65,389450,13662825
2024-09-12 10:20:00+05:30,0.65,0.7,0.65,0.7,133025,13662825
2024-09-12 10:21:00+05:30,0.7,0.7,0.65,0.65,275700,13802350
2024-09-12 10:22:00+05:30,0.7,0.7,0.65,0.7,170475,13802350
2024-09-12 10:23:00+05:30,0.7,0.7,0.65,0.7,87675,13802350
2024-09-12 10:24:00+05:30,0.7,0.7,0.65,0.7,186775,13616375
2024-09-12 10:25:00+05:30,0.65,0.7,0.65,0.65,441475,13616375
2024-09-12 10:26:00+05:30,0.7,0.7,0.65,0.7,471425,13616375
2024-09-12 10:27:00+05:30,0.7,0.7,0.65,0.7,193775,13103200
2024-09-12 10:28:00+05:30,0.7,0.7,0.65,0.7,201125,13103200
2024-09-12 10:29:00+05:30,0.65,0.7,0.65,0.7,194300,13103200
2024-09-12 10:30:00+05:30,0.7,0.7,0.65,0.7,339625,13265550
2024-09-12 10:31:00+05:30,0.7,0.7,0.65,0.7,316475,13265550
2024-09-12 10:32:00+05:30,0.7,0.7,0.65,0.65,111900,13265550
2024-09-12 10:33:00+05:30,0.65,0.7,0.65,0.65,227075,13266400
2024-09-12 10:34:00+05:30,0.65,0.7,0.65,0.7,1289150,13266400
2024-09-12 10:35:00+05:30,0.65,0.7,0.65,0.7,442050,13266400
2024-09-12 10:36:00+05:30,0.65,0.7,0.65,0.7,565125,13591500
2024-09-12 10:37:00+05:30,0.7,0.7,0.65,0.65,308825,13591500
2024-09-12 10:38:00+05:30,0.65,0.7,0.65,0.65,1005925,13591500
2024-09-12 10:39:00+05:30,0.65,0.7,0.65,0.7,462950,13701175
2024-09-12 10:40:00+05:30,0.65,0.7,0.65,0.7,97150,13701175
2024-09-12 10:41:00+05:30,0.7,0.7,0.65,0.7,105775,13701175
2024-09-12 10:42:00+05:30,0.7,0.7,0.65,0.65,482975,14109625
2024-09-12 10:43:00+05:30,0.7,0.7,0.65,0.7,467100,14109625
2024-09-12 10:44:00+05:30,0.7,0.7,0.65,0.7,263650,14109625
2024-09-12 10:45:00+05:30,0.7,0.7,0.65,0.7,281950,14297725
2024-09-12 10:46:00+05:30,0.7,0.7,0.65,0.65,524125,14297725
2024-09-12 10:47:00+05:30,0.7,0.7,0.6,0.65,469250,14297725
2024-09-12 10:48:00+05:30,0.65,0.65,0.6,0.6,377325,14817200
2024-09-12 10:49:00+05:30,0.65,0.65,0.6,0.6,99200,14817200
2024-09-12 10:50:00+05:30,0.65,0.65,0.6,0.65,100375,14817200
2024-09-12 10:51:00+05:30,0.65,0.65,0.6,0.65,68975,14824225
2024-09-12 10:52:00+05:30,0.65,0.65,0.6,0.6,270650,14824225
2024-09-12 10:53:00+05:30,0.6,0.65,0.6,0.6,404925,14824225
2024-09-12 10:54:00+05:30,0.65,0.65,0.6,0.65,606875,14983650
2024-09-12 10:55:00+05:30,0.6,0.65,0.6,0.6,463050,14983650
2024-09-12 10:56:00+05:30,0.6,0.65,0.6,0.6,224825,14983650
2024-09-12 10:57:00+05:30,0.6,0.65,0.6,0.6,272475,15434425
2024-09-12 10:58:00+05:30,0.6,0.65,0.6,0.6,265725,15434425
2024-09-12 10:59:00+05:30,0.6,0.65,0.5,0.55,2026000,15434425
2024-09-12 11:00:00+05:30,0.55,0.55,0.45,0.55,5339925,15650600
2024-09-12 11:01:00+05:30,0.55,0.55,0.5,0.55,162125,15650600
2024-09-12 11:02:00+05:30,0.5,0.55,0.5,0.55,218000,15650600
2024-09-12 11:03:00+05:30,0.55,0.55,0.5,0.5,197125,15657875
2024-09-12 11:04:00+05:30,0.5,0.55,0.5,0.5,463425,15657875
2024-09-12 11:05:00+05:30,0.5,0.55,0.5,0.5,192075,15657875
2024-09-12 11:06:00+05:30,0.5,0.55,0.5,0.55,195475,15913500
2024-09-12 11:07:00+05:30,0.5,0.55,0.5,0.5,915325,15913500
2024-09-12 11:08:00+05:30,0.55,0.55,0.5,0.5,184825,15913500
2024-09-12 11:09:00+05:30,0.5,0.55,0.5,0.55,242450,15989900
2024-09-12 11:10:00+05:30,0.5,0.55,0.5,0.5,385275,15989900
2024-09-12 11:11:00+05:30,0.5,0.55,0.5,0.5,254550,15989900
2024-09-12 11:12:00+05:30,0.55,0.55,0.5,0.5,94100,16005150
2024-09-12 11:13:00+05:30,0.55,0.55,0.5,0.55,137425,16005150
2024-09-12 11:14:00+05:30,0.55,0.55,0.5,0.5,220800,16005150
2024-09-12 11:15:00+05:30,0.55,0.55,0.5,0.5,123325,16044675
2024-09-12 11:16:00+05:30,0.5,0.55,0.5,0.55,134650,16044675
2024-09-12 11:17:00+05:30,0.55,0.55,0.5,0.55,90350,16044675
2024-09-12 11:18:00+05:30,0.55,0.55,0.5,0.55,96800,15934775
2024-09-12 11:19:00+05:30,0.5,0.55,0.5,0.55,187300,15934775
2024-09-12 11:20:00+05:30,0.5,0.55,0.5,0.55,1415000,15934775
2024-09-12 11:21:00+05:30,0.55,0.55,0.5,0.5,687450,15197275
2024-09-12 11:22:00+05:30,0.5,0.55,0.5,0.5,285900,15197275
2024-09-12 11:23:00+05:30,0.5,0.55,0.5,0.5,125300,15197275
2024-09-12 11:24:00+05:30,0.5,0.55,0.5,0.5,130400,15091325
2024-09-12 11:25:00+05:30,0.5,0.55,0.5,0.55,698000,15091325
2024-09-12 11:26:00+05:30,0.5,0.55,0.5,0.55,2306975,15091325
2024-09-12 11:27:00+05:30,0.55,0.55,0.5,0.55,590675,15458825
2024-09-12 11:28:00+05:30,0.55,0.55,0.5,0.55,635625,15458825
2024-09-12 11:29:00+05:30,0.55,0.55,0.5,0.55,572000,15458825
2024-09-12 11:30:00+05:30,0.55,0.55,0.5,0.5,520075,15047925
2024-09-12 11:31:00+05:30,0.55,0.55,0.5,0.55,430075,15047925
2024-09-12 11:32:00+05:30,0.55,0.55,0.5,0.5,249400,15047925
2024-09-12 11:33:00+05:30,0.5,0.55,0.5,0.5,121075,14787775
2024-09-12 11:34:00+05:30,0.5,0.55,0.5,0.55,216875,14787775
2024-09-12 11:35:00+05:30,0.55,0.55,0.5,0.55,212500,14787775
2024-09-12 11:36:00+05:30,0.55,0.55,0.5,0.5,145425,14687250
2024-09-12 11:37:00+05:30,0.55,0.55,0.5,0.55,1058475,14687250
2024-09-12 11:38:00+05:30,0.55,0.55,0.5,0.55,977625,14687250
2024-09-12 11:39:00+05:30,0.55,0.55,0.5,0.55,159625,14077750
2024-09-12 11:40:00+05:30,0.55,0.55,0.5,0.5,228425,14077750
2024-09-12 11:41:00+05:30,0.5,0.55,0.5,0.5,262450,14077750
2024-09-12 11:42:00+05:30,0.55,0.55,0.5,0.55,141525,14014900
2024-09-12 11:43:00+05:30,0.55,0.55,0.5,0.55,182200,14014900
2024-09-12 11:44:00+05:30,0.55,0.55,0.5,0.55,145450,14014900
2024-09-12 11:45:00+05:30,0.55,0.55,0.5,0.5,1052950,14150825
2024-09-12 11:46:00+05:30,0.5,0.55,0.45,0.5,1079000,14150825
2024-09-12 11:47:00+05:30,0.45,0.5,0.45,0.5,186975,14150825
2024-09-12 11:48:00+05:30,0.5,0.5,0.45,0.5,103125,14793800
2024-09-12 11:49:00+05:30,0.5,0.5,0.45,0.5,152225,14793800
2024-09-12 11:50:00+05:30,0.5,0.5,0.45,0.45,202625,14793800
2024-09-12 11:51:00+05:30,0.45,0.5,0.45,0.45,287475,14620825
2024-09-12 11:52:00+05:30,0.45,0.5,0.45,0.45,71175,14620825
2024-09-12 11:53:00+05:30,0.5,0.5,0.45,0.45,81300,14620825
2024-09-12 11:54:00+05:30,0.45,0.5,0.45,0.45,69725,14674475
2024-09-12 11:55:00+05:30,0.45,0.5,0.45,0.5,65150,14674475
2024-09-12 11:56:00+05:30,0.45,0.5,0.45,0.45,75425,14674475
2024-09-12 11:57:00+05:30,0.5,0.5,0.45,0.45,147650,14704975
2024-09-12 11:58:00+05:30,0.45,0.5,0.45,0.5,169500,14704975
2024-09-12 11:59:00+05:30,0.5,0.5,0.45,0.5,206675,14704975
2024-09-12 12:00:00+05:30,0.5,0.5,0.45,0.45,280975,14457350
2024-09-12 12:01:00+05:30,0.45,0.5,0.45,0.45,257950,14457350
2024-09-12 12:02:00+05:30,0.45,0.5,0.45,0.45,225600,14457350
2024-09-12 12:03:00+05:30,0.5,0.5,0.45,0.5,128950,14419000
2024-09-12 12:04:00+05:30,0.5,0.5,0.45,0.45,206000,14419000
2024-09-12 12:05:00+05:30,0.45,0.5,0.45,0.45,281275,14419000
2024-09-12 12:06:00+05:30,0.45,0.5,0.45,0.45,115500,14349750
2024-09-12 12:07:00+05:30,0.45,0.5,0.45,0.5,79550,14349750
2024-09-12 12:08:00+05:30,0.5,0.5,0.45,0.45,102800,14349750
2024-09-12 12:09:00+05:30,0.5,0.5,0.45,0.5,170800,14336250
2024-09-12 12:10:00+05:30,0.5,0.5,0.45,0.5,670375,14336250
2024-09-12 12:11:00+05:30,0.5,0.5,0.45,0.5,439375,14336250
2024-09-12 12:12:00+05:30,0.45,0.5,0.4,0.4,881400,13657275
2024-09-12 12:13:00+05:30,0.45,0.5,0.4,0.45,1616425,13657275
2024-09-12 12:14:00+05:30,0.45,0.5,0.45,0.5,283300,13657275
2024-09-12 12:15:00+05:30,0.5,0.5,0.45,0.5,369350,13329100
2024-09-12 12:16:00+05:30,0.5,0.5,0.45,0.5,131600,13329100
2024-09-12 12:17:00+05:30,0.45,0.5,0.4,0.45,1281325,13329100
2024-09-12 12:18:00+05:30,0.5,0.5,0.45,0.45,45525,13532225
2024-09-12 12:19:00+05:30,0.5,0.5,0.45,0.5,277850,13532225
2024-09-12 12:20:00+05:30,0.45,0.5,0.45,0.45,419225,13532225
2024-09-12 12:21:00+05:30,0.5,0.5,0.45,0.5,247350,13219975
2024-09-12 12:22:00+05:30,0.5,0.5,0.45,0.45,404800,13219975
2024-09-12 12:23:00+05:30,0.45,0.5,0.45,0.45,281100,13219975
2024-09-12 12:24:00+05:30,0.5,0.5,0.45,0.5,83925,12929600
2024-09-12 12:25:00+05:30,0.5,0.5,0.45,0.5,140675,12929600
2024-09-12 12:26:00+05:30,0.5,0.5,0.45,0.5,251000,12929600
2024-09-12 12:27:00+05:30,0.5,0.5,0.45,0.5,310275,13012275
2024-09-12 12:28:00+05:30,0.45,0.5,0.45,0.5,371025,13012275
2024-09-12 12:29:00+05:30,0.5,0.5,0.45,0.45,282500,13012275
2024-09-12 12:30:00+05:30,0.45,0.5,0.45,0.45,887100,13597100
2024-09-12 12:31:00+05:30,0.45,0.5,0.45,0.5,320950,13597100
2024-09-12 12:32:00+05:30,0.5,0.5,0.45,0.45,213075,13597100
2024-09-12 12:33:00+05:30,0.45,0.5,0.45,0.5,53850,13985200
2024-09-12 12:34:00+05:30,0.5,0.5,0.45,0.5,50275,13985200
2024-09-12 12:35:00+05:30,0.5,0.5,0.45,0.45,86125,13985200
2024-09-12 12:36:00+05:30,0.45,0.5,0.45,0.5,70100,14002425
2024-09-12 12:37:00+05:30,0.45,0.5,0.45,0.5,85500,14002425
2024-09-12 12:38:00+05:30,0.5,0.5,0.45,0.45,308700,14002425
2024-09-12 12:39:00+05:30,0.45,0.5,0.4,0.45,1393225,14065575
2024-09-12 12:40:00+05:30,0.45,0.45,0.4,0.4,236550,14065575
2024-09-12 12:41:00+05:30,0.45,0.45,0.4,0.4,51300,14065575
2024-09-12 12:42:00+05:30,0.4,0.45,0.4,0.45,207875,13984275
2024-09-12 12:43:00+05:30,0.45,0.45,0.4,0.4,88450,13984275
2024-09-12 12:44:00+05:30,0.45,0.45,0.4,0.4,188525,13984275
2024-09-12 12:45:00+05:30,0.45,0.45,0.4,0.45,46650,14011325
2024-09-12 12:46:00+05:30,0.45,0.45,0.4,0.4,161875,14011325
2024-09-12 12:47:00+05:30,0.4,0.45,0.4,0.45,55275,14011325
2024-09-12 12:48:00+05:30,0.45,0.45,0.4,0.45,63125,14043650
2024-09-12 12:49:00+05:30,0.4,0.45,0.4,0.4,226200,14043650
2024-09-12 12:50:00+05:30,0.45,0.45,0.4,0.45,205125,14043650
2024-09-12 12:51:00+05:30,0.45,0.45,0.4,0.45,50050,14043650
2024-09-12 12:52:00+05:30,0.45,0.45,0.4,0.4,129625,13710250
2024-09-12 12:53:00+05:30,0.4,0.45,0.4,0.45,109600,13710250
2024-09-12 12:54:00+05:30,0.45,0.45,0.4,0.45,102525,13710250
2024-09-12 12:55:00+05:30,0.45,0.45,0.4,0.4,104200,13645425
2024-09-12 12:56:00+05:30,0.4,0.45,0.4,0.4,141800,13645425
2024-09-12 12:57:00+05:30,0.4,0.45,0.4,0.45,89550,13645425
2024-09-12 12:58:00+05:30,0.45,0.45,0.4,0.45,430100,13688775
2024-09-12 12:59:00+05:30,0.45,0.45,0.35,0.4,871350,13688775
2024-09-12 13:00:00+05:30,0.35,0.4,0.35,0.35,213100,13688775
2024-09-12 13:01:00+05:30,0.4,0.4,0.35,0.4,148375,13587275
2024-09-12 13:02:00+05:30,0.4,0.4,0.35,0.4,233325,13587275
2024-09-12 13:03:00+05:30,0.4,0.4,0.35,0.35,122700,13587275
2024-09-12 13:04:00+05:30,0.4,0.4,0.35,0.4,457400,13744500
2024-09-12 13:05:00+05:30,0.4,0.45,0.35,0.4,2275100,13744500
2024-09-12 13:06:00+05:30,0.4,0.4,0.35,0.4,87925,13744500
2024-09-12 13:07:00+05:30,0.4,0.4,0.3,0.35,850750,13990100
2024-09-12 13:08:00+05:30,0.35,0.35,0.3,0.35,249500,13990100
2024-09-12 13:09:00+05:30,0.35,0.35,0.3,0.3,214600,13990100
2024-09-12 13:10:00+05:30,0.3,0.35,0.25,0.25,862250,14017800
2024-09-12 13:11:00+05:30,0.25,0.3,0.25,0.3,105700,14017800
2024-09-12 13:12:00+05:30,0.3,0.3,0.25,0.25,307975,14017800
2024-09-12 13:13:00+05:30,0.3,0.3,0.25,0.25,458975,14058750
2024-09-12 13:14:00+05:30,0.25,0.3,0.25,0.25,70200,14058750
2024-09-12 13:15:00+05:30,0.3,0.3,0.25,0.3,136725,14058750
2024-09-12 13:16:00+05:30,0.3,0.3,0.25,0.25,312175,14020400
2024-09-12 13:17:00+05:30,0.25,0.3,0.25,0.3,243925,14020400
2024-09-12 13:18:00+05:30,0.25,0.3,0.25,0.3,169150,14020400
2024-09-12 13:19:00+05:30,0.3,0.3,0.2,0.2,639350,13951200
2024-09-12 13:20:00+05:30,0.2,0.25,0.2,0.2,404700,13951200
2024-09-12 13:21:00+05:30,0.25,0.25,0.2,0.2,111825,13951200
2024-09-12 13:22:00+05:30,0.2,0.25,0.2,0.25,200100,13713925
2024-09-12 13:23:00+05:30,0.25,0.25,0.2,0.25,189050,13713925
2024-09-12 13:24:00+05:30,0.25,0.25,0.2,0.25,155250,13713925
2024-09-12 13:25:00+05:30,0.25,0.25,0.2,0.25,141500,13671800
2024-09-12 13:26:00+05:30,0.25,0.3,0.2,0.25,1701625,13671800
2024-09-12 13:27:00+05:30,0.3,0.3,0.25,0.25,83975,13671800
2024-09-12 13:28:00+05:30,0.3,0.3,0.25,0.3,376500,13488975
2024-09-12 13:29:00+05:30,0.3,0.3,0.2,0.25,714725,13488975
2024-09-12 13:30:00+05:30,0.25,0.25,0.2,0.25,252875,13488975
2024-09-12 13:31:00+05:30,0.25,0.25,0.2,0.2,237900,13851900
2024-09-12 13:32:00+05:30,0.25,0.25,0.2,0.25,226275,13851900
2024-09-12 13:33:00+05:30,0.25,0.25,0.2,0.25,195250,13851900
2024-09-12 13:34:00+05:30,0.25,0.25,0.2,0.2,700925,13690950
2024-09-12 13:35:00+05:30,0.25,0.25,0.2,0.25,139675,13690950
2024-09-12 13:36:00+05:30,0.25,0.25,0.2,0.2,151775,13690950
2024-09-12 13:37:00+05:30,0.25,0.25,0.15,0.2,1391825,13608625
2024-09-12 13:38:00+05:30,0.2,0.25,0.2,0.25,188700,13608625
2024-09-12 13:39:00+05:30,0.2,0.25,0.15,0.15,895825,13608625
2024-09-12 13:40:00+05:30,0.2,0.2,0.15,0.2,151575,13918225
2024-09-12 13:41:00+05:30,0.15,0.2,0.15,0.2,87425,13918225
2024-09-12 13:42:00+05:30,0.15,0.2,0.15,0.2,118575,13918225
2024-09-12 13:43:00+05:30,0.15,0.2,0.15,0.2,291500,13796425
2024-09-12 13:44:00+05:30,0.2,0.2,0.15,0.2,106175,13796425
2024-09-12 13:45:00+05:30,0.15,0.2,0.15,0.2,269600,13796425
2024-09-12 13:46:00+05:30,0.2,0.2,0.15,0.2,380200,13604725
2024-09-12 13:47:00+05:30,0.2,0.2,0.15,0.2,108800,13604725
2024-09-12 13:48:00+05:30,0.2,0.2,0.15,0.15,68575,13604725
2024-09-12 13:49:00+05:30,0.2,0.2,0.15,0.15,214725,13480075
2024-09-12 13:50:00+05:30,0.2,0.2,0.1,0.1,1036500,13480075
2024-09-12 13:51:00+05:30,0.1,0.15,0.1,0.15,122150,13480075
2024-09-12 13:52:00+05:30,0.15,0.15,0.1,0.15,199900,13371650
2024-09-12 13:53:00+05:30,0.1,0.15,0.1,0.1,204775,13371650
2024-09-12 13:54:00+05:30,0.15,0.15,0.1,0.1,94300,13371650
2024-09-12 13:55:00+05:30,0.15,0.15,0.1,0.1,192075,13383125
2024-09-12 13:56:00+05:30,0.15,0.15,0.1,0.1,61800,13383125
2024-09-12 13:57:00+05:30,0.15,0.15,0.1,0.15,193300,13383125
2024-09-12 13:58:00+05:30,0.15,0.15,0.1,0.15,232100,13502475
2024-09-12 13:59:00+05:30,0.15,0.2,0.1,0.15,1539825,13502475
2024-09-12 14:00:00+05:30,0.15,0.25,0.15,0.2,934800,13502475
2024-09-12 14:01:00+05:30,0.2,0.45,0.2,0.35,4956875,13477100
2024-09-12 14:02:00+05:30,0.4,0.5,0.35,0.4,3560850,13477100
2024-09-12 14:03:00+05:30,0.4,0.45,0.35,0.4,1985800,13477100
2024-09-12 14:04:00+05:30,0.45,0.65,0.4,0.6,3303525,12675150
2024-09-12 14:05:00+05:30,0.65,1.4,0.65,1.15,6785225,12675150
2024-09-12 14:06:00+05:30,1.1,1.55,1.05,1.3,5894725,12675150
2024-09-12 14:07:00+05:30,1.3,1.7,1.1,1.5,4855875,13838475
2024-09-12 14:08:00+05:30,1.5,1.7,0.9,0.95,4616750,13838475
2024-09-12 14:09:00+05:30,0.9,1.5,0.8,1.25,3721725,13838475
2024-09-12 14:10:00+05:30,1.25,1.8,1.1,1.4,5344425,14894825
2024-09-12 14:11:00+05:30,1.4,1.7,1.35,1.5,3888900,14894825
2024-09-12 14:12:00+05:30,1.6,1.9,1.5,1.5,4779400,14894825
2024-09-12 14:13:00+05:30,1.6,1.65,1.3,1.45,3411950,15231075
2024-09-12 14:14:00+05:30,1.35,1.7,1.05,1.1,3461375,15231075
2024-09-12 14:15:00+05:30,1.1,1.4,1.1,1.1,3211350,15231075
2024-09-12 14:16:00+05:30,1.15,1.4,1.05,1.25,2871075,15584750
2024-09-12 14:17:00+05:30,1.3,1.3,0.8,0.9,3293725,15584750
2024-09-12 14:18:00+05:30,0.9,1.3,0.9,1.2,2906150,15584750
2024-09-12 14:19:00+05:30,1.2,1.35,1.05,1.1,2531575,15330250
2024-09-12 14:20:00+05:30,1.15,1.3,1,1.1,1593300,15330250
2024-09-12 14:21:00+05:30,1.05,1.35,1.05,1.3,2858250,15330250
2024-09-12 14:22:00+05:30,1.3,1.8,1.25,1.6,7995700,15491500
2024-09-12 14:23:00+05:30,1.65,1.85,1.45,1.7,5141600,15491500
2024-09-12 14:24:00+05:30,1.75,1.75,1.15,1.15,3728700,15491500
2024-09-12 14:25:00+05:30,1.2,1.2,0.8,1.05,3190650,15779050
2024-09-12 14:26:00+05:30,1.15,1.25,1,1.1,2329475,15779050
2024-09-12 14:27:00+05:30,1.1,1.2,0.95,1.05,2258075,15779050
2024-09-12 14:28:00+05:30,1.05,1.1,0.9,1,1764750,16091550
2024-09-12 14:29:00+05:30,1,1.1,0.9,1,3461200,16091550
2024-09-12 14:30:00+05:30,1,1.35,0.95,1.25,5170025,16091550
2024-09-12 14:31:00+05:30,1.25,1.3,1,1.15,3120725,15893525
2024-09-12 14:32:00+05:30,1.15,1.15,0.9,1.05,1867750,15893525
2024-09-12 14:33:00+05:30,1.05,1.05,0.8,0.85,2211825,15893525
2024-09-12 14:34:00+05:30,0.85,1,0.75,0.8,2041950,15700600
2024-09-12 14:35:00+05:30,0.8,0.85,0.65,0.8,1577100,15700600
2024-09-12 14:36:00+05:30,0.8,0.8,0.65,0.7,1470275,15700600
2024-09-12 14:37:00+05:30,0.7,0.85,0.65,0.75,2176275,15463750
2024-09-12 14:38:00+05:30,0.7,0.8,0.65,0.75,2786475,15463750
2024-09-12 14:39:00+05:30,0.7,0.75,0.6,0.6,2113825,15463750
2024-09-12 14:40:00+05:30,0.6,0.7,0.55,0.6,2637575,15586925
2024-09-12 14:41:00+05:30,0.6,0.65,0.5,0.65,2062375,15586925
2024-09-12 14:42:00+05:30,0.6,0.65,0.5,0.6,2321325,15586925
2024-09-12 14:43:00+05:30,0.55,0.6,0.45,0.5,1556250,16226725
2024-09-12 14:44:00+05:30,0.5,0.55,0.45,0.5,1480200,16226725
2024-09-12 14:45:00+05:30,0.5,0.65,0.45,0.65,2441150,16226725
2024-09-12 14:46:00+05:30,0.65,1,0.55,0.85,6574625,16318225
2024-09-12 14:47:00+05:30,0.85,3.95,0.85,1.3,11196200,16318225
2024-09-12 14:48:00+05:30,1.25,2.05,1.25,1.8,8901625,16318225
2024-09-12 14:49:00+05:30,1.8,2.3,1.55,2,9499850,16573700
2024-09-12 14:50:00+05:30,2,3.9,2,2.55,18257950,16573700
2024-09-12 14:51:00+05:30,2.5,3.2,2.25,3.15,12008250,16573700
2024-09-12 14:52:00+05:30,3.05,3.05,2.1,2.25,9266200,18169425
2024-09-12 14:53:00+05:30,2.1,3.45,1.7,3,16027825,18169425
2024-09-12 14:54:00+05:30,3.05,3.35,1.6,1.9,13171150,18169425
2024-09-12 14:55:00+05:30,1.95,2.15,1.5,1.9,9019175,19382025
2024-09-12 14:56:00+05:30,1.8,2.15,1.65,1.9,6346225,19382025
2024-09-12 14:57:00+05:30,1.9,2.25,1.65,1.8,8338300,19382025
2024-09-12 14:58:00+05:30,1.85,2.7,1.75,2.45,13234375,19971800
2024-09-12 14:59:00+05:30,2.35,2.65,1.75,2.1,12078775,19971800
2024-09-12 15:00:00+05:30,2.3,5.7,2.3,4.5,34348350,19971800
2024-09-12 15:01:00+05:30,4.4,9,2.95,7.65,37438475,21605600
2024-09-12 15:02:00+05:30,7.2,22.75,7.2,17.95,36943325,21605600
2024-09-12 15:03:00+05:30,18.05,18.05,10,11.4,24877000,21605600
2024-09-12 15:04:00+05:30,11.25,19,10.9,16.9,27422275,19341325
2024-09-12 15:05:00+05:30,16.45,27,16.45,22.8,25023050,19341325
2024-09-12 15:06:00+05:30,22.35,22.7,6.8,7.6,30535925,19341325
2024-09-12 15:07:00+05:30,7.6,17.7,7.4,17.1,28241975,18333750
2024-09-12 15:08:00+05:30,17.25,20.2,13.15,15.45,18561425,18333750
2024-09-12 15:09:00+05:30,15,16.55,10,14.3,18899450,18333750
2024-09-12 15:10:00+05:30,14,14.65,8.95,9.45,15523100,19008075
2024-09-12 15:11:00+05:30,9.45,11.05,5.85,6.55,20228450,19008075
2024-09-12 15:12:00+05:30,6.7,10.6,6.7,9.95,18086175,19008075
2024-09-12 15:13:00+05:30,9.55,11.3,8.6,9.5,13705875,20870500
2024-09-12 15:14:00+05:30,9.5,14.2,8.85,12.9,14789275,20870500
2024-09-12 15:15:00+05:30,12.45,12.45,7.75,7.75,14813700,20870500
2024-09-12 15:16:00+05:30,7.65,7.7,2,2.45,29078575,20927050
2024-09-12 15:17:00+05:30,2.45,2.45,1.05,1.4,29051025,20927050
2024-09-12 15:18:00+05:30,1.35,1.65,0.65,0.85,23952775,20927050
2024-09-12 15:19:00+05:30,0.85,1.3,0.5,0.5,19954300,25402175
2024-09-12 15:20:00+05:30,0.5,0.6,0.2,0.2,20753625,25402175
2024-09-12 15:21:00+05:30,0.25,0.25,0.1,0.1,13317700,25402175
2024-09-12 15:22:00+05:30,0.1,0.15,0.1,0.1,4935175,22414800
2024-09-12 15:23:00+05:30,0.15,0.15,0.1,0.15,3777650,22414800
2024-09-12 15:24:00+05:30,0.15,0.15,0.1,0.15,2673875,22414800
2024-09-12 15:25:00+05:30,0.1,0.15,0.1,0.1,2847825,20861250
2024-09-12 15:26:00+05:30,0.1,0.15,0.1,0.15,2443500,20861250
2024-09-12 15:27:00+05:30,0.1,0.15,0.1,0.15,2570150,20861250
2024-09-12 15:28:00+05:30,0.15,0.15,0.05,0.05,3225975,20364150
2024-09-12 15:29:00+05:30,0.1,0.1,0.05,0.05,1910375,20364150
