2024-05-21 09:15:00+05:30,4129,4129,3942,3979,41944
2024-05-21 10:15:00+05:30,3979,3979,3933,3956,21044
2024-05-21 11:15:00+05:30,3956,3984.9,3950,3956.5,8023
2024-05-21 12:15:00+05:30,3956.5,3962.4,3945.2,3956.9,5798
2024-05-21 13:15:00+05:30,3956.9,3959.95,3945,3946.85,4280
2024-05-21 14:15:00+05:30,3946.85,3969.95,3933.5,3933.5,10941
2024-05-21 15:15:00+05:30,3933.5,3950,3905.05,3950,14192
2024-05-22 09:15:00+05:30,3968,4000,3812,3852.5,33660
2024-05-22 10:15:00+05:30,3852.5,3917,3840,3883,15970
2024-05-22 11:15:00+05:30,3883,3889,3868,3880.15,3936
2024-05-22 12:15:00+05:30,3880.65,3898.95,3860,3864.2,3910
2024-05-22 13:15:00+05:30,3864.2,3889,3859.1,3886.9,3459
2024-05-22 14:15:00+05:30,3886.9,3956.65,3879,3919.45,15882
2024-05-22 15:15:00+05:30,3915.8,3954.9,3902,3910,6806
2024-05-23 09:15:00+05:30,3925,4001.4,3888,4000,24365
2024-05-23 10:15:00+05:30,4000,4002,3950.1,3952,34449
2024-05-23 11:15:00+05:30,3955,3985.2,3921,3969,15046
2024-05-23 12:15:00+05:30,3969,3969,3925.6,3946.65,8105
2024-05-23 13:15:00+05:30,3946.65,3947.95,3925,3946.6,6016
2024-05-23 14:15:00+05:30,3943.4,3963.05,3903.15,3903.15,16259
2024-05-23 15:15:00+05:30,3903.1,3918.7,3888,3918.7,9338
2024-05-24 09:15:00+05:30,3910.15,3955.4,3884,3902.15,12892
2024-05-24 10:15:00+05:30,3901.4,3913.95,3890.5,3891.85,2800
2024-05-24 11:15:00+05:30,3891.85,3978,3890.1,3934.4,15295
2024-05-24 12:15:00+05:30,3934.2,3938.85,3890,3891.4,5955
2024-05-24 13:15:00+05:30,3891.4,3898.8,3884.05,3894.5,2454
2024-05-24 14:15:00+05:30,3894.5,3894.5,3850,3853.7,7950
2024-05-24 15:15:00+05:30,3853.7,3860.35,3832,3852.65,4332
2024-05-27 09:15:00+05:30,3857.95,3857.95,3797.5,3834.9,9562
2024-05-27 10:15:00+05:30,3838.15,3898.8,3828.35,3883,11058
2024-05-27 11:15:00+05:30,3880.6,3988,3880,3925.65,31230
2024-05-27 12:15:00+05:30,3930.3,3944,3900,3909.55,6271
2024-05-27 13:15:00+05:30,3909.55,3943,3901.6,3929.35,5831
2024-05-27 14:15:00+05:30,3930.65,3962.95,3916.55,3962.05,12995
2024-05-27 15:15:00+05:30,3962.05,3962.55,3940,3941,5474
2024-05-28 09:15:00+05:30,3990,3990,3880.25,3906.4,22074
2024-05-28 10:15:00+05:30,3906.4,3941.65,3900.05,3903.15,4466
2024-05-28 11:15:00+05:30,3903.15,3918.7,3880,3886.45,5232
2024-05-28 12:15:00+05:30,3886.45,3905,3870.15,3885.15,4993
2024-05-28 13:15:00+05:30,3885.3,3890.05,3877,3877,3225
2024-05-28 14:15:00+05:30,3877,3897.95,3874,3884.5,6499
2024-05-28 15:15:00+05:30,3881.15,3885,3865,3866,6365
2024-05-29 09:15:00+05:30,4021,4021,3865.4,3870.25,24189
2024-05-29 10:15:00+05:30,3870.25,3894.8,3844.85,3880,9656
2024-05-29 11:15:00+05:30,3880,3882.5,3850,3857.55,3971
2024-05-29 12:15:00+05:30,3857.55,3871,3844,3864,5539
2024-05-29 13:15:00+05:30,3864,3908.25,3846.1,3908.25,5689
2024-05-29 14:15:00+05:30,3908.25,3917.85,3856.8,3881,16251
2024-05-29 15:15:00+05:30,3881.05,3895,3851.55,3855,10698
2024-05-30 09:15:00+05:30,3870.05,3894.95,3810,3818,10342
2024-05-30 10:15:00+05:30,3818,3852.05,3810.6,3837.55,5239
2024-05-30 11:15:00+05:30,3837.55,3873.8,3814.9,3842.1,9349
2024-05-30 12:15:00+05:30,3842.1,3870,3831.65,3846.75,3835
2024-05-30 13:15:00+05:30,3844,3851.6,3831,3840,1273
2024-05-30 14:15:00+05:30,3843.5,4115,3841.1,3848,349148
2024-05-30 15:15:00+05:30,3848,3850.7,3790.65,3803.3,31126
2024-05-31 09:15:00+05:30,3828.85,3869,3752.65,3758.45,40515
2024-05-31 10:15:00+05:30,3758.45,3795.75,3757,3777.4,9402
2024-05-31 11:15:00+05:30,3775,3790,3767,3771.95,4858
2024-05-31 12:15:00+05:30,3771.95,3800.75,3771,3798,6454
2024-05-31 13:15:00+05:30,3798,3834.8,3794,3804.95,11335
2024-05-31 14:15:00+05:30,3806,3866,3783,3865.2,37919
2024-05-31 15:15:00+05:30,3860,3984.9,3847.5,3960,40463
2024-06-03 09:15:00+05:30,3770,3889.95,3715.5,3770,66580
2024-06-03 10:15:00+05:30,3770,3794.95,3768.6,3780.95,14940
2024-06-03 11:15:00+05:30,3780.95,3789.9,3749,3750,14136
2024-06-03 12:15:00+05:30,3750.05,3797.9,3750,3776.75,14775
2024-06-03 13:15:00+05:30,3777.1,3780,3749,3750,13329
2024-06-03 14:15:00+05:30,3750,3755.95,3740,3742.25,17221
2024-06-03 15:15:00+05:30,3742.25,3745.05,3730.05,3744.4,9391
2024-06-04 09:15:00+05:30,3759.95,3759.95,3593.1,3674.75,23928
2024-06-04 10:15:00+05:30,3674.75,3691.4,3550,3550.15,14801
2024-06-04 11:15:00+05:30,3550.15,3563.95,3382.5,3385.2,19744
2024-06-04 12:15:00+05:30,3384,3567.25,3310,3548.2,18309
2024-06-04 13:15:00+05:30,3548.2,3580.45,3530.7,3572.45,8216
2024-06-04 14:15:00+05:30,3572.45,3580,3537,3564.9,6536
2024-06-04 15:15:00+05:30,3564.9,3575,3461,3546,3920
2024-06-05 09:15:00+05:30,3595,3595,3420.05,3482.95,14998
2024-06-05 10:15:00+05:30,3482.95,3611.1,3459.55,3602.9,10680
2024-06-05 11:15:00+05:30,3602.9,3682,3569.95,3595,14176
2024-06-05 12:15:00+05:30,3595,3673.4,3595,3673.4,4769
2024-06-05 13:15:00+05:30,3674.4,3680,3638,3638.5,4464
2024-06-05 14:15:00+05:30,3638.5,3682,3638.5,3645.55,5692
2024-06-05 15:15:00+05:30,3643.5,3670,3631.2,3650.05,2773
2024-06-06 09:15:00+05:30,3670.15,3790,3660,3735.15,16375
2024-06-06 10:15:00+05:30,3735.15,3826.8,3734,3821.2,17464
2024-06-06 11:15:00+05:30,3821.2,3829,3770.25,3795.2,12775
2024-06-06 12:15:00+05:30,3798.2,3808.9,3781.35,3787.9,4483
2024-06-06 13:15:00+05:30,3787.9,3797.9,3775,3792,3148
2024-06-06 14:15:00+05:30,3792,3800,3776.7,3787.9,5406
2024-06-06 15:15:00+05:30,3781.3,3789,3765,3765,6136
2024-06-07 09:15:00+05:30,3792.25,3858.7,3780,3819.1,16119
2024-06-07 10:15:00+05:30,3819.1,3845,3814,3825,6359
2024-06-07 11:15:00+05:30,3825,3838.25,3814,3830,5600
2024-06-07 12:15:00+05:30,3830,3850.9,3830,3847.75,17555
2024-06-07 13:15:00+05:30,3847.75,3847.75,3840,3844,4050
2024-06-07 14:15:00+05:30,3844,3850,3833.7,3843.6,6419
2024-06-07 15:15:00+05:30,3844,3850.9,3827,3840,5682
2024-06-10 09:15:00+05:30,3873.55,3965,3850,3923.5,26157
2024-06-10 10:15:00+05:30,3924.8,3944.65,3907.15,3932.65,8383
2024-06-10 11:15:00+05:30,3932.65,3937.45,3915,3926.55,4172
2024-06-10 12:15:00+05:30,3926.55,3938.6,3912.4,3922.9,2784
2024-06-10 13:15:00+05:30,3922.9,3929.75,3888,3900,5727
2024-06-10 14:15:00+05:30,3900,3913.8,3875,3900,6450
2024-06-10 15:15:00+05:30,3900,3904.95,3876,3876.1,3893
2024-06-11 09:15:00+05:30,3900,3968.8,3900,3963.25,14532
2024-06-11 10:15:00+05:30,3963.45,3968,3941.05,3950,7202
2024-06-11 11:15:00+05:30,3950,3953.6,3926.15,3926.15,8509
2024-06-11 12:15:00+05:30,3926.15,3934.15,3899.15,3911,10444
2024-06-11 13:15:00+05:30,3911,3930,3908.65,3930,3787
2024-06-11 14:15:00+05:30,3930,3930,3882.3,3894.45,9064
2024-06-11 15:15:00+05:30,3894.45,3894.6,3792.25,3860.3,6783
2024-06-12 09:15:00+05:30,3866.1,3945,3864.9,3928.6,11888
2024-06-12 10:15:00+05:30,3928.6,3959,3928.6,3943.25,20412
2024-06-12 11:15:00+05:30,3943.25,3947,3924.7,3942.35,7020
2024-06-12 12:15:00+05:30,3942.35,3949.95,3890.5,3900,11713
2024-06-12 13:15:00+05:30,3900,3900,3805.05,3830.5,11193
2024-06-12 14:15:00+05:30,3831,3894.25,3820.35,3888.95,9339
2024-06-12 15:15:00+05:30,3885.1,3890,3862.05,3890,3210
2024-06-13 09:15:00+05:30,3920,3940.9,3885,3918.9,21896
2024-06-13 10:15:00+05:30,3918.9,3926.95,3892,3907.3,5867
2024-06-13 11:15:00+05:30,3904.8,3910,3896.9,3909.7,5631
2024-06-13 12:15:00+05:30,3909.7,3909.7,3895.05,3899,1854
2024-06-13 13:15:00+05:30,3899,3900,3878.9,3883,3564
2024-06-13 14:15:00+05:30,3883,3904.85,3855.4,3855.4,10621
2024-06-13 15:15:00+05:30,3855.4,3871.75,3840,3862.45,8105
2024-06-14 09:15:00+05:30,3889,4120,3842,4068.55,165021
2024-06-14 10:15:00+05:30,4068.55,4150,4054.45,4135.05,90078
2024-06-14 11:15:00+05:30,4135.05,4155,4060.6,4092.05,51409
2024-06-14 12:15:00+05:30,4092.05,4136.5,4092.05,4123.2,21078
2024-06-14 13:15:00+05:30,4123.2,4129,4090,4120.4,18167
2024-06-14 14:15:00+05:30,4120.4,4120.4,4062.95,4084.8,27523
2024-06-14 15:15:00+05:30,4084.8,4119.95,4078.1,4085.65,17765
2024-06-18 09:15:00+05:30,4140,4160.45,4082.9,4090.05,30838
2024-06-18 10:15:00+05:30,4090.05,4285,4072.2,4195.95,64176
2024-06-18 11:15:00+05:30,4195.95,4254.9,4194.05,4228.8,25069
2024-06-18 12:15:00+05:30,4228.8,4279.95,4220.15,4255.25,16331
2024-06-18 13:15:00+05:30,4255.25,4355,4243.45,4344.8,45374
2024-06-18 14:15:00+05:30,4344.8,4364,4230,4235.8,50324
2024-06-18 15:15:00+05:30,4235.8,4249.7,4202.2,4224.9,12009
2024-06-19 09:15:00+05:30,4246,4258.8,4110,4164.45,36730
2024-06-19 10:15:00+05:30,4164.45,4324.25,4145.85,4241,40100
2024-06-19 11:15:00+05:30,4241,4315,4228,4307.8,30752
2024-06-19 12:15:00+05:30,4307.8,4322,4262.7,4267.95,25645
2024-06-19 13:15:00+05:30,4263.4,4267.9,4245.05,4250.1,13233
2024-06-19 14:15:00+05:30,4254.85,4268.95,4180.75,4190.05,22641
2024-06-19 15:15:00+05:30,4193.05,4255,4155.05,4180,10134
2024-06-20 09:15:00+05:30,4200,4228.8,4127.55,4184.45,19034
2024-06-20 10:15:00+05:30,4182.7,4231.3,4172.75,4218.45,7441
2024-06-20 11:15:00+05:30,4218.45,4299,4207.6,4275.7,20985
2024-06-20 12:15:00+05:30,4275.7,4309.95,4256.05,4262.05,10863
2024-06-20 13:15:00+05:30,4266.8,4315,4241.6,4282,11099
2024-06-20 14:15:00+05:30,4282,4349.9,4249.15,4263.35,39189
2024-06-20 15:15:00+05:30,4263.35,4298,4250,4287,7475
2024-06-21 09:15:00+05:30,4300,4349,4265.05,4280.8,23437
2024-06-21 10:15:00+05:30,4280.8,4325,4275,4298.55,7975
2024-06-21 11:15:00+05:30,4298.55,4424.95,4280,4364,31310
2024-06-21 12:15:00+05:30,4364,4370,4310.15,4334.5,12248
2024-06-21 13:15:00+05:30,4329,4332.9,4308,4323,8188
2024-06-21 14:15:00+05:30,4323,4324.9,4250,4254.85,10035
2024-06-21 15:15:00+05:30,4254.7,4268.75,4252,4252,4898
2024-06-24 09:15:00+05:30,4260,4444,4205.25,4392.8,59725
2024-06-24 10:15:00+05:30,4392.8,4395,4353.2,4355,13292
2024-06-24 11:15:00+05:30,4355,4409.85,4355,4379.9,10033
2024-06-24 12:15:00+05:30,4379.9,4398,4356,4384.85,4828
2024-06-24 13:15:00+05:30,4384.85,4384.85,4355.5,4361.5,2499
2024-06-24 14:15:00+05:30,4361.5,4382.9,4312.35,4317.3,7270
2024-06-24 15:15:00+05:30,4317.3,4325.85,4300,4301.15,5236
2024-06-25 09:15:00+05:30,4330,4430,4320,4373.65,21900
2024-06-25 10:15:00+05:30,4373.65,4392.2,4362.7,4369.05,4736
2024-06-25 11:15:00+05:30,4369.05,4419,4352.25,4383.85,9289
2024-06-25 12:15:00+05:30,4383.85,4423.6,4380,4412.7,11733
2024-06-25 13:15:00+05:30,4412.7,4415.75,4384.25,4400.4,8955
2024-06-25 14:15:00+05:30,4400,4424.95,4385,4417,10852
2024-06-25 15:15:00+05:30,4417,4432,4399.65,4428.4,9190
2024-06-26 09:15:00+05:30,4413.65,4490,4370,4450.1,42209
2024-06-26 10:15:00+05:30,4450.1,4474.6,4431.45,4438.7,11872
2024-06-26 11:15:00+05:30,4438.7,4461.6,4431.45,4439,7166
2024-06-26 12:15:00+05:30,4439,4458.25,4433.45,4436.6,5309
2024-06-26 13:15:00+05:30,4436.6,4442,4434.65,4439.8,4141
2024-06-26 14:15:00+05:30,4439.85,4445,4424.9,4439.7,10306
2024-06-26 15:15:00+05:30,4440.15,4445,4360,4390,7788
2024-06-27 09:15:00+05:30,4440,4440,4376.95,4416.85,14192
2024-06-27 10:15:00+05:30,4416.85,4422.7,4399.05,4403.45,6385
2024-06-27 11:15:00+05:30,4403.45,4406.8,4402.2,4402.5,3008
2024-06-27 12:15:00+05:30,4402.5,4406,4380.55,4388.8,4375
2024-06-27 13:15:00+05:30,4388.8,4394.95,4270.1,4281.9,13989
2024-06-27 14:15:00+05:30,4281.9,4375,4278.65,4314.65,34530
2024-06-27 15:15:00+05:30,4317.35,4317.35,4270,4285,9769
2024-06-28 09:15:00+05:30,4277,4277,4115.3,4160,55657
2024-06-28 10:15:00+05:30,4160,4179.75,4133.05,4146,12553
2024-06-28 11:15:00+05:30,4146,4164.35,4135.05,4138.7,8962
2024-06-28 12:15:00+05:30,4138.65,4173.55,4128,4163.05,8754
2024-06-28 13:15:00+05:30,4163.05,4172.6,4141.1,4153.45,3836
2024-06-28 14:15:00+05:30,4153.45,4154.9,4125,4125,6917
2024-06-28 15:15:00+05:30,4125,4127,4114,4125,9450
2024-07-01 09:15:00+05:30,4186.5,4275,4151.45,4249.15,34658
2024-07-01 10:15:00+05:30,4249.15,4266.9,4229.75,4233.8,7238
2024-07-01 11:15:00+05:30,4233.8,4275,4207,4264.9,9375
2024-07-01 12:15:00+05:30,4264.9,4289,4249.1,4254.95,6456
2024-07-01 13:15:00+05:30,4254.95,4266,4245.6,4257.6,3531
2024-07-01 14:15:00+05:30,4257.2,4263.8,4240,4263.8,7636
2024-07-01 15:15:00+05:30,4263.8,4273.55,4232,4233,5978
2024-07-02 09:15:00+05:30,4260,4291.6,4250,4264.85,8926
2024-07-02 10:15:00+05:30,4264.85,4273,4255.2,4265.2,4271
2024-07-02 11:15:00+05:30,4265.2,4267,4249.65,4250.4,3702
2024-07-02 12:15:00+05:30,4250.4,4275,4240,4270,16915
2024-07-02 13:15:00+05:30,4270,4275,4197.95,4255,27689
2024-07-02 14:15:00+05:30,4255,4269.9,4211.3,4219.55,15129
2024-07-02 15:15:00+05:30,4219,4230,4205.45,4225,5583
2024-07-03 09:15:00+05:30,4245,4276.8,4217.75,4262,7768
2024-07-03 10:15:00+05:30,4262,4298.85,4255.5,4295.1,8402
2024-07-03 11:15:00+05:30,4295.1,4313.7,4275.05,4292.2,14160
2024-07-03 12:15:00+05:30,4292.2,4320,4285.2,4305.8,6953
2024-07-03 13:15:00+05:30,4305.8,4308.95,4293,4300,2581
2024-07-03 14:15:00+05:30,4300,4304.3,4282,4289.95,5129
2024-07-03 15:15:00+05:30,4289.95,4294.65,4276.05,4276.05,3614
2024-07-04 09:15:00+05:30,4305,4449,4277.55,4392.65,54163
2024-07-04 10:15:00+05:30,4392.65,4444,4377.8,4400.3,17104
2024-07-04 11:15:00+05:30,4400.3,4400.3,4325.05,4327.85,15566
2024-07-04 12:15:00+05:30,4327.55,4379.95,4294.15,4375.05,12092
2024-07-04 13:15:00+05:30,4375.05,4399,4352.5,4389.95,5946
2024-07-04 14:15:00+05:30,4389.95,4424.35,4342.35,4350,13770
2024-07-04 15:15:00+05:30,4350,4374.3,4340,4370,4963
2024-07-05 09:15:00+05:30,4360,4410.65,4350,4385.05,8097
2024-07-05 10:15:00+05:30,4385.05,4385.05,4324.3,4341.05,5563
2024-07-05 11:15:00+05:30,4341.05,4362.3,4336.8,4361.7,3202
2024-07-05 12:15:00+05:30,4356.8,4359.2,4325,4325.05,3055
2024-07-05 13:15:00+05:30,4328.75,4344.9,4325.05,4344.9,1846
2024-07-05 14:15:00+05:30,4344.9,4350,4325.05,4343.25,4194
2024-07-05 15:15:00+05:30,4343.25,4343.3,4315,4327,2810
2024-07-08 09:15:00+05:30,4350,4420,4274.2,4293.8,19108
2024-07-08 10:15:00+05:30,4295.1,4321.65,4240,4254.5,9408
2024-07-08 11:15:00+05:30,4254.5,4257.9,4216,4217.3,4704
2024-07-08 12:15:00+05:30,4217.3,4231.15,4216.2,4225.3,1487
2024-07-08 13:15:00+05:30,4225.3,4232.95,4224,4227.6,4493
2024-07-08 14:15:00+05:30,4227.6,4231.15,4226,4229.95,6013
2024-07-08 15:15:00+05:30,4230,4230,4205,4228,4654
2024-07-09 09:15:00+05:30,4268.6,4322.4,4156.4,4176.3,10901
2024-07-09 10:15:00+05:30,4176.3,4179.4,4141.7,4144.35,8314
2024-07-09 11:15:00+05:30,4144.35,4147.4,4085.9,4096,9096
2024-07-09 12:15:00+05:30,4098.95,4100.05,4086.55,4092.15,8326
2024-07-09 13:15:00+05:30,4092.15,4100,4091.5,4098,5594
2024-07-09 14:15:00+05:30,4098,4100,4092,4100,7965
2024-07-09 15:15:00+05:30,4099.95,4100,4082,4090,8304
2024-07-10 09:15:00+05:30,4110,4140,4052.8,4061.75,13590
2024-07-10 10:15:00+05:30,4061.75,4073.1,3950.05,4048.8,19447
2024-07-10 11:15:00+05:30,4048.8,4066.3,4044.7,4048.7,3772
2024-07-10 12:15:00+05:30,4048.7,4050.05,4030,4036.9,3377
2024-07-10 13:15:00+05:30,4036.9,4040.05,3980,3996.9,7415
2024-07-10 14:15:00+05:30,3997.25,4002.75,3991.3,3996.6,5462
2024-07-10 15:15:00+05:30,3996.45,4000,3990.1,4000,4935
2024-07-11 09:15:00+05:30,3987,4112.35,3950.95,4078,23975
2024-07-11 10:15:00+05:30,4078,4100.8,4060.05,4074.9,5673
2024-07-11 11:15:00+05:30,4074.9,4090,4072.15,4077.55,3199
2024-07-11 12:15:00+05:30,4077.55,4092,4065.5,4092,3984
2024-07-11 13:15:00+05:30,4092,4099,4084.3,4094,3397
2024-07-11 14:15:00+05:30,4094,4127.35,4051.2,4090.1,18954
2024-07-11 15:15:00+05:30,4090.1,4122.95,4085,4120,4981
2024-07-12 09:15:00+05:30,4140,4213.95,4134.1,4188.4,21121
2024-07-12 10:15:00+05:30,4192.95,4200,4137.75,4144.2,10792
2024-07-12 11:15:00+05:30,4144.2,4150,4067.2,4089.25,9986
2024-07-12 12:15:00+05:30,4089.4,4093.45,4070,4081.15,3209
2024-07-12 13:15:00+05:30,4081.15,4090.1,4068,4072.5,2273
2024-07-12 14:15:00+05:30,4072.5,4088.8,4070,4072.45,2788
2024-07-12 15:15:00+05:30,4072.45,4074,4018,4032,4983
2024-07-15 09:15:00+05:30,4100,4507.85,4100,4426.05,343395
2024-07-15 10:15:00+05:30,4423,4650,4421.05,4614.5,630029
2024-07-15 11:15:00+05:30,4611.85,4789.85,4566.65,4709.4,561419
2024-07-15 12:15:00+05:30,4714.85,4775.15,4696.8,4720,275347
2024-07-15 13:15:00+05:30,4720.2,4749,4606,4626.8,293615
2024-07-15 14:15:00+05:30,4626,4821.3,4612,4698.4,560644
2024-07-15 15:15:00+05:30,4698.25,4797.95,4682.5,4735,146042
2024-07-16 09:15:00+05:30,4734.25,4748.8,4545,4556.05,199236
2024-07-16 10:15:00+05:30,4559.55,4579.8,4522.75,4547.3,57433
2024-07-16 11:15:00+05:30,4545.1,4554.75,4514.65,4531.3,30728
2024-07-16 12:15:00+05:30,4531.3,4564.25,4515,4537.6,22828
2024-07-16 13:15:00+05:30,4537.6,4543.6,4492,4495.1,28251
2024-07-16 14:15:00+05:30,4497.75,4503.4,4445.1,4451.05,46842
2024-07-16 15:15:00+05:30,4450,4451.95,4411.15,4423.7,34666
2024-07-18 09:15:00+05:30,4420,4435,4303,4306.35,62619
2024-07-18 10:15:00+05:30,4308.05,4334.8,4291.05,4303.5,23874
2024-07-18 11:15:00+05:30,4302.5,4329.8,4300,4329.75,10446
2024-07-18 12:15:00+05:30,4329.75,4329.8,4315,4317.8,4563
2024-07-18 13:15:00+05:30,4317.8,4334.8,4311,4327.8,8312
2024-07-18 14:15:00+05:30,4330,4334.8,4260,4261.95,57110
2024-07-18 15:15:00+05:30,4268.05,4296,4262.25,4279,41538
2024-07-19 09:15:00+05:30,4290,4297.45,4174.5,4175.6,36283
2024-07-19 10:15:00+05:30,4177.7,4230,4175,4185.6,13495
2024-07-19 11:15:00+05:30,4186.45,4235.95,4170,4235,12770
2024-07-19 12:15:00+05:30,4235,4270,4197,4242.5,12782
2024-07-19 13:15:00+05:30,4242.5,4303,4224.55,4239.9,18774
2024-07-19 14:15:00+05:30,4239.9,4264.9,4196,4210.25,13517
2024-07-19 15:15:00+05:30,4212.75,4215,4190.5,4214,5787
2024-07-22 09:15:00+05:30,4200,4310,4131,4281,29383
2024-07-22 10:15:00+05:30,4279.25,4284.95,4239.25,4240,9401
2024-07-22 11:15:00+05:30,4240,4270.75,4223.15,4251.95,5009
2024-07-22 12:15:00+05:30,4251.95,4262.6,4226.95,4256.8,5181
2024-07-22 13:15:00+05:30,4256.8,4327.8,4249.05,4298.9,19716
2024-07-22 14:15:00+05:30,4291.3,4340,4278.1,4282,15177
2024-07-22 15:15:00+05:30,4282,4282,4257,4271.95,6964
2024-07-23 09:15:00+05:30,4259.35,4268.65,4188.05,4196,19108
2024-07-23 10:15:00+05:30,4196,4205,4165.15,4195.8,11523
2024-07-23 11:15:00+05:30,4195.8,4210,4165.5,4187.85,10583
2024-07-23 12:15:00+05:30,4187.85,4200,4053.25,4143.3,45728
2024-07-23 13:15:00+05:30,4143.3,4175.75,4129.15,4162.85,14349
2024-07-23 14:15:00+05:30,4159.3,4178.8,4133.8,4146.6,11003
2024-07-23 15:15:00+05:30,4146.6,4158.15,4126.5,4138,12027
2024-07-24 09:15:00+05:30,4182.2,4260,4158,4241.15,36830
2024-07-24 10:15:00+05:30,4242.4,4249.5,4177.1,4220.3,14488
2024-07-24 11:15:00+05:30,4220.3,4229.8,4204.45,4221.7,6083
2024-07-24 12:15:00+05:30,4221.7,4227.9,4190,4205.8,8102
2024-07-24 13:15:00+05:30,4211.85,4212.9,4162.9,4170.95,7002
2024-07-24 14:15:00+05:30,4170.95,4207.3,4165.1,4181.15,5915
2024-07-24 15:15:00+05:30,4182.45,4189.95,4160,4161.75,4896
2024-07-25 09:15:00+05:30,4125,4340,4106.65,4332.95,52424
2024-07-25 10:15:00+05:30,4332.95,4399,4329.8,4367.4,87284
2024-07-25 11:15:00+05:30,4370.4,4455,4335,4434.25,84387
2024-07-25 12:15:00+05:30,4432.8,4558,4417.8,4547,201952
2024-07-25 13:15:00+05:30,4547,4605,4500,4565.45,257584
2024-07-25 14:15:00+05:30,4567.85,4588,4272.5,4294.8,315218
2024-07-25 15:15:00+05:30,4294.8,4298,4261.5,4280,39778
2024-07-26 09:15:00+05:30,4340,4342.4,4236.6,4301.1,43939
2024-07-26 10:15:00+05:30,4301.1,4325.25,4270.2,4283.35,14006
2024-07-26 11:15:00+05:30,4283.35,4320,4276,4305.2,7767
2024-07-26 12:15:00+05:30,4305.2,4310.45,4277.75,4288.25,9307
2024-07-26 13:15:00+05:30,4288.25,4317.7,4285.1,4301.75,8226
2024-07-26 14:15:00+05:30,4301.75,4339.95,4290.5,4296,9468
2024-07-26 15:15:00+05:30,4296,4299.75,4280.5,4282.15,4339
2024-07-29 09:15:00+05:30,4302.55,4325,4255.2,4314.85,15862
2024-07-29 10:15:00+05:30,4314.85,4345.4,4285.75,4306.2,10786
2024-07-29 11:15:00+05:30,4306.2,4318.25,4293,4297.65,4593
2024-07-29 12:15:00+05:30,4297.65,4312.35,4265,4299.95,5031
2024-07-29 13:15:00+05:30,4299.95,4316.45,4271.4,4273.95,6486
2024-07-29 14:15:00+05:30,4274,4275.1,4260,4267.35,10405
2024-07-29 15:15:00+05:30,4267.35,4270,4256.15,4260,4501
2024-07-30 09:15:00+05:30,4268.7,4284.5,4224.25,4243.55,13925
2024-07-30 10:15:00+05:30,4243.55,4250,4236.85,4243.35,5750
2024-07-30 11:15:00+05:30,4243.35,4250,4240.05,4250,3643
2024-07-30 12:15:00+05:30,4250,4250,4240,4246,3113
2024-07-30 13:15:00+05:30,4246.1,4249.9,4242.65,4247.05,3461
2024-07-30 14:15:00+05:30,4247.05,4250,4239,4241.5,7981
2024-07-30 15:15:00+05:30,4242.6,4245,4227.7,4242.5,3936
2024-07-31 09:15:00+05:30,4255.8,4288.1,4219.1,4231.1,14111
2024-07-31 10:15:00+05:30,4231.85,4247.95,4200.25,4207.7,6239
2024-07-31 11:15:00+05:30,4207.7,4220,4190.05,4209.25,6383
2024-07-31 12:15:00+05:30,4209.25,4223.95,4198.55,4206.65,3441
2024-07-31 13:15:00+05:30,4206.65,4220.75,4198.85,4202.2,4516
2024-07-31 14:15:00+05:30,4202.2,4244.7,4196.6,4230.3,12168
2024-07-31 15:15:00+05:30,4230.3,4265.2,4200,4216,13101
2024-08-01 09:15:00+05:30,4249.8,4479.9,4238.15,4400.35,178985
2024-08-01 10:15:00+05:30,4405.75,4405.75,4264.75,4299.95,64305
2024-08-01 11:15:00+05:30,4299.95,4300,4240,4247,20260
2024-08-01 12:15:00+05:30,4247,4253.9,4238,4247,19363
2024-08-01 13:15:00+05:30,4247,4250,4245,4248.35,6769
2024-08-01 14:15:00+05:30,4246.15,4253,4244.75,4247.05,17353
2024-08-01 15:15:00+05:30,4247.7,4248.95,4228.5,4242,12605
2024-08-02 09:15:00+05:30,4239.7,4319.85,4198.55,4254.05,28616
2024-08-02 10:15:00+05:30,4254.05,4282.25,4232.75,4259.9,10821
2024-08-02 11:15:00+05:30,4259.9,4259.9,4208.95,4217.35,8580
2024-08-02 12:15:00+05:30,4217.35,4252.05,4215.15,4240.55,3297
2024-08-02 13:15:00+05:30,4240.55,4269.95,4230.05,4245.35,6508
2024-08-02 14:15:00+05:30,4245.35,4250,4165,4191.95,14295
2024-08-02 15:15:00+05:30,4191.95,4199,4175.05,4180.15,2858
2024-08-05 09:15:00+05:30,4122.35,4140,4014.8,4106.95,23183
2024-08-05 10:15:00+05:30,4106.95,4118.8,4000,4017.65,12706
2024-08-05 11:15:00+05:30,4017.45,4032.55,3976.95,4014.4,13181
2024-08-05 12:15:00+05:30,4018.8,4019.9,3965.5,3996.7,8560
2024-08-05 13:15:00+05:30,3996.65,4039.95,3984.45,4010.45,6383
2024-08-05 14:15:00+05:30,4010.45,4011.3,3985.2,3990.1,5022
2024-08-05 15:15:00+05:30,3990.1,4010,3966.9,4010,4086
2024-08-06 09:15:00+05:30,4050,4129.6,4022.2,4055,13602
2024-08-06 10:15:00+05:30,4055,4059,4001,4026,7666
2024-08-06 11:15:00+05:30,4023,4026.35,4009.95,4018.1,2053
2024-08-06 12:15:00+05:30,4018,4025,4008.7,4013.15,2596
2024-08-06 13:15:00+05:30,4013.15,4020.9,4005.55,4012,1732
2024-08-06 14:15:00+05:30,4012,4115,4006.05,4070.95,9061
2024-08-06 15:15:00+05:30,4070.95,4094.95,4065.4,4080.9,3086
2024-08-07 09:15:00+05:30,4140,4194.1,4091.5,4174.15,25190
2024-08-07 10:15:00+05:30,4177.15,4208,4176.9,4188.6,11459
2024-08-07 11:15:00+05:30,4188.6,4219.95,4174,4175,7054
2024-08-07 12:15:00+05:30,4175,4200,4175,4200,3728
2024-08-07 13:15:00+05:30,4201.1,4210,4175.15,4205.25,19429
2024-08-07 14:15:00+05:30,4205.25,4249.55,4185,4194.2,16436
2024-08-07 15:15:00+05:30,4194.75,4200,4165.75,4188,8481
2024-08-08 09:15:00+05:30,4180.05,4210,4114.55,4181,25185
2024-08-08 10:15:00+05:30,4181,4185,4150.4,4176.4,6173
2024-08-08 11:15:00+05:30,4176.4,4176.4,4160.2,4170,3294
2024-08-08 12:15:00+05:30,4170,4174.9,4150.75,4164.95,3953
2024-08-08 13:15:00+05:30,4164.95,4168.35,4154,4157.95,2970
2024-08-08 14:15:00+05:30,4157.95,4160,4130,4133.6,5889
2024-08-08 15:15:00+05:30,4133.6,4133.6,4110.1,4121,4230
2024-08-09 09:15:00+05:30,4161.65,4397,4161.65,4332.75,122667
2024-08-09 10:15:00+05:30,4335.05,4346.8,4330,4339.55,22580
2024-08-09 11:15:00+05:30,4339.55,4425,4336.5,4397.85,63246
2024-08-09 12:15:00+05:30,4397.85,4425,4385.25,4394.75,33971
2024-08-09 13:15:00+05:30,4394.75,4420,4384.9,4411.4,27187
2024-08-09 14:15:00+05:30,4411.45,4431.95,4391,4422.1,44557
2024-08-09 15:15:00+05:30,4422.1,4455.45,4415.5,4449.95,36176
2024-08-12 09:15:00+05:30,4430,4599.9,4411.6,4482.4,88568
2024-08-12 10:15:00+05:30,4483.8,4520,4434,4447.15,43110
2024-08-12 11:15:00+05:30,4448.5,4450,4432,4447.9,11359
2024-08-12 12:15:00+05:30,4447.8,4455,4439.1,4450,8082
2024-08-12 13:15:00+05:30,4450,4450.95,4444.35,4448,3225
2024-08-12 14:15:00+05:30,4448,4459.95,4430.7,4448.15,16909
2024-08-12 15:15:00+05:30,4448.15,4453.55,4432,4450,6807
2024-08-13 09:15:00+05:30,4445.05,4510.8,4392.05,4416.4,24125
2024-08-13 10:15:00+05:30,4416.4,4422.15,4372.25,4399.45,8476
2024-08-13 11:15:00+05:30,4400,4401.9,4389.1,4399.95,5549
2024-08-13 12:15:00+05:30,4399.95,4399.95,4374.1,4378.85,2216
2024-08-13 13:15:00+05:30,4378.85,4382.4,4373,4381.4,3267
2024-08-13 14:15:00+05:30,4375.05,4400,4374,4395.9,5169
2024-08-13 15:15:00+05:30,4398.75,4400.95,4376.5,4376.5,4105
2024-08-14 09:15:00+05:30,4392,4399.85,4299.95,4368.95,23832
2024-08-14 10:15:00+05:30,4368.95,4429,4368.95,4420,14010
2024-08-14 11:15:00+05:30,4420,4460.5,4401,4426.1,8556
2024-08-14 12:15:00+05:30,4426.1,4472,4425.15,4466.8,4676
2024-08-14 13:15:00+05:30,4466.8,4474,4433.65,4437.3,5391
2024-08-14 14:15:00+05:30,4437.3,4442.2,4327.25,4339.95,14817
2024-08-14 15:15:00+05:30,4339.95,4392.4,4331.15,4374.5,3563
2024-08-16 09:15:00+05:30,4366,4588.5,4366,4577.05,82464
2024-08-16 10:15:00+05:30,4577.05,4629,4523.3,4554,82649
2024-08-16 11:15:00+05:30,4554,4557.5,4510,4527.15,22966
2024-08-16 12:15:00+05:30,4527.15,4535.9,4503.75,4530,11195
2024-08-16 13:15:00+05:30,4528.05,4550,4523.95,4545.4,10505
2024-08-16 14:15:00+05:30,4545.4,4550,4520,4548.9,13295
2024-08-16 15:15:00+05:30,4548.9,4548.9,4521.5,4529,13508
2024-08-19 09:15:00+05:30,4535.5,4755,4520,4755,62430
2024-08-19 10:15:00+05:30,4753.3,4974,4747,4950,312637
2024-08-19 11:15:00+05:30,4952.35,5024,4940,5016.25,195521
2024-08-19 12:15:00+05:30,5013.9,5047.4,4983,5009.9,154058
2024-08-19 13:15:00+05:30,5005.45,5083.4,4995,5038.1,144904
2024-08-19 14:15:00+05:30,5038.1,5061,5020.1,5052.5,108446
