date,open,high,low,close,volume,oi
2024-09-30 09:15:00+05:30,92.9,92.9,70.7,70.7,2125,77000
2024-09-30 09:16:00+05:30,70.7,74,70,74,2625,77000
2024-09-30 09:17:00+05:30,74,74.75,73,73,1875,77000
2024-09-30 09:18:00+05:30,73,73,69.25,69.3,2750,75375
2024-09-30 09:19:00+05:30,69.3,71.4,67.6,71.4,625,75375
2024-09-30 09:20:00+05:30,71.4,71.4,68.2,70.25,1375,75375
2024-09-30 09:21:00+05:30,70.25,70.7,68,68,1625,73000
2024-09-30 09:22:00+05:30,68,70,68,69.35,1000,73000
2024-09-30 09:23:00+05:30,69.35,73.95,69.35,73.1,1000,73000
2024-09-30 09:24:00+05:30,73.1,73.2,71.6,72.4,2250,72375
2024-09-30 09:25:00+05:30,72.4,73,70.45,73,6375,72375
2024-09-30 09:26:00+05:30,73,73,71.15,72.3,1250,72375
2024-09-30 09:27:00+05:30,72.3,72.75,71.3,71.95,750,67750
2024-09-30 09:28:00+05:30,72.2,73.7,71.75,73.7,4375,67750
2024-09-30 09:29:00+05:30,73.7,73.7,72.15,72.15,125,67750
2024-09-30 09:30:00+05:30,72.15,72.85,72.15,72.5,500,66250
2024-09-30 09:31:00+05:30,72.5,73.25,72.5,73.25,375,66250
2024-09-30 09:32:00+05:30,73.25,73.25,71.9,72.15,875,66250
2024-09-30 09:33:00+05:30,72.15,73.2,72.15,73.2,250,66250
2024-09-30 09:34:00+05:30,73.2,74,73.2,73.2,375,66000
2024-09-30 09:35:00+05:30,73.2,73.2,71.95,71.95,125,66000
2024-09-30 09:36:00+05:30,71.95,71.95,71.95,71.95,125,66000
2024-09-30 09:37:00+05:30,71.95,72,71.15,71.8,2875,66250
2024-09-30 09:38:00+05:30,71.8,72.85,71.8,72.85,625,66250
2024-09-30 09:39:00+05:30,72.85,72.85,72.35,72.4,250,66250
2024-09-30 09:40:00+05:30,71.8,73.1,71.8,72.35,500,63750
2024-09-30 09:41:00+05:30,72.35,72.35,72.35,72.35,125,63750
2024-09-30 09:42:00+05:30,72.35,72.35,68.35,68.4,2125,63750
2024-09-30 09:43:00+05:30,68.4,68.4,67.6,68.25,500,62000
2024-09-30 09:44:00+05:30,68.25,69.55,66.45,68.65,2375,62000
2024-09-30 09:45:00+05:30,68.65,70.3,68.65,70.3,250,62500
2024-09-30 09:46:00+05:30,70.3,71,70.3,71,125,62500
2024-09-30 09:47:00+05:30,71,71,71,71,0,62500
2024-09-30 09:48:00+05:30,71,71,71,71,0,62500
2024-09-30 09:49:00+05:30,71,71,69,69,125,62500
2024-09-30 09:50:00+05:30,69,70.2,69,70.2,375,62500
2024-09-30 09:51:00+05:30,70.2,70.2,70.2,70.2,0,62500
2024-09-30 09:52:00+05:30,70.2,71.9,70.2,71.8,250,62625
2024-09-30 09:53:00+05:30,71.8,71.8,71.8,71.8,0,62625
2024-09-30 09:54:00+05:30,71.8,71.8,71.8,71.8,125,62875
2024-09-30 09:55:00+05:30,70.5,70.5,69.85,69.85,250,62875
2024-09-30 09:56:00+05:30,69.85,69.85,69.2,69.2,250,62875
2024-09-30 09:57:00+05:30,69.2,69.2,68,68,125,63250
2024-09-30 09:58:00+05:30,68,68,68,68,0,63250
2024-09-30 09:59:00+05:30,67.55,68.15,67.55,68.15,500,63250
2024-09-30 10:00:00+05:30,68.15,68.15,68.15,68.15,0,63250
2024-09-30 10:01:00+05:30,68.15,68.15,68.15,68.15,0,63250
2024-09-30 10:02:00+05:30,70.95,70.95,70.95,70.95,250,63250
2024-09-30 10:03:00+05:30,70.95,70.95,69.6,69.6,250,63250
2024-09-30 10:04:00+05:30,69.6,69.6,69.6,69.6,0,63250
2024-09-30 10:05:00+05:30,69.6,72,69.6,71.6,1250,63500
2024-09-30 10:06:00+05:30,71.6,72.55,71.6,71.75,500,62875
2024-09-30 10:07:00+05:30,71.75,71.75,71.6,71.6,0,62875
2024-09-30 10:08:00+05:30,71.6,71.6,70.7,70.7,250,62875
2024-09-30 10:09:00+05:30,70.7,70.7,70.7,70.7,0,62875
2024-09-30 10:10:00+05:30,70.7,70.7,70.7,70.7,0,62875
2024-09-30 10:11:00+05:30,70.7,70.7,70.7,70.7,0,62875
2024-09-30 10:12:00+05:30,70.7,70.7,70.7,70.7,0,62875
2024-09-30 10:13:00+05:30,70.7,70.7,70.7,70.7,0,62875
2024-09-30 10:14:00+05:30,70.7,70.7,70.7,70.7,125,62875
2024-09-30 10:15:00+05:30,70.7,70.7,70.7,70.7,0,62875
2024-09-30 10:16:00+05:30,70.7,70.7,69.9,69.9,125,62750
2024-09-30 10:17:00+05:30,69.9,69.9,69.9,69.9,0,62750
2024-09-30 10:18:00+05:30,69.9,69.9,68,68,1500,63000
2024-09-30 10:19:00+05:30,68,68.55,66.8,66.8,250,63000
2024-09-30 10:20:00+05:30,66.8,66.8,66.5,66.5,375,63000
2024-09-30 10:21:00+05:30,65.2,66.85,65.2,66.85,375,64375
2024-09-30 10:22:00+05:30,66.85,66.85,66,66,250,64375
2024-09-30 10:23:00+05:30,66,66,65,65,250,64375
2024-09-30 10:24:00+05:30,65,65.2,65,65.2,250,64375
2024-09-30 10:25:00+05:30,65.2,66.7,65.2,66.7,125,64500
2024-09-30 10:26:00+05:30,66.7,66.7,66.05,66.05,0,64500
2024-09-30 10:27:00+05:30,66.05,66.05,65.55,65.55,250,64500
2024-09-30 10:28:00+05:30,65.55,65.55,65.55,65.55,0,64500
2024-09-30 10:29:00+05:30,65.55,68,65.55,68,1250,64500
2024-09-30 10:30:00+05:30,68,70.55,68,70.55,250,64500
2024-09-30 10:31:00+05:30,70.55,73,70.55,73,750,64250
2024-09-30 10:32:00+05:30,73,74,73,73.65,625,64250
2024-09-30 10:33:00+05:30,73.65,74,72.1,72.1,375,63875
2024-09-30 10:34:00+05:30,72.1,72.3,72.1,72.3,125,63875
2024-09-30 10:35:00+05:30,72.3,72.3,72.3,72.3,0,63875
2024-09-30 10:36:00+05:30,72.3,72.3,72.3,72.3,0,63875
2024-09-30 10:37:00+05:30,72.3,72.3,72.3,72.3,250,63625
2024-09-30 10:38:00+05:30,74,74,73.1,73.1,1625,63625
2024-09-30 10:39:00+05:30,73.1,73.1,73.1,73.1,0,63625
2024-09-30 10:40:00+05:30,73.1,73.1,73.1,73.1,0,63625
2024-09-30 10:41:00+05:30,73.1,73.1,72,72,125,64250
2024-09-30 10:42:00+05:30,72,72,71.3,71.3,0,64375
2024-09-30 10:43:00+05:30,71.3,72.1,71.3,72.1,250,64375
2024-09-30 10:44:00+05:30,72.1,72.1,71.25,71.25,0,64375
2024-09-30 10:45:00+05:30,71.25,71.85,69.15,70.5,4375,64500
2024-09-30 10:46:00+05:30,70.5,70.65,67.25,69.8,5375,64500
2024-09-30 10:47:00+05:30,69.8,72.15,69.8,71.25,625,64500
2024-09-30 10:48:00+05:30,71.25,71.25,68.9,69.75,4625,64500
2024-09-30 10:49:00+05:30,69.9,70.15,69.9,70.15,1000,57500
2024-09-30 10:50:00+05:30,70.15,70.15,70.15,70.15,0,57500
2024-09-30 10:51:00+05:30,70.15,70.15,70.15,70.15,0,57500
2024-09-30 10:52:00+05:30,73.4,73.4,71.45,72.5,8250,57125
2024-09-30 10:53:00+05:30,72.5,72.5,71.75,72.5,500,57125
2024-09-30 10:54:00+05:30,72.5,73.5,72.5,73.5,3125,57125
2024-09-30 10:55:00+05:30,73.5,76.75,73.5,73.75,375,60750
2024-09-30 10:56:00+05:30,73.75,73.75,73,73,0,60750
2024-09-30 10:57:00+05:30,73,73,72.8,72.8,250,60750
2024-09-30 10:58:00+05:30,72.8,72.9,72.8,72.9,125,60875
2024-09-30 10:59:00+05:30,72.9,72.9,72.9,72.9,0,60875
2024-09-30 11:00:00+05:30,72.9,72.9,72.9,72.9,0,60875
2024-09-30 11:01:00+05:30,73.4,73.4,72.9,72.9,250,60875
2024-09-30 11:02:00+05:30,72.9,72.9,72.9,72.9,0,60875
2024-09-30 11:03:00+05:30,72.9,72.9,72.75,72.75,125,60875
2024-09-30 11:04:00+05:30,72.75,73.1,72.75,73.1,125,61125
2024-09-30 11:05:00+05:30,73.1,73.1,73.1,73.1,0,61125
2024-09-30 11:06:00+05:30,73.1,73.1,73.1,73.1,0,61125
2024-09-30 11:07:00+05:30,73.1,73.1,72.05,72.05,125,61125
2024-09-30 11:08:00+05:30,72.05,72.05,72.05,72.05,0,61125
2024-09-30 11:09:00+05:30,72.05,72.05,69.7,69.7,0,61125
2024-09-30 11:10:00+05:30,69.7,69.7,69.7,69.7,125,61125
2024-09-30 11:11:00+05:30,69.7,69.7,69.7,69.7,0,61125
2024-09-30 11:12:00+05:30,69.7,69.7,69.7,69.7,0,61125
2024-09-30 11:13:00+05:30,69.7,69.7,69.7,69.7,0,61125
2024-09-30 11:14:00+05:30,69.7,69.7,69.7,69.7,0,61125
2024-09-30 11:15:00+05:30,69.7,75.15,69.7,75.15,125,61250
2024-09-30 11:16:00+05:30,75.15,75.15,74.95,74.95,375,61125
2024-09-30 11:17:00+05:30,74.95,74.95,74.95,74.95,125,61125
2024-09-30 11:18:00+05:30,76.6,78.95,76.6,78.95,1250,61125
2024-09-30 11:19:00+05:30,78.95,78.95,78.6,78.6,125,60875
2024-09-30 11:20:00+05:30,78.6,79.2,78.6,79.2,750,60875
2024-09-30 11:21:00+05:30,79.2,79.2,78.7,78.7,125,60875
2024-09-30 11:22:00+05:30,78.7,78.7,78.7,78.7,0,60875
2024-09-30 11:23:00+05:30,78.7,78.7,78.7,78.7,0,60875
2024-09-30 11:24:00+05:30,78.7,78.7,78.7,78.7,125,60625
2024-09-30 11:25:00+05:30,78.7,78.7,77.3,78.5,1000,60625
2024-09-30 11:26:00+05:30,78.5,78.5,78.5,78.5,0,60625
2024-09-30 11:27:00+05:30,78.5,80,78.5,78.8,500,60625
2024-09-30 11:28:00+05:30,78.8,79.95,78.8,79.8,250,60625
2024-09-30 11:29:00+05:30,79.8,79.85,79.3,79.3,625,60625
2024-09-30 11:30:00+05:30,79.3,80,78.75,78.75,500,60625
2024-09-30 11:31:00+05:30,78.75,78.75,78.75,78.75,0,60625
2024-09-30 11:32:00+05:30,78.75,79.1,78.15,78.15,4250,60125
2024-09-30 11:33:00+05:30,78.15,78.4,75.05,76.25,4125,60125
2024-09-30 11:34:00+05:30,76.25,80.95,76.25,80.95,4375,58625
2024-09-30 11:35:00+05:30,80.95,80.95,80.95,80.95,3750,58625
2024-09-30 11:36:00+05:30,80.95,80.95,78.55,79.2,250,58625
2024-09-30 11:37:00+05:30,79.2,79.3,78.9,78.9,625,60375
2024-09-30 11:38:00+05:30,78.9,78.9,78.9,78.9,0,60375
2024-09-30 11:39:00+05:30,78.9,78.9,78.9,78.9,0,60375
2024-09-30 11:40:00+05:30,78.9,78.9,76.95,76.95,125,60250
2024-09-30 11:41:00+05:30,76.95,76.95,76.95,76.95,125,60250
2024-09-30 11:42:00+05:30,76.95,76.95,76.95,76.95,125,60250
2024-09-30 11:43:00+05:30,76.95,76.95,76.95,76.95,0,60250
2024-09-30 11:44:00+05:30,76.95,78.3,76.95,78.3,250,60125
2024-09-30 11:45:00+05:30,78.3,78.3,78.3,78.3,0,60125
2024-09-30 11:46:00+05:30,78.3,78.3,77.75,77.75,125,60250
2024-09-30 11:47:00+05:30,77.75,77.75,77.75,77.75,0,60250
2024-09-30 11:48:00+05:30,77.75,77.75,77.75,77.75,0,60250
2024-09-30 11:49:00+05:30,77.75,77.75,77.75,77.75,0,60250
2024-09-30 11:50:00+05:30,77.75,77.75,77.75,77.75,0,60250
2024-09-30 11:51:00+05:30,77.75,77.75,77.75,77.75,0,60250
2024-09-30 11:52:00+05:30,77.75,77.75,77.75,77.75,0,60250
2024-09-30 11:53:00+05:30,77.75,77.75,77.75,77.75,0,60250
2024-09-30 11:54:00+05:30,77.75,77.75,77.75,77.75,0,60250
2024-09-30 11:55:00+05:30,77.75,77.75,77.75,77.75,0,60250
2024-09-30 11:56:00+05:30,77.75,77.95,77.75,77.95,125,60250
2024-09-30 11:57:00+05:30,77.95,77.95,77.95,77.95,0,60250
2024-09-30 11:58:00+05:30,77.95,77.95,77,77,750,60250
2024-09-30 11:59:00+05:30,77,77.25,77,77.25,125,60250
2024-09-30 12:00:00+05:30,77.25,77.25,77.25,77.25,0,60250
2024-09-30 12:01:00+05:30,77.95,78,77.95,78,375,59625
2024-09-30 12:02:00+05:30,78,78,78,78,0,59625
2024-09-30 12:03:00+05:30,78,78,78,78,0,59625
2024-09-30 12:04:00+05:30,78,80.15,78,80.15,125,59625
2024-09-30 12:05:00+05:30,80.15,80.15,76.85,78.85,4250,59625
2024-09-30 12:06:00+05:30,78.85,79.1,77.75,77.75,4875,59625
2024-09-30 12:07:00+05:30,77.75,79.4,77.75,79.4,375,57625
2024-09-30 12:08:00+05:30,79.4,80,79.4,80,1375,57625
2024-09-30 12:09:00+05:30,80,80,80,80,125,57625
2024-09-30 12:10:00+05:30,80,80,80,80,375,57125
2024-09-30 12:11:00+05:30,80,81.4,80,81.4,2375,57125
2024-09-30 12:12:00+05:30,81.4,81.4,81.4,81.4,0,57125
2024-09-30 12:13:00+05:30,81.4,81.4,78.05,78.05,2125,55375
2024-09-30 12:14:00+05:30,78.05,80.15,78.05,80.15,375,55375
2024-09-30 12:15:00+05:30,80.15,81,80.15,81,125,55375
2024-09-30 12:16:00+05:30,81,81,80.8,80.8,250,54500
2024-09-30 12:17:00+05:30,80.8,82,80.8,82,375,54500
2024-09-30 12:18:00+05:30,82,82,82,82,500,54500
2024-09-30 12:19:00+05:30,82,82,81.85,81.85,1250,54375
2024-09-30 12:20:00+05:30,81.85,81.85,81.85,81.85,0,54375
2024-09-30 12:21:00+05:30,81.85,81.85,81.85,81.85,0,54375
2024-09-30 12:22:00+05:30,81.85,81.85,80.5,81,250,54125
2024-09-30 12:23:00+05:30,81,81,79.55,79.55,250,54125
2024-09-30 12:24:00+05:30,79.55,79.65,79.55,79.65,250,54125
2024-09-30 12:25:00+05:30,79.65,80.45,79.65,80.45,250,54125
2024-09-30 12:26:00+05:30,80.45,81.1,80.3,81.1,1000,54125
2024-09-30 12:27:00+05:30,81.1,81.1,80.65,80.65,125,54125
2024-09-30 12:28:00+05:30,80.65,80.65,79.45,79.45,250,54375
2024-09-30 12:29:00+05:30,79.45,79.45,79.45,79.45,0,54375
2024-09-30 12:30:00+05:30,79.4,79.4,79.4,79.4,125,54375
2024-09-30 12:31:00+05:30,79.4,81,79.4,81,125,54375
2024-09-30 12:32:00+05:30,81,81,81,81,125,54375
2024-09-30 12:33:00+05:30,81,81,81,81,0,54375
2024-09-30 12:34:00+05:30,81,81,81,81,0,54375
2024-09-30 12:35:00+05:30,81,81,81,81,0,54375
2024-09-30 12:36:00+05:30,81,81,81,81,0,54375
2024-09-30 12:37:00+05:30,81,81,81,81,0,54375
2024-09-30 12:38:00+05:30,81,81,81,81,0,54375
2024-09-30 12:39:00+05:30,79.95,79.95,79.95,79.95,125,54375
2024-09-30 12:40:00+05:30,79.4,79.4,79.4,79.4,125,54375
2024-09-30 12:41:00+05:30,79.4,79.4,79.4,79.4,0,54375
2024-09-30 12:42:00+05:30,79.4,79.4,79.4,79.4,0,54500
2024-09-30 12:43:00+05:30,78.8,78.8,78.8,78.8,1250,54500
2024-09-30 12:44:00+05:30,78.8,79.55,78.8,79.55,250,55250
2024-09-30 12:45:00+05:30,79.55,79.55,79.55,79.55,0,55250
2024-09-30 12:46:00+05:30,79.55,80.05,79.15,80.05,125,55375
2024-09-30 12:47:00+05:30,80.05,80.05,79.85,79.85,375,55375
2024-09-30 12:48:00+05:30,79.85,81.6,79.85,81.6,875,55375
2024-09-30 12:49:00+05:30,81.6,81.6,81.6,81.6,0,55375
2024-09-30 12:50:00+05:30,81.6,81.6,81.6,81.6,0,55375
2024-09-30 12:51:00+05:30,81.6,81.6,81.6,81.6,0,55375
2024-09-30 12:52:00+05:30,81.6,81.6,81.6,81.6,0,55375
2024-09-30 12:53:00+05:30,81.6,81.6,80,80,1000,55000
2024-09-30 12:54:00+05:30,80,80,80,80,1000,55000
2024-09-30 12:55:00+05:30,80,80,80,80,0,55000
2024-09-30 12:56:00+05:30,80,80,80,80,0,55000
2024-09-30 12:57:00+05:30,80,80,80,80,0,55000
2024-09-30 12:58:00+05:30,80,80.35,80,80.35,250,54625
2024-09-30 12:59:00+05:30,80.35,80.35,80.15,80.15,125,54625
2024-09-30 13:00:00+05:30,80.15,80.15,80.15,80.15,0,54625
2024-09-30 13:01:00+05:30,80.15,80.15,80.15,80.15,0,54625
2024-09-30 13:02:00+05:30,80.15,80.15,80.15,80.15,0,54625
2024-09-30 13:03:00+05:30,80.15,80.15,80.15,80.15,0,54625
2024-09-30 13:04:00+05:30,80.15,80.15,80.15,80.15,0,54625
2024-09-30 13:05:00+05:30,80.15,80.15,80.15,80.15,0,54625
2024-09-30 13:06:00+05:30,80.15,80.15,80.15,80.15,0,54625
2024-09-30 13:07:00+05:30,80.15,80.15,80.15,80.15,0,54625
2024-09-30 13:08:00+05:30,80.15,80.15,80.15,80.15,0,54625
2024-09-30 13:09:00+05:30,80.15,80.15,78.4,79.65,250,54500
2024-09-30 13:10:00+05:30,79.65,79.65,79.65,79.65,0,54500
2024-09-30 13:11:00+05:30,79.65,79.65,77.3,77.3,250,54250
2024-09-30 13:12:00+05:30,77.3,77.3,76.95,76.95,250,54250
2024-09-30 13:13:00+05:30,76.95,77.7,76.95,77.7,0,54000
2024-09-30 13:14:00+05:30,78,81,76.85,76.85,10250,54000
2024-09-30 13:15:00+05:30,76.85,79.2,76.85,79.2,5000,54000
2024-09-30 13:16:00+05:30,79.2,79.2,79.2,79.2,0,54000
2024-09-30 13:17:00+05:30,79.2,79.2,77.15,77.25,1000,58750
2024-09-30 13:18:00+05:30,77.25,77.25,77.25,77.25,0,58750
2024-09-30 13:19:00+05:30,77.25,77.25,77.1,77.1,0,58500
2024-09-30 13:20:00+05:30,77.1,77.1,77.1,77.1,500,58500
2024-09-30 13:21:00+05:30,77.1,77.1,77.1,77.1,0,58500
2024-09-30 13:22:00+05:30,77.1,77.1,77.1,77.1,0,58500
2024-09-30 13:23:00+05:30,77.1,77.1,77.1,77.1,0,58500
2024-09-30 13:24:00+05:30,77.1,77.1,77.1,77.1,0,58500
2024-09-30 13:25:00+05:30,77.1,77.2,77.1,77.2,250,58375
2024-09-30 13:26:00+05:30,77.2,77.2,77.1,77.1,125,58375
2024-09-30 13:27:00+05:30,77.1,77.1,77.1,77.1,0,58375
2024-09-30 13:28:00+05:30,77.1,77.7,77.1,77.7,375,58125
2024-09-30 13:29:00+05:30,77.7,77.7,77.7,77.7,0,58125
2024-09-30 13:30:00+05:30,77.7,77.7,77.7,77.7,0,58125
2024-09-30 13:31:00+05:30,77.7,80.3,77.7,80.3,125,58000
2024-09-30 13:32:00+05:30,80.3,81.6,80.3,81.6,375,58000
2024-09-30 13:33:00+05:30,81.6,81.6,81.6,81.6,0,58000
2024-09-30 13:34:00+05:30,81.6,81.6,80.8,80.8,250,58250
2024-09-30 13:35:00+05:30,80.8,80.8,80.2,80.4,375,58250
2024-09-30 13:36:00+05:30,80.4,80.4,80.4,80.4,0,58250
2024-09-30 13:37:00+05:30,80.4,81.1,80.4,81.1,375,58250
2024-09-30 13:38:00+05:30,81.1,81.1,81.1,81.1,0,58250
2024-09-30 13:39:00+05:30,81.1,81.1,81.1,81.1,0,58250
2024-09-30 13:40:00+05:30,81.1,81.1,81.05,81.05,125,58375
2024-09-30 13:41:00+05:30,81.05,81.05,81.05,81.05,0,58375
2024-09-30 13:42:00+05:30,81.05,81.05,81.05,81.05,0,58375
2024-09-30 13:43:00+05:30,81.05,81.1,81,81.1,1125,58500
2024-09-30 13:44:00+05:30,82,82,82,82,625,58500
2024-09-30 13:45:00+05:30,82.9,83.75,82.9,83.15,625,58500
2024-09-30 13:46:00+05:30,83.15,83.15,82,82.15,250,58625
2024-09-30 13:47:00+05:30,82.15,82.15,82.15,82.15,0,58625
2024-09-30 13:48:00+05:30,82.15,84.25,82.15,84.25,0,58625
2024-09-30 13:49:00+05:30,84.25,84.25,83.3,83.35,750,58625
2024-09-30 13:50:00+05:30,83.35,83.35,82.65,82.65,250,58625
2024-09-30 13:51:00+05:30,82.65,82.65,82.65,82.65,0,58625
2024-09-30 13:52:00+05:30,82.65,82.65,82.65,82.65,0,58625
2024-09-30 13:53:00+05:30,82.65,82.65,82.65,82.65,0,58625
2024-09-30 13:54:00+05:30,82.65,82.65,82.65,82.65,0,58625
2024-09-30 13:55:00+05:30,82.65,82.65,81.85,81.85,250,58250
2024-09-30 13:56:00+05:30,81.85,81.85,81.8,81.8,125,58250
2024-09-30 13:57:00+05:30,81.8,81.8,81.8,81.8,0,58250
2024-09-30 13:58:00+05:30,81.8,81.8,81.8,81.8,0,58250
2024-09-30 13:59:00+05:30,81.8,81.8,81.8,81.8,0,58250
2024-09-30 14:00:00+05:30,82,82,82,82,125,58250
2024-09-30 14:01:00+05:30,81.85,81.85,81.65,81.85,1125,58250
2024-09-30 14:02:00+05:30,81.85,81.85,81.85,81.85,0,58250
2024-09-30 14:03:00+05:30,81.85,81.85,81.85,81.85,0,58250
2024-09-30 14:04:00+05:30,81.85,81.85,81.85,81.85,0,58250
2024-09-30 14:05:00+05:30,81.85,81.85,81.85,81.85,0,58250
2024-09-30 14:06:00+05:30,81.85,81.85,81.85,81.85,0,58250
2024-09-30 14:07:00+05:30,81.85,81.85,81.85,81.85,0,58250
2024-09-30 14:08:00+05:30,81.85,81.85,81.85,81.85,0,58250
2024-09-30 14:09:00+05:30,81.85,81.85,80.95,80.95,250,58250
2024-09-30 14:10:00+05:30,80.95,81.05,80.85,81.05,125,58375
2024-09-30 14:11:00+05:30,81.05,81.05,81.05,81.05,125,58375
2024-09-30 14:12:00+05:30,81.05,81.05,81.05,81.05,0,58375
2024-09-30 14:13:00+05:30,81.05,81.05,80.35,80.35,500,58125
2024-09-30 14:14:00+05:30,80.35,80.35,80.35,80.35,0,58125
2024-09-30 14:15:00+05:30,80.35,80.35,80.35,80.35,0,58125
2024-09-30 14:16:00+05:30,80.35,80.35,80.35,80.35,0,58125
2024-09-30 14:17:00+05:30,80.35,80.35,80.35,80.35,0,58125
2024-09-30 14:18:00+05:30,80.35,82.3,80.35,82.3,500,57875
2024-09-30 14:19:00+05:30,82.3,82.3,82.3,82.3,0,57875
2024-09-30 14:20:00+05:30,82.3,82.8,82.3,82.8,250,58250
2024-09-30 14:21:00+05:30,82.8,83.3,82.8,83.3,375,58250
2024-09-30 14:22:00+05:30,83.3,83.3,83.3,83.3,0,58250
2024-09-30 14:23:00+05:30,83.3,83.3,83.3,83.3,0,58250
2024-09-30 14:24:00+05:30,83.3,84.95,83.3,84.95,250,58375
2024-09-30 14:25:00+05:30,84.95,84.95,84.95,84.95,0,58375
2024-09-30 14:26:00+05:30,84.95,85.5,84.95,85.3,750,58625
2024-09-30 14:27:00+05:30,85.3,85.95,85.3,85.95,125,58625
2024-09-30 14:28:00+05:30,85.95,85.95,85.95,85.95,0,58625
2024-09-30 14:29:00+05:30,85.95,86.85,85.95,86.85,125,58500
2024-09-30 14:30:00+05:30,86.85,86.85,84.45,84.45,125,58500
2024-09-30 14:31:00+05:30,84.45,84.45,83,83,1125,58500
2024-09-30 14:32:00+05:30,81.8,81.8,81.8,81.8,125,58500
2024-09-30 14:33:00+05:30,81.8,81.8,81.8,81.8,0,58500
2024-09-30 14:34:00+05:30,81.8,81.8,81.8,81.8,0,58500
2024-09-30 14:35:00+05:30,81.8,81.8,81.8,81.8,0,58500
2024-09-30 14:36:00+05:30,81.8,81.8,81.8,81.8,0,58500
2024-09-30 14:37:00+05:30,81.8,81.8,81.8,81.8,0,58500
2024-09-30 14:38:00+05:30,81.8,81.8,81.8,81.8,0,58500
2024-09-30 14:39:00+05:30,81.8,81.8,81.8,81.8,0,58500
2024-09-30 14:40:00+05:30,81.8,81.8,81.8,81.8,0,58500
2024-09-30 14:41:00+05:30,81.8,81.8,81.8,81.8,0,58500
2024-09-30 14:42:00+05:30,81.8,81.8,81.8,81.8,0,58500
2024-09-30 14:43:00+05:30,81.8,81.8,81.8,81.8,0,58500
2024-09-30 14:44:00+05:30,81.8,81.8,81.8,81.8,0,58500
2024-09-30 14:45:00+05:30,81.8,81.8,81.8,81.8,0,58500
2024-09-30 14:46:00+05:30,82.35,82.45,82.35,82.45,250,58625
2024-09-30 14:47:00+05:30,82.45,82.45,81.8,81.8,125,58375
2024-09-30 14:48:00+05:30,81.8,81.8,81.8,81.8,0,58375
2024-09-30 14:49:00+05:30,81.8,81.8,81.8,81.8,0,58375
2024-09-30 14:50:00+05:30,81.8,81.8,81.8,81.8,0,58375
2024-09-30 14:51:00+05:30,81.8,81.8,81.8,81.8,0,58375
2024-09-30 14:52:00+05:30,81.8,81.8,81.8,81.8,0,58375
2024-09-30 14:53:00+05:30,81.8,81.8,81.65,81.65,125,58375
2024-09-30 14:54:00+05:30,81.65,81.65,81.65,81.65,125,58375
2024-09-30 14:55:00+05:30,80.1,80.1,77.6,77.6,250,58000
2024-09-30 14:56:00+05:30,77.6,79.35,77.6,79.35,4500,58000
2024-09-30 14:57:00+05:30,79.35,79.35,77.8,77.8,3750,58000
2024-09-30 14:58:00+05:30,77.8,77.8,77.8,77.8,0,58000
2024-09-30 14:59:00+05:30,77.8,77.8,77.8,77.8,0,58000
2024-09-30 15:00:00+05:30,77.8,77.8,77.8,77.8,0,58000
2024-09-30 15:01:00+05:30,77.8,77.8,77.8,77.8,0,58000
2024-09-30 15:02:00+05:30,77.8,86.05,77.8,85.95,250,55375
2024-09-30 15:03:00+05:30,85.95,85.95,85.95,85.95,0,55375
2024-09-30 15:04:00+05:30,83.15,83.15,78.65,81.6,4250,55250
2024-09-30 15:05:00+05:30,81.6,81.6,79.6,79.6,1000,55250
2024-09-30 15:06:00+05:30,79.6,82.65,77.45,80.2,5750,55250
2024-09-30 15:07:00+05:30,79.85,79.85,79.85,79.85,3875,53625
2024-09-30 15:08:00+05:30,79.85,79.9,79.35,79.35,250,53625
2024-09-30 15:09:00+05:30,79.35,79.35,79.3,79.3,125,53625
2024-09-30 15:10:00+05:30,79.3,79.35,79.3,79.35,125,53625
2024-09-30 15:11:00+05:30,79.35,79.45,79.35,79.35,3625,57250
2024-09-30 15:12:00+05:30,79.4,82.45,79.35,79.6,1750,57250
2024-09-30 15:13:00+05:30,79.6,79.6,79.6,79.6,0,57250
2024-09-30 15:14:00+05:30,79.6,79.6,79.6,79.6,0,57250
2024-09-30 15:15:00+05:30,79.6,80.6,79.6,80.6,250,61625
2024-09-30 15:16:00+05:30,80.6,80.6,80.6,80.6,0,61625
2024-09-30 15:17:00+05:30,80.6,80.6,80.6,80.6,0,61625
2024-09-30 15:18:00+05:30,80.6,80.6,80.6,80.6,0,61625
2024-09-30 15:19:00+05:30,80.6,80.6,80.2,80.6,500,61500
2024-09-30 15:20:00+05:30,80.6,80.6,80.6,80.6,0,61500
2024-09-30 15:21:00+05:30,80.6,80.6,80.6,80.6,0,61500
2024-09-30 15:22:00+05:30,80.6,80.6,78,78,125,61375
2024-09-30 15:23:00+05:30,78,79.1,77.9,77.9,375,61375
2024-09-30 15:24:00+05:30,77.9,77.9,77.9,77.9,0,61375
2024-09-30 15:25:00+05:30,79.1,79.15,79.1,79.1,500,61375
2024-09-30 15:26:00+05:30,79.1,79.7,79.1,79.7,250,61500
2024-09-30 15:27:00+05:30,79.7,81.05,79.7,81.05,250,61500
2024-09-30 15:28:00+05:30,81.05,81.05,81.05,81.05,0,61500
2024-09-30 15:29:00+05:30,78.15,78.15,76.3,76.9,1250,61625
2024-10-01 09:15:00+05:30,76.75,76.75,76.75,76.75,0,0
2024-10-01 09:16:00+05:30,76.7,76.9,76.65,76.9,0,62125
2024-10-01 09:17:00+05:30,76.9,76.9,71.2,71.2,1375,62125
2024-10-01 09:18:00+05:30,71.2,71.2,71.2,71.2,0,62125
2024-10-01 09:19:00+05:30,71.2,71.2,71.2,71.2,0,62125
2024-10-01 09:20:00+05:30,71.2,73.25,71.2,73.15,250,62625
2024-10-01 09:21:00+05:30,73.15,74.3,73.15,74.05,375,62625
2024-10-01 09:22:00+05:30,74.05,74.05,72.1,72.1,625,62625
2024-10-01 09:23:00+05:30,72.1,72.1,72.1,72.1,0,62625
2024-10-01 09:24:00+05:30,74.55,74.55,74.55,74.55,375,62625
2024-10-01 09:25:00+05:30,74.55,76.05,74.55,75.55,375,63125
2024-10-01 09:26:00+05:30,75.55,77.5,75.55,77.5,125,63125
2024-10-01 09:27:00+05:30,77.5,78.15,77.5,78.15,625,63125
2024-10-01 09:28:00+05:30,78.15,78.15,78.15,78.15,0,63125
2024-10-01 09:29:00+05:30,78.15,80,78.15,80,375,62250
2024-10-01 09:30:00+05:30,80,80.2,76.5,80.2,4625,61625
2024-10-01 09:31:00+05:30,80.2,80.2,78.6,78.6,1375,61625
2024-10-01 09:32:00+05:30,78.6,78.6,77.95,77.95,375,61625
2024-10-01 09:33:00+05:30,77.95,78.75,77.95,78.75,500,60625
2024-10-01 09:34:00+05:30,78.75,78.75,78.75,78.75,0,60625
2024-10-01 09:35:00+05:30,78.75,78.75,78.75,78.75,0,60625
2024-10-01 09:36:00+05:30,78.75,79.7,78.75,79.7,1000,60625
2024-10-01 09:37:00+05:30,79.7,79.7,79.7,79.7,0,60625
2024-10-01 09:38:00+05:30,78.4,78.4,78.4,78.4,250,59750
2024-10-01 09:39:00+05:30,78.4,78.4,77.2,77.95,125,60125
2024-10-01 09:40:00+05:30,77.95,77.95,76.7,77.5,875,60125
2024-10-01 09:41:00+05:30,77.5,77.5,77,77,125,60125
2024-10-01 09:42:00+05:30,77,77.7,77,77.7,250,60125
2024-10-01 09:43:00+05:30,77.7,77.7,77.7,77.7,0,60125
2024-10-01 09:44:00+05:30,77.7,77.7,77.7,77.7,0,60125
2024-10-01 09:45:00+05:30,77.7,77.7,77.7,77.7,0,60125
2024-10-01 09:46:00+05:30,77.7,78.6,77.7,78.6,0,59500
2024-10-01 09:47:00+05:30,79,79,79,79,250,59500
2024-10-01 09:48:00+05:30,79,79,79,79,0,59500
2024-10-01 09:49:00+05:30,78,78.05,77.95,78.05,625,59625
2024-10-01 09:50:00+05:30,78.05,78.05,77.9,77.9,375,59625
2024-10-01 09:51:00+05:30,77.9,80,77.9,79,750,59625
2024-10-01 09:52:00+05:30,79,79,79,79,0,59625
2024-10-01 09:53:00+05:30,79,79,79,79,0,59625
2024-10-01 09:54:00+05:30,75,75,74,74,375,60125
2024-10-01 09:55:00+05:30,74,74,74,74,0,60125
2024-10-01 09:56:00+05:30,74,74,74,74,0,60125
2024-10-01 09:57:00+05:30,74,74,74,74,0,60125
2024-10-01 09:58:00+05:30,74,75.5,74,75.5,125,59875
2024-10-01 09:59:00+05:30,75.5,75.5,74.85,75,375,59875
2024-10-01 10:00:00+05:30,75,75,75,75,375,59125
2024-10-01 10:01:00+05:30,75,75,75,75,125,59125
2024-10-01 10:02:00+05:30,75,75,75,75,125,59125
2024-10-01 10:03:00+05:30,75,75.5,75,75.5,250,59125
2024-10-01 10:04:00+05:30,75.5,76,75.5,76,250,58625
2024-10-01 10:05:00+05:30,76,76,76,76,0,58625
2024-10-01 10:06:00+05:30,76,77,76,77,250,58625
2024-10-01 10:07:00+05:30,77,77,76.1,76.1,250,58375
2024-10-01 10:08:00+05:30,76.1,76.9,76.1,76.9,125,58375
2024-10-01 10:09:00+05:30,76.9,76.9,76.9,76.9,0,58375
2024-10-01 10:10:00+05:30,76.9,76.9,76.55,76.55,250,58250
2024-10-01 10:11:00+05:30,76.55,76.55,76.55,76.55,0,58250
2024-10-01 10:12:00+05:30,75.65,75.65,75.65,75.65,250,58250
2024-10-01 10:13:00+05:30,75.65,75.65,75.65,75.65,0,58250
2024-10-01 10:14:00+05:30,75.65,77.25,75.65,77.25,125,58250
2024-10-01 10:15:00+05:30,77.25,78,76.4,78,375,58125
2024-10-01 10:16:00+05:30,78,78,78,78,0,58125
2024-10-01 10:17:00+05:30,78,78,77.5,77.5,0,58125
2024-10-01 10:18:00+05:30,77.5,77.65,76.8,77.65,750,58125
2024-10-01 10:19:00+05:30,77.65,77.65,77.65,77.65,0,58125
2024-10-01 10:20:00+05:30,77.65,77.65,77.65,77.65,0,58125
2024-10-01 10:21:00+05:30,77.65,77.65,77.65,77.65,0,58125
2024-10-01 10:22:00+05:30,77.65,77.65,77.65,77.65,0,58125
2024-10-01 10:23:00+05:30,77.65,77.65,77.65,77.65,0,58125
2024-10-01 10:24:00+05:30,77.65,77.65,77.65,77.65,0,58125
2024-10-01 10:25:00+05:30,77.65,77.65,77.65,77.65,0,58125
2024-10-01 10:26:00+05:30,77.65,78.8,77.65,78.8,125,58125
2024-10-01 10:27:00+05:30,78.8,78.8,78.8,78.8,0,58125
2024-10-01 10:28:00+05:30,78.8,78.8,78.8,78.8,0,58125
2024-10-01 10:29:00+05:30,78.8,78.8,78.8,78.8,0,58125
2024-10-01 10:30:00+05:30,78.8,78.8,78.8,78.8,0,58125
2024-10-01 10:31:00+05:30,78.8,78.8,78.8,78.8,0,58125
2024-10-01 10:32:00+05:30,78.8,80.5,78.8,79.65,1000,58250
2024-10-01 10:33:00+05:30,79.65,79.65,79.65,79.65,0,58250
2024-10-01 10:34:00+05:30,79.65,80,79.65,80,125,58125
2024-10-01 10:35:00+05:30,80,80,76.85,76.85,0,58125
2024-10-01 10:36:00+05:30,76.85,79.7,76.85,79.7,1250,58125
2024-10-01 10:37:00+05:30,79.7,79.7,79.7,79.7,0,58125
2024-10-01 10:38:00+05:30,79.7,79.7,79.7,79.7,0,58125
2024-10-01 10:39:00+05:30,79.7,79.7,79.7,79.7,0,58125
2024-10-01 10:40:00+05:30,79.7,79.7,79.7,79.7,0,58125
2024-10-01 10:41:00+05:30,79.7,79.7,79.7,79.7,0,58125
2024-10-01 10:42:00+05:30,79.7,79.7,79.7,79.7,0,58125
2024-10-01 10:43:00+05:30,79.7,79.7,79.7,79.7,0,58125
2024-10-01 10:44:00+05:30,79.7,79.7,77.05,77.05,750,57875
2024-10-01 10:45:00+05:30,77.05,77.05,77.05,77.05,500,57875
2024-10-01 10:46:00+05:30,77.05,77.05,77.05,77.05,0,57875
2024-10-01 10:47:00+05:30,77.05,77.05,76.05,76.05,500,56750
2024-10-01 10:48:00+05:30,76.05,77,76.05,77,375,56750
2024-10-01 10:49:00+05:30,77,78.5,77,78.5,250,56625
2024-10-01 10:50:00+05:30,78.5,78.95,78.35,78.95,625,56625
2024-10-01 10:51:00+05:30,78.95,78.95,78.95,78.95,0,56625
2024-10-01 10:52:00+05:30,78.95,78.95,78.95,78.95,0,56625
2024-10-01 10:53:00+05:30,78.95,78.95,77.5,77.5,250,56375
2024-10-01 10:54:00+05:30,77.5,78.3,77.5,78.3,125,56375
2024-10-01 10:55:00+05:30,78.3,78.3,78.3,78.3,0,56375
2024-10-01 10:56:00+05:30,78.3,78.3,78.3,78.3,0,56375
2024-10-01 10:57:00+05:30,78.3,78.3,78.3,78.3,0,56375
2024-10-01 10:58:00+05:30,78.3,78.3,78.3,78.3,0,56375
2024-10-01 10:59:00+05:30,78.3,78.3,78.3,78.3,0,56375
2024-10-01 11:00:00+05:30,78.3,78.3,78.3,78.3,0,56375
2024-10-01 11:01:00+05:30,78.3,78.3,78.3,78.3,0,56375
2024-10-01 11:02:00+05:30,78.3,78.3,78.3,78.3,0,56375
2024-10-01 11:03:00+05:30,78.3,78.3,78.3,78.3,0,56375
2024-10-01 11:04:00+05:30,78.3,78.3,78.3,78.3,0,56375
2024-10-01 11:05:00+05:30,78.3,78.3,78.3,78.3,0,56375
2024-10-01 11:06:00+05:30,78.3,78.3,78.3,78.3,0,56375
2024-10-01 11:07:00+05:30,78.3,78.3,75.3,75.3,625,56250
2024-10-01 11:08:00+05:30,75.3,75.3,75,75,1250,56250
2024-10-01 11:09:00+05:30,75,75,75,75,0,56250
2024-10-01 11:10:00+05:30,75,75,75,75,0,56250
2024-10-01 11:11:00+05:30,75,75,75,75,0,56250
2024-10-01 11:12:00+05:30,75,78.1,75,78.1,0,54500
2024-10-01 11:13:00+05:30,78.1,78.1,78,78,250,54500
2024-10-01 11:14:00+05:30,78,78,78,78,0,54500
2024-10-01 11:15:00+05:30,78,78,78,78,0,54500
2024-10-01 11:16:00+05:30,78,78,78,78,0,54500
2024-10-01 11:17:00+05:30,78,78,75,75,0,54500
2024-10-01 11:18:00+05:30,75,75,75,75,375,54500
2024-10-01 11:19:00+05:30,75,75,75,75,0,54500
2024-10-01 11:20:00+05:30,75,75,75,75,0,54500
2024-10-01 11:21:00+05:30,75,75,75,75,0,54500
2024-10-01 11:22:00+05:30,75,75,75,75,0,54500
2024-10-01 11:23:00+05:30,75,75,75,75,0,54500
2024-10-01 11:24:00+05:30,75,75,75,75,0,54500
2024-10-01 11:25:00+05:30,75,75.45,75,75.45,250,54875
2024-10-01 11:26:00+05:30,75.45,75.45,75.45,75.45,0,54875
2024-10-01 11:27:00+05:30,75.45,75.45,75.45,75.45,0,54875
2024-10-01 11:28:00+05:30,75.45,76.35,75.45,76.35,0,54625
2024-10-01 11:29:00+05:30,76.35,76.35,76.25,76.25,250,54625
2024-10-01 11:30:00+05:30,76.25,76.25,76.25,76.25,0,54625
2024-10-01 11:31:00+05:30,76.25,76.25,76.25,76.25,0,54625
2024-10-01 11:32:00+05:30,76.25,76.25,76.25,76.25,0,54625
2024-10-01 11:33:00+05:30,76.25,78.25,76.25,78.25,125,54750
2024-10-01 11:34:00+05:30,78.25,78.25,74.15,75,250,54875
2024-10-01 11:35:00+05:30,75,75,75,75,500,54875
2024-10-01 11:36:00+05:30,75,75,75,75,0,54875
2024-10-01 11:37:00+05:30,75,75,72.8,72.8,375,55500
2024-10-01 11:38:00+05:30,72.8,72.8,72.8,72.8,0,55500
2024-10-01 11:39:00+05:30,72.8,72.8,72.1,72.1,125,55500
2024-10-01 11:40:00+05:30,72.1,72.1,72.1,72.1,0,55500
2024-10-01 11:41:00+05:30,72.1,72.1,72.1,72.1,0,55500
2024-10-01 11:42:00+05:30,72.1,72.1,69.2,70.75,2625,55625
2024-10-01 11:43:00+05:30,70.75,71.5,70.75,71,375,55250
2024-10-01 11:44:00+05:30,71,71,71,71,0,55250
2024-10-01 11:45:00+05:30,71,71,71,71,0,55250
2024-10-01 11:46:00+05:30,71,72.15,70.95,72.15,250,55125
2024-10-01 11:47:00+05:30,72.15,72.15,69.25,71.05,3750,55125
2024-10-01 11:48:00+05:30,71.05,71.05,71.05,71.05,0,55125
2024-10-01 11:49:00+05:30,71.05,71.05,71.05,71.05,0,55125
2024-10-01 11:50:00+05:30,71.05,71.05,71.05,71.05,0,55125
2024-10-01 11:51:00+05:30,71.05,71.05,71.05,71.05,0,55125
2024-10-01 11:52:00+05:30,71.05,71.05,71.05,71.05,0,55125
2024-10-01 11:53:00+05:30,71.05,71.05,71.05,71.05,0,55125
2024-10-01 11:54:00+05:30,71.05,71.6,71.05,71.6,125,54250
2024-10-01 11:55:00+05:30,71.55,71.6,70.8,70.8,750,53875
2024-10-01 11:56:00+05:30,70.8,70.8,67.35,70.5,4500,53875
2024-10-01 11:57:00+05:30,70.5,71.5,69.4,71.5,1000,53875
2024-10-01 11:58:00+05:30,71.5,71.5,71.25,71.25,500,52125
2024-10-01 11:59:00+05:30,71.25,71.25,71.25,71.25,0,52125
2024-10-01 12:00:00+05:30,71.25,71.25,71.25,71.25,0,52125
2024-10-01 12:01:00+05:30,71.25,71.25,71.25,71.25,0,52125
2024-10-01 12:02:00+05:30,71.25,71.25,70.35,70.35,125,52000
2024-10-01 12:03:00+05:30,70.35,70.35,70.35,70.35,0,52000
2024-10-01 12:04:00+05:30,70.35,70.35,70.35,70.35,0,52000
2024-10-01 12:05:00+05:30,70.35,70.4,70.35,70.4,125,51875
2024-10-01 12:06:00+05:30,70.4,70.4,70.4,70.4,0,51875
2024-10-01 12:07:00+05:30,70.45,70.45,70.45,70.45,250,51875
2024-10-01 12:08:00+05:30,70.45,70.45,69.95,69.95,250,51875
2024-10-01 12:09:00+05:30,69.95,70.85,69.95,70.85,125,51875
2024-10-01 12:10:00+05:30,70.85,72.3,70.85,72.3,0,51750
2024-10-01 12:11:00+05:30,72.3,72.3,72.3,72.3,375,51750
2024-10-01 12:12:00+05:30,72.3,72.3,72.3,72.3,0,51750
2024-10-01 12:13:00+05:30,72.3,72.3,72.3,72.3,0,51750
2024-10-01 12:14:00+05:30,72.3,72.3,72.3,72.3,0,51750
2024-10-01 12:15:00+05:30,72.3,72.3,72.3,72.3,0,51750
2024-10-01 12:16:00+05:30,72.3,72.3,72.3,72.3,0,51750
2024-10-01 12:17:00+05:30,72.3,72.3,72.3,72.3,0,51750
2024-10-01 12:18:00+05:30,72.3,72.3,72.3,72.3,0,51750
2024-10-01 12:19:00+05:30,72.3,72.3,71.7,71.95,250,51750
2024-10-01 12:20:00+05:30,71.95,71.95,71.9,71.9,250,51750
2024-10-01 12:21:00+05:30,71.9,73.45,71.9,73.45,750,51750
2024-10-01 12:22:00+05:30,73.45,75.25,73.45,75.25,500,51250
2024-10-01 12:23:00+05:30,75.25,75.85,75.25,75.85,375,51250
2024-10-01 12:24:00+05:30,75.85,75.85,75.85,75.85,0,51250
2024-10-01 12:25:00+05:30,75.85,75.85,75.25,75.25,0,51125
2024-10-01 12:26:00+05:30,75.25,75.25,75.25,75.25,250,51125
2024-10-01 12:27:00+05:30,75.25,75.25,75.25,75.25,0,51125
2024-10-01 12:28:00+05:30,75.25,75.95,75.25,75.95,125,51250
2024-10-01 12:29:00+05:30,75.95,76.25,75.95,76.25,125,51250
2024-10-01 12:30:00+05:30,76.25,76.25,76.25,76.25,0,51250
2024-10-01 12:31:00+05:30,76.25,76.25,76.25,76.25,125,51250
2024-10-01 12:32:00+05:30,76.25,76.25,76.25,76.25,0,51250
2024-10-01 12:33:00+05:30,76.25,76.25,76.25,76.25,0,51250
2024-10-01 12:34:00+05:30,76.25,76.25,76.25,76.25,0,51250
2024-10-01 12:35:00+05:30,76.25,76.25,76,76,125,51250
2024-10-01 12:36:00+05:30,76,76,76,76,0,51250
2024-10-01 12:37:00+05:30,76,76,76,76,0,51250
2024-10-01 12:38:00+05:30,76,76,76,76,0,51250
2024-10-01 12:39:00+05:30,76,76,76,76,0,51250
2024-10-01 12:40:00+05:30,76,77,76,77,125,51125
2024-10-01 12:41:00+05:30,77,77,77,77,0,51125
2024-10-01 12:42:00+05:30,77,77,77,77,0,51125
2024-10-01 12:43:00+05:30,77,78.75,77,78.75,125,51125
2024-10-01 12:44:00+05:30,78.75,78.75,78.35,78.35,125,51125
2024-10-01 12:45:00+05:30,78.35,79.95,78.35,79.55,500,51125
2024-10-01 12:46:00+05:30,79.55,79.55,79.2,79.2,125,51125
2024-10-01 12:47:00+05:30,79.2,79.2,79.2,79.2,0,51125
2024-10-01 12:48:00+05:30,79.2,79.2,79.2,79.2,0,51125
2024-10-01 12:49:00+05:30,79.2,79.2,77.35,77.65,125,51500
2024-10-01 12:50:00+05:30,77.65,77.65,77.65,77.65,125,51500
2024-10-01 12:51:00+05:30,77.65,77.65,77.65,77.65,0,51500
2024-10-01 12:52:00+05:30,77.65,77.65,77.65,77.65,0,51500
2024-10-01 12:53:00+05:30,79.25,79.25,79.25,79.25,125,51375
2024-10-01 12:54:00+05:30,79.25,79.25,79.25,79.25,0,51375
2024-10-01 12:55:00+05:30,79.25,79.85,79.25,79.85,0,51500
2024-10-01 12:56:00+05:30,79.85,79.85,78.85,78.85,250,51500
2024-10-01 12:57:00+05:30,78.85,78.85,78.85,78.85,0,51500
2024-10-01 12:58:00+05:30,76.4,76.4,76.1,76.1,250,51500
2024-10-01 12:59:00+05:30,76.1,76.1,73.65,74.9,500,51875
2024-10-01 13:00:00+05:30,74.9,74.9,74.9,74.9,0,51875
2024-10-01 13:01:00+05:30,74.9,74.9,74.5,74.75,625,52250
2024-10-01 13:02:00+05:30,74.75,75.7,74.75,75.7,0,52250
2024-10-01 13:03:00+05:30,75.7,75.7,75.7,75.7,125,52250
2024-10-01 13:04:00+05:30,75.7,75.7,75.7,75.7,0,52250
2024-10-01 13:05:00+05:30,75.7,77.95,75.7,77.95,125,52125
2024-10-01 13:06:00+05:30,77.95,77.95,77.85,77.85,250,52125
2024-10-01 13:07:00+05:30,77.85,78.1,77.85,78.1,0,52375
2024-10-01 13:08:00+05:30,78.1,78.1,78.1,78.1,250,52375
2024-10-01 13:09:00+05:30,78.7,78.7,78.7,78.7,125,52375
2024-10-01 13:10:00+05:30,78.7,78.7,78.6,78.6,0,52625
2024-10-01 13:11:00+05:30,78.6,79.05,78.1,78.1,125,52625
2024-10-01 13:12:00+05:30,78.1,78.65,77.7,77.7,1375,52625
2024-10-01 13:13:00+05:30,77.7,79.15,77.6,77.6,625,53750
2024-10-01 13:14:00+05:30,77.6,77.8,77.6,77.75,875,53750
2024-10-01 13:15:00+05:30,77.75,79.1,77,77,500,53750
2024-10-01 13:16:00+05:30,76.45,76.5,76.3,76.5,500,55625
2024-10-01 13:17:00+05:30,76.5,78.3,76.5,78.3,250,55625
2024-10-01 13:18:00+05:30,78.3,78.3,75.75,76,2125,55625
2024-10-01 13:19:00+05:30,76,76,74.8,75.65,2500,57625
2024-10-01 13:20:00+05:30,75.65,75.65,74.9,74.9,875,57625
2024-10-01 13:21:00+05:30,74.9,75.45,74.9,75.35,1375,57625
2024-10-01 13:22:00+05:30,75.35,75.5,74.9,74.9,3125,57625
2024-10-01 13:23:00+05:30,74.9,74.9,71.55,71.55,6000,57625
2024-10-01 13:24:00+05:30,71.55,72.6,71.55,72.6,375,57625
2024-10-01 13:25:00+05:30,72.6,77,72.6,75.75,500,62250
2024-10-01 13:26:00+05:30,75.75,75.75,75.35,75.35,625,62250
2024-10-01 13:27:00+05:30,75.35,76.55,75.35,75.4,750,62250
2024-10-01 13:28:00+05:30,75.4,75.95,75.4,75.4,750,63750
2024-10-01 13:29:00+05:30,75.4,75.4,70.9,70.9,2875,63750
2024-10-01 13:30:00+05:30,70.9,74.3,70.25,73.35,8625,63750
2024-10-01 13:31:00+05:30,73.35,73.35,71.2,71.2,1375,68125
2024-10-01 13:32:00+05:30,71.2,71.8,71.2,71.45,250,68125
2024-10-01 13:33:00+05:30,71.45,73.8,71.45,73.8,125,68125
2024-10-01 13:34:00+05:30,73.8,74.3,72.95,74.3,750,68125
2024-10-01 13:35:00+05:30,74.3,75.95,74.3,74.5,500,68750
2024-10-01 13:36:00+05:30,75.35,75.4,75.35,75.4,250,68750
2024-10-01 13:37:00+05:30,75.4,77.35,75.4,76.75,625,68750
2024-10-01 13:38:00+05:30,76.75,76.75,75.45,75.45,500,68750
2024-10-01 13:39:00+05:30,75.45,76.25,75.35,76.15,1250,68750
2024-10-01 13:40:00+05:30,76.15,76.15,74.5,74.5,625,69500
2024-10-01 13:41:00+05:30,74.5,74.5,74.5,74.5,0,69500
2024-10-01 13:42:00+05:30,74.65,74.65,71.65,72.45,2000,69500
2024-10-01 13:43:00+05:30,72.7,72.7,71.9,71.95,1250,71125
2024-10-01 13:44:00+05:30,71.95,72.15,71.95,72.15,125,71125
2024-10-01 13:45:00+05:30,72.15,72.35,71,71,625,71125
2024-10-01 13:46:00+05:30,71,73,71,73,125,71125
2024-10-01 13:47:00+05:30,73,73.95,73,73.3,500,71125
2024-10-01 13:48:00+05:30,73.3,76.5,73.3,76.15,375,71125
2024-10-01 13:49:00+05:30,76.15,76.3,75.45,75.45,750,71375
2024-10-01 13:50:00+05:30,75.45,75.45,75.45,75.45,0,71375
2024-10-01 13:51:00+05:30,75.45,77.15,75.45,76.05,750,71375
2024-10-01 13:52:00+05:30,76.05,77.4,76.05,77.4,250,71625
2024-10-01 13:53:00+05:30,77.4,77.4,76.05,76.05,125,71625
2024-10-01 13:54:00+05:30,76.05,76.7,76.05,76.7,750,71625
2024-10-01 13:55:00+05:30,76.7,77.1,76.3,76.45,625,72000
2024-10-01 13:56:00+05:30,76.45,76.45,76.15,76.15,375,72000
2024-10-01 13:57:00+05:30,76.15,76.9,76.05,76.75,750,72000
2024-10-01 13:58:00+05:30,76.75,77.4,76.45,77.4,125,72375
2024-10-01 13:59:00+05:30,77.4,77.5,76.95,77.15,875,72375
2024-10-01 14:00:00+05:30,77.15,77.15,77.15,77.15,250,72375
2024-10-01 14:01:00+05:30,77.15,77.25,76.5,76.95,500,72375
2024-10-01 14:02:00+05:30,76.95,76.95,76.55,76.55,375,72875
2024-10-01 14:03:00+05:30,76.55,77.5,76.5,77.5,250,72875
2024-10-01 14:04:00+05:30,77.5,78.1,77.5,78.1,250,73500
2024-10-01 14:05:00+05:30,78.1,78.2,78,78,375,73500
2024-10-01 14:06:00+05:30,78,78.7,77.8,77.9,875,73500
2024-10-01 14:07:00+05:30,77.9,78.9,77.9,78.05,1000,74000
2024-10-01 14:08:00+05:30,78.05,78.7,78.05,78.7,500,74000
2024-10-01 14:09:00+05:30,78.7,79.7,78.7,79.7,625,74000
2024-10-01 14:10:00+05:30,79.7,79.7,79.35,79.35,125,73875
2024-10-01 14:11:00+05:30,79.35,79.35,78.9,78.9,750,73875
2024-10-01 14:12:00+05:30,78.9,78.9,78.9,78.9,0,73875
2024-10-01 14:13:00+05:30,78.9,79.15,78.8,78.8,125,74625
2024-10-01 14:14:00+05:30,78.8,79.8,78.8,79.8,625,74625
2024-10-01 14:15:00+05:30,79.8,79.8,79.5,79.65,0,74625
2024-10-01 14:16:00+05:30,79.65,79.9,79.65,79.9,625,74625
2024-10-01 14:17:00+05:30,79.9,79.9,79.7,79.8,625,75500
2024-10-01 14:18:00+05:30,79.8,79.9,79.75,79.75,250,75500
2024-10-01 14:19:00+05:30,79.75,79.95,79.75,79.85,125,76000
2024-10-01 14:20:00+05:30,79.85,80.05,79.85,80,375,76000
2024-10-01 14:21:00+05:30,80,80,79.75,79.75,125,76000
2024-10-01 14:22:00+05:30,79.75,79.75,79.75,79.75,0,76000
2024-10-01 14:23:00+05:30,79.75,79.75,79.75,79.75,0,76000
2024-10-01 14:24:00+05:30,79.9,79.9,79.2,79.35,750,76500
2024-10-01 14:25:00+05:30,79.35,79.75,77.55,77.55,1250,77125
2024-10-01 14:26:00+05:30,77.55,78.3,77.55,78.25,500,77125
2024-10-01 14:27:00+05:30,78.25,79.05,77.65,77.65,500,77125
2024-10-01 14:28:00+05:30,77.65,78.45,77.65,78.45,1000,77875
2024-10-01 14:29:00+05:30,78.45,79.2,78.45,79.2,125,77875
2024-10-01 14:30:00+05:30,79.2,79.8,79.2,79.8,375,77875
2024-10-01 14:31:00+05:30,79.8,79.8,79.8,79.8,0,77875
2024-10-01 14:32:00+05:30,79.8,79.8,79.8,79.8,0,77875
2024-10-01 14:33:00+05:30,79.8,79.85,79.5,79.75,500,78125
2024-10-01 14:34:00+05:30,79.75,79.9,79.7,79.9,375,78500
2024-10-01 14:35:00+05:30,79.9,79.9,78.95,79.3,375,78500
2024-10-01 14:36:00+05:30,79.3,79.3,79.15,79.15,500,78500
2024-10-01 14:37:00+05:30,79.15,79.15,79,79,375,79125
2024-10-01 14:38:00+05:30,79,79.9,79,79.9,0,79125
2024-10-01 14:39:00+05:30,79.9,79.9,79.05,79.05,875,79125
2024-10-01 14:40:00+05:30,79.05,79.8,79.05,79.8,0,79500
2024-10-01 14:41:00+05:30,79.8,79.8,78,79,750,79500
2024-10-01 14:42:00+05:30,79,79.75,79,79.75,250,79500
2024-10-01 14:43:00+05:30,79.75,80.8,79.75,80.8,875,80625
2024-10-01 14:44:00+05:30,80.8,80.8,80.8,80.8,0,80625
2024-10-01 14:45:00+05:30,80.8,80.8,79.85,79.85,625,80625
2024-10-01 14:46:00+05:30,79.85,79.85,79.6,79.6,500,79625
2024-10-01 14:47:00+05:30,79.5,79.8,79.5,79.8,250,79625
2024-10-01 14:48:00+05:30,79.8,79.8,78.55,78.55,625,79625
2024-10-01 14:49:00+05:30,78.55,78.55,78.55,78.55,0,79625
2024-10-01 14:50:00+05:30,78.55,78.55,78.55,78.55,0,79625
2024-10-01 14:51:00+05:30,80,80,80,80,250,80500
2024-10-01 14:52:00+05:30,80,80,79.6,79.8,625,80875
2024-10-01 14:53:00+05:30,79.8,79.8,79,79.5,625,80875
2024-10-01 14:54:00+05:30,79.5,79.5,79.5,79.5,500,80875
2024-10-01 14:55:00+05:30,79.5,79.7,79.5,79.7,0,81375
2024-10-01 14:56:00+05:30,79.7,79.7,79.7,79.7,250,81375
2024-10-01 14:57:00+05:30,79.7,81.4,79.7,81.1,1000,81375
2024-10-01 14:58:00+05:30,81.1,81.1,80.55,80.75,0,81125
2024-10-01 14:59:00+05:30,80.75,80.75,80,80,750,81125
2024-10-01 15:00:00+05:30,80,80.15,80,80.15,125,81125
2024-10-01 15:01:00+05:30,80.15,80.15,77.05,77.8,1750,81250
2024-10-01 15:02:00+05:30,77.8,77.8,75.3,75.35,1500,81250
2024-10-01 15:03:00+05:30,75.35,75.95,75.15,75.95,250,81250
2024-10-01 15:04:00+05:30,75.95,75.95,74.35,75.5,1375,82750
2024-10-01 15:05:00+05:30,75.5,77.15,75.5,77,875,82750
2024-10-01 15:06:00+05:30,77,78.6,77,77.95,1000,82750
2024-10-01 15:07:00+05:30,77.95,78.75,77.75,77.75,625,84875
2024-10-01 15:08:00+05:30,77.75,77.9,76.75,76.75,750,84875
2024-10-01 15:09:00+05:30,76.75,77.8,76.5,76.5,1375,84875
2024-10-01 15:10:00+05:30,76.5,76.95,76.4,76.95,1000,86625
2024-10-01 15:11:00+05:30,76.95,78.95,76.95,78.95,500,86625
2024-10-01 15:12:00+05:30,78.95,79.25,78.55,78.9,1375,86625
2024-10-01 15:13:00+05:30,78.9,78.9,77.7,77.8,500,87250
2024-10-01 15:14:00+05:30,77.8,77.8,77.8,77.8,0,87250
2024-10-01 15:15:00+05:30,77.8,78.55,77.8,78.55,1000,87250
2024-10-01 15:16:00+05:30,78.55,82.45,77.85,81.95,500,88125
2024-10-01 15:17:00+05:30,81.95,82.45,81.9,81.9,750,88125
2024-10-01 15:18:00+05:30,81.9,82.05,81.65,81.65,375,88125
2024-10-01 15:19:00+05:30,81.65,81.65,81.3,81.3,250,88125
2024-10-01 15:20:00+05:30,82.45,82.95,81.8,82,1875,87875
2024-10-01 15:21:00+05:30,82,83.5,82,82,500,87875
2024-10-01 15:22:00+05:30,82,82,81.85,81.85,625,87875
2024-10-01 15:23:00+05:30,81.85,81.85,81.85,81.85,0,87875
2024-10-01 15:24:00+05:30,81.85,81.95,81.85,81.95,250,89500
2024-10-01 15:25:00+05:30,81.95,81.95,81.95,81.95,0,89500
2024-10-01 15:26:00+05:30,81.95,83,81.95,82.55,125,89250
2024-10-01 15:27:00+05:30,82.55,82.55,82.55,82.55,250,89250
2024-10-01 15:28:00+05:30,82.55,83.3,82.55,83.3,500,89375
2024-10-01 15:29:00+05:30,83.3,84.65,83.1,84.65,500,89375
2024-10-03 09:15:00+05:30,87.05,99.7,80,90,375,92125
2024-10-03 09:16:00+05:30,90,90,90,90,750,92125
2024-10-03 09:17:00+05:30,90,93,85.75,85.75,1500,92125
2024-10-03 09:18:00+05:30,85.75,94,85.75,94,625,92750
2024-10-03 09:19:00+05:30,94,97.8,93.6,93.75,1125,92750
2024-10-03 09:20:00+05:30,92,92.65,91.85,92.05,1000,92750
2024-10-03 09:21:00+05:30,92.05,92.05,88.15,91.35,375,91875
2024-10-03 09:22:00+05:30,91.35,93.05,91.35,93.05,625,91875
2024-10-03 09:23:00+05:30,93.05,95,92.35,95,1125,91875
2024-10-03 09:24:00+05:30,95,96.55,93.45,93.45,1375,92375
2024-10-03 09:25:00+05:30,93.45,94,89.9,90.95,250,92375
2024-10-03 09:26:00+05:30,90.95,90.95,89.7,89.7,1250,92375
2024-10-03 09:27:00+05:30,89.7,89.7,85.75,87.6,375,92875
2024-10-03 09:28:00+05:30,87.6,87.6,86.6,86.6,125,92875
2024-10-03 09:29:00+05:30,86.6,86.6,85.2,86.6,375,92875
2024-10-03 09:30:00+05:30,86.6,89.05,86.6,89.05,125,92250
2024-10-03 09:31:00+05:30,89.05,89.05,88,88,250,92250
2024-10-03 09:32:00+05:30,88,90.85,88,90.85,375,92250
2024-10-03 09:33:00+05:30,89.2,91.65,89.2,91.25,1000,92250
2024-10-03 09:34:00+05:30,91.25,93.55,91.25,93.55,1000,92250
2024-10-03 09:35:00+05:30,93.55,93.55,91.95,91.95,250,92250
2024-10-03 09:36:00+05:30,91.95,94,91.05,94,250,91875
2024-10-03 09:37:00+05:30,94,94.75,94,94.1,250,91875
2024-10-03 09:38:00+05:30,94.1,95,93.45,95,625,91875
2024-10-03 09:39:00+05:30,95,97.75,95,97.75,625,91875
2024-10-03 09:40:00+05:30,97.75,102.1,97.75,102.1,1375,91875
2024-10-03 09:41:00+05:30,100.75,105.4,100.75,103.8,1125,91875
2024-10-03 09:42:00+05:30,103.8,103.8,99.8,101.5,1625,90875
2024-10-03 09:43:00+05:30,101.5,101.5,97.45,98.35,1250,90875
2024-10-03 09:44:00+05:30,98.35,103,98.35,102.1,500,90875
2024-10-03 09:45:00+05:30,102.1,102.1,101,101,750,90875
2024-10-03 09:46:00+05:30,101,101,97.4,97.4,125,90125
2024-10-03 09:47:00+05:30,97.4,97.95,94.9,97.95,0,90125
2024-10-03 09:48:00+05:30,97.95,97.95,97.1,97.1,875,89625
2024-10-03 09:49:00+05:30,97.1,97.1,97.1,97.1,0,89625
2024-10-03 09:50:00+05:30,97.1,97.1,97.1,97.1,0,89625
2024-10-03 09:51:00+05:30,97.1,98.75,97.1,98.4,250,89500
2024-10-03 09:52:00+05:30,98.4,104.1,97.5,104.1,625,89500
2024-10-03 09:53:00+05:30,104.1,104.1,99.8,102.1,1500,89500
2024-10-03 09:54:00+05:30,102.1,104.55,102,104.55,500,90750
2024-10-03 09:55:00+05:30,104.55,106.35,101.35,101.35,1125,90750
2024-10-03 09:56:00+05:30,101.35,101.35,99.25,99.9,250,90750
2024-10-03 09:57:00+05:30,99.9,99.9,97.65,98.95,625,91250
2024-10-03 09:58:00+05:30,98.95,98.95,98.95,98.95,0,91250
2024-10-03 09:59:00+05:30,98.95,101.5,98.95,101.5,250,91250
2024-10-03 10:00:00+05:30,101.5,102.75,101.5,102.3,750,91375
2024-10-03 10:01:00+05:30,102.3,103.45,102.3,103.45,0,91375
2024-10-03 10:02:00+05:30,103.45,106.4,103.45,106.4,375,91375
2024-10-03 10:03:00+05:30,106.4,107.85,106,106,250,91000
2024-10-03 10:04:00+05:30,106,109.7,106,109.35,1250,91000
2024-10-03 10:05:00+05:30,109.35,109.7,105.3,105.3,1000,91000
2024-10-03 10:06:00+05:30,105.3,105.3,102.25,102.25,1250,90750
2024-10-03 10:07:00+05:30,102.25,104.65,102.25,104.65,500,90750
2024-10-03 10:08:00+05:30,104.65,104.65,104.65,104.65,125,90750
2024-10-03 10:09:00+05:30,104.65,105.65,104.65,105.65,375,90750
2024-10-03 10:10:00+05:30,105.65,105.65,105.6,105.6,250,90500
2024-10-03 10:11:00+05:30,105.6,105.6,102,102,375,90500
2024-10-03 10:12:00+05:30,102,102,100.2,101.05,625,91000
2024-10-03 10:13:00+05:30,101.05,101.05,101.05,101.05,250,91000
2024-10-03 10:14:00+05:30,101.05,101.05,101.05,101.05,0,91000
2024-10-03 10:15:00+05:30,96.7,98,96.7,98,375,91125
2024-10-03 10:16:00+05:30,98,98,98,98,375,91125
2024-10-03 10:17:00+05:30,98,98,98,98,0,91125
2024-10-03 10:18:00+05:30,98,106,98,106,125,91500
2024-10-03 10:19:00+05:30,106,106,106,106,0,91500
2024-10-03 10:20:00+05:30,106,106.25,103.3,106.25,1000,91500
2024-10-03 10:21:00+05:30,106.25,106.25,104.3,105.8,500,91500
2024-10-03 10:22:00+05:30,105.8,105.8,105.8,105.8,0,91500
2024-10-03 10:23:00+05:30,105.8,106.25,105.8,106.25,750,91500
2024-10-03 10:24:00+05:30,106.25,106.25,104.85,104.85,625,90875
2024-10-03 10:25:00+05:30,104.85,104.9,102.55,102.55,500,90875
2024-10-03 10:26:00+05:30,102.55,108,102.55,108,250,90875
2024-10-03 10:27:00+05:30,108,108.6,103.9,106.8,875,90875
2024-10-03 10:28:00+05:30,106.8,106.8,106.8,106.8,0,90875
2024-10-03 10:29:00+05:30,106.8,106.8,103.6,103.6,125,90625
2024-10-03 10:30:00+05:30,103.6,103.95,98.95,98.95,1500,90625
2024-10-03 10:31:00+05:30,98.95,98.95,98.95,98.95,125,92375
2024-10-03 10:32:00+05:30,98.95,103.1,98.95,103.1,250,92375
2024-10-03 10:33:00+05:30,103.1,103.1,103.1,103.1,0,92375
2024-10-03 10:34:00+05:30,103.1,103.1,103.1,103.1,0,92375
2024-10-03 10:35:00+05:30,104,105.85,103.4,105.85,750,92500
2024-10-03 10:36:00+05:30,105.85,105.85,103,103,375,92250
2024-10-03 10:37:00+05:30,103,107.2,103,107.2,125,92250
2024-10-03 10:38:00+05:30,107.2,114.9,107.2,114.9,750,92250
2024-10-03 10:39:00+05:30,114.9,115,110,115,625,91500
2024-10-03 10:40:00+05:30,115,119.2,115,118.95,2000,91500
2024-10-03 10:41:00+05:30,118.95,118.95,115.45,118.85,1875,91500
2024-10-03 10:42:00+05:30,118.85,119,118,118.75,750,92250
2024-10-03 10:43:00+05:30,118.75,122,118.75,120.75,2375,92250
2024-10-03 10:44:00+05:30,120.75,120.75,119.65,119.65,125,92250
2024-10-03 10:45:00+05:30,119.65,123.1,119,122,1750,91500
2024-10-03 10:46:00+05:30,122,123.4,122,122.5,1250,91500
2024-10-03 10:47:00+05:30,122.5,124.05,121.1,123.65,1250,91500
2024-10-03 10:48:00+05:30,123.65,128,123.65,127.95,4750,91625
2024-10-03 10:49:00+05:30,127.95,130.2,127.25,129,2875,91625
2024-10-03 10:50:00+05:30,129,131.2,128.1,131.2,5500,91625
2024-10-03 10:51:00+05:30,130,130.4,128.2,128.2,875,93625
2024-10-03 10:52:00+05:30,128.2,131.25,125.2,129.2,4125,93625
2024-10-03 10:53:00+05:30,129.3,129.3,123.9,123.9,2750,93625
2024-10-03 10:54:00+05:30,123.9,123.9,121.5,123,1250,93625
2024-10-03 10:55:00+05:30,123.9,124.45,122.8,124.45,2125,92875
2024-10-03 10:56:00+05:30,124.45,124.45,124.45,124.45,500,92875
2024-10-03 10:57:00+05:30,124.45,127.05,124.45,127.05,500,94625
2024-10-03 10:58:00+05:30,127.05,127.45,126.2,127,2250,94625
2024-10-03 10:59:00+05:30,127,127,127,127,0,94625
2024-10-03 11:00:00+05:30,127,127,124.35,124.35,500,94625
2024-10-03 11:01:00+05:30,124.35,124.35,119,119.45,375,95125
2024-10-03 11:02:00+05:30,119.45,122.1,119.45,122.1,750,95125
2024-10-03 11:03:00+05:30,122.1,123.9,122.1,123.9,375,94250
2024-10-03 11:04:00+05:30,123.9,124.35,123.9,124.35,250,94250
2024-10-03 11:05:00+05:30,124.35,126.15,124.35,126.15,500,94250
2024-10-03 11:06:00+05:30,126.15,126.15,124,124,375,94000
2024-10-03 11:07:00+05:30,124,127,124,126.9,1625,94000
2024-10-03 11:08:00+05:30,126.9,126.9,126.9,126.9,0,94000
2024-10-03 11:09:00+05:30,126.9,126.9,126.9,126.9,0,94000
2024-10-03 11:10:00+05:30,128.8,136,128.8,133.4,6250,93625
2024-10-03 11:11:00+05:30,133.4,135,132.95,132.95,1625,93625
2024-10-03 11:12:00+05:30,132.95,132.95,131.3,131.65,750,93625
2024-10-03 11:13:00+05:30,131.65,131.65,127.6,127.6,875,92750
2024-10-03 11:14:00+05:30,127.6,127.6,127.6,127.6,0,92750
2024-10-03 11:15:00+05:30,127.6,130.9,127.6,130.9,500,92500
2024-10-03 11:16:00+05:30,130.9,130.9,130.9,130.9,0,92500
2024-10-03 11:17:00+05:30,130.9,133.25,130.9,133.25,375,92500
2024-10-03 11:18:00+05:30,133.25,133.25,132.55,132.75,250,92375
2024-10-03 11:19:00+05:30,132.75,134,132.75,134,375,92375
2024-10-03 11:20:00+05:30,134,134,134,134,125,92375
2024-10-03 11:21:00+05:30,134,135.65,134,135.65,0,92625
2024-10-03 11:22:00+05:30,135.65,137,135.65,136.95,2125,92625
2024-10-03 11:23:00+05:30,136.95,141.45,136.95,141,1750,92625
2024-10-03 11:24:00+05:30,141,141,137.95,140,750,90500
2024-10-03 11:25:00+05:30,140,140,140,140,625,90500
2024-10-03 11:26:00+05:30,140,147,140,145.65,1500,90500
2024-10-03 11:27:00+05:30,145.65,145.65,141,141,1500,89500
2024-10-03 11:28:00+05:30,141,141,141,141,0,89500
2024-10-03 11:29:00+05:30,141,141,141,141,0,89500
2024-10-03 11:30:00+05:30,141,146.45,141,143.8,375,89500
2024-10-03 11:31:00+05:30,143.8,147.45,137.95,137.95,1750,89750
2024-10-03 11:32:00+05:30,137.95,143.45,132.05,137.8,3250,89750
2024-10-03 11:33:00+05:30,137.8,137.8,135.6,135.6,250,87625
2024-10-03 11:34:00+05:30,135.6,141.4,135.6,141.4,250,87625
2024-10-03 11:35:00+05:30,141.4,145,141.4,145,375,87625
2024-10-03 11:36:00+05:30,145,145,145,145,250,87625
2024-10-03 11:37:00+05:30,145,146.45,145,146.45,250,87375
2024-10-03 11:38:00+05:30,146.45,147.8,144,147.8,1000,87375
2024-10-03 11:39:00+05:30,147.8,150,146.3,150,750,87625
2024-10-03 11:40:00+05:30,150,155.95,150,155.95,1500,87625
2024-10-03 11:41:00+05:30,155.95,156.8,154.85,155,1000,87625
2024-10-03 11:42:00+05:30,155,157.8,154.7,157.8,1250,86125
2024-10-03 11:43:00+05:30,157.8,161.75,157.8,160.75,1125,86125
2024-10-03 11:44:00+05:30,160.75,164.15,158.25,160.05,1750,86125
2024-10-03 11:45:00+05:30,160.05,161.15,154,154,1375,85875
2024-10-03 11:46:00+05:30,154,154.35,153.5,153.5,625,85875
2024-10-03 11:47:00+05:30,153.5,154.45,153,153,375,85875
2024-10-03 11:48:00+05:30,153,155.65,153,153.5,1000,85875
2024-10-03 11:49:00+05:30,153.5,153.5,150.05,150.05,125,86000
2024-10-03 11:50:00+05:30,150.05,155,150.05,155,875,86000
2024-10-03 11:51:00+05:30,155,157.9,154.6,157.8,750,85750
2024-10-03 11:52:00+05:30,157.8,162.95,156.9,162.5,1125,85750
2024-10-03 11:53:00+05:30,162.5,162.5,160.55,160.55,500,85750
2024-10-03 11:54:00+05:30,160.55,168,159.9,166.5,2125,84125
2024-10-03 11:55:00+05:30,166.5,169,166.5,168,1125,84125
2024-10-03 11:56:00+05:30,168,171.9,165,171.9,1500,84125
2024-10-03 11:57:00+05:30,171.9,174.2,171.65,173.2,2125,84750
2024-10-03 11:58:00+05:30,173.2,174.1,170.3,174.1,500,84750
2024-10-03 11:59:00+05:30,174.1,176.85,173.8,173.8,1500,84750
2024-10-03 12:00:00+05:30,175.2,175.5,173.85,175.5,500,85250
2024-10-03 12:01:00+05:30,175.5,180,173,173.15,2000,85250
2024-10-03 12:02:00+05:30,173.15,173.15,172.4,172.4,1125,85250
2024-10-03 12:03:00+05:30,172.4,172.4,170.6,170.6,125,84125
2024-10-03 12:04:00+05:30,170.6,172.55,170.6,172.55,875,84125
2024-10-03 12:05:00+05:30,172.55,172.55,170,170,250,84125
2024-10-03 12:06:00+05:30,170,175,170,175,250,84250
2024-10-03 12:07:00+05:30,175,175,174.7,174.7,250,84250
2024-10-03 12:08:00+05:30,174.7,174.7,173.2,173.2,250,84250
2024-10-03 12:09:00+05:30,173.2,173.2,173.2,173.2,0,84250
2024-10-03 12:10:00+05:30,178,178,176.2,176.2,500,84000
2024-10-03 12:11:00+05:30,176.2,179.05,174.6,179.05,1375,84000
2024-10-03 12:12:00+05:30,179.05,182.6,179.05,180,1250,84000
2024-10-03 12:13:00+05:30,180,188,178,188,1375,83125
2024-10-03 12:14:00+05:30,188,193.15,188,188.3,1000,83125
2024-10-03 12:15:00+05:30,188.3,197.15,188.3,197.15,875,82000
2024-10-03 12:16:00+05:30,197.15,198.25,191.7,195,1625,82000
2024-10-03 12:17:00+05:30,195,195.4,195,195.4,125,82000
2024-10-03 12:18:00+05:30,195.4,196.3,195.4,196.3,250,82000
2024-10-03 12:19:00+05:30,196.3,197.2,196.3,197.2,250,82375
2024-10-03 12:20:00+05:30,197.2,201,197.2,201,0,82375
2024-10-03 12:21:00+05:30,201,202,195.45,202,875,82375
2024-10-03 12:22:00+05:30,202,202.85,199,199.15,500,82250
2024-10-03 12:23:00+05:30,199.15,202,198.55,202,625,82250
2024-10-03 12:24:00+05:30,202,210.6,202,210.6,1125,82375
2024-10-03 12:25:00+05:30,210.6,218,210,218,625,82375
2024-10-03 12:26:00+05:30,218,218,214,214,1000,82375
2024-10-03 12:27:00+05:30,214,214,207.1,207.1,0,82375
2024-10-03 12:28:00+05:30,207.1,207.1,199.05,199.9,750,82000
2024-10-03 12:29:00+05:30,199.9,201.25,199.9,201.25,375,82000
2024-10-03 12:30:00+05:30,201.25,201.25,198.55,199.25,625,82000
2024-10-03 12:31:00+05:30,199.25,199.25,199.25,199.25,125,82125
2024-10-03 12:32:00+05:30,199.25,199.25,197.5,197.5,625,82125
2024-10-03 12:33:00+05:30,197.5,199.55,195.55,195.55,625,81875
2024-10-03 12:34:00+05:30,195.55,200.8,195.55,199.4,625,81875
2024-10-03 12:35:00+05:30,199.4,199.4,192.75,194.9,1750,81875
2024-10-03 12:36:00+05:30,194.9,198.65,194.9,195.6,250,81875
2024-10-03 12:37:00+05:30,195.6,198,185.6,185.6,1500,82000
2024-10-03 12:38:00+05:30,185.6,194,185.6,194,625,82000
2024-10-03 12:39:00+05:30,194,195.5,194,195.5,625,82000
2024-10-03 12:40:00+05:30,195.5,195.5,195,195,125,82500
2024-10-03 12:41:00+05:30,195,195,195,195,0,82500
2024-10-03 12:42:00+05:30,195,195,194.95,194.95,125,82500
2024-10-03 12:43:00+05:30,194.95,195.65,190.65,190.65,500,82500
2024-10-03 12:44:00+05:30,190.65,190.65,179.45,179.45,500,82500
2024-10-03 12:45:00+05:30,179.45,179.45,179.45,179.45,125,82500
2024-10-03 12:46:00+05:30,179.45,179.45,172.6,175,375,82625
2024-10-03 12:47:00+05:30,175,175,175,175,0,82625
2024-10-03 12:48:00+05:30,175,175,172,172.05,500,82625
2024-10-03 12:49:00+05:30,172.05,175,172.05,175,125,82375
2024-10-03 12:50:00+05:30,175,176,172.7,176,250,82375
2024-10-03 12:51:00+05:30,176,177,176,176.8,500,82375
2024-10-03 12:52:00+05:30,176.8,178,176.8,178,125,82625
2024-10-03 12:53:00+05:30,178,185.95,178,185.95,1500,82625
2024-10-03 12:54:00+05:30,185.95,189.05,185.55,185.55,375,82625
2024-10-03 12:55:00+05:30,185.55,192.35,185.55,190,250,82125
2024-10-03 12:56:00+05:30,190,190.15,190,190.15,250,82125
2024-10-03 12:57:00+05:30,190.15,190.15,188,188,250,82125
2024-10-03 12:58:00+05:30,188,188,185,185,250,82250
2024-10-03 12:59:00+05:30,185,185,185,185,0,82250
2024-10-03 13:00:00+05:30,185,193,185,193,750,82500
2024-10-03 13:01:00+05:30,193,193,193,193,375,82500
2024-10-03 13:02:00+05:30,193,199.85,193,199.85,875,82500
2024-10-03 13:03:00+05:30,198.65,198.65,196.75,196.75,375,82500
2024-10-03 13:04:00+05:30,196.75,196.75,196.75,196.75,125,82250
2024-10-03 13:05:00+05:30,195.75,195.75,195.75,195.75,125,82250
2024-10-03 13:06:00+05:30,195.75,195.75,195.75,195.75,0,82250
2024-10-03 13:07:00+05:30,195.75,195.75,192.45,192.45,125,82250
2024-10-03 13:08:00+05:30,192.45,193.4,192.45,193.4,125,82250
2024-10-03 13:09:00+05:30,193.4,193.4,193.4,193.4,0,82250
2024-10-03 13:10:00+05:30,195,195,195,195,250,82375
2024-10-03 13:11:00+05:30,189.1,189.1,188.15,188.15,625,82375
2024-10-03 13:12:00+05:30,188.15,188.15,188.15,188.15,0,82375
2024-10-03 13:13:00+05:30,180,180,180,180,250,82625
2024-10-03 13:14:00+05:30,180,180,180,180,0,82625
2024-10-03 13:15:00+05:30,180,180,173,173,625,82625
2024-10-03 13:16:00+05:30,173,174.9,173,174.9,375,83000
2024-10-03 13:17:00+05:30,175,176.15,175,176.15,250,83000
2024-10-03 13:18:00+05:30,176.15,176.15,176.15,176.15,125,83000
2024-10-03 13:19:00+05:30,175.85,175.85,175.85,175.85,125,82750
2024-10-03 13:20:00+05:30,175.85,175.85,175.85,175.85,0,82750
2024-10-03 13:21:00+05:30,180,180,180,180,375,82750
2024-10-03 13:22:00+05:30,180,180,180,180,0,82750
2024-10-03 13:23:00+05:30,180,180,180,180,0,82750
2024-10-03 13:24:00+05:30,180,180,180,180,0,82750
2024-10-03 13:25:00+05:30,180,180,177.1,177.1,0,82750
2024-10-03 13:26:00+05:30,177.1,180.1,177.1,180.1,875,82750
2024-10-03 13:27:00+05:30,180.1,189,180.1,189,625,82750
2024-10-03 13:28:00+05:30,189,189,189,189,0,82750
2024-10-03 13:29:00+05:30,189,189,189,189,0,82750
2024-10-03 13:30:00+05:30,189,189,186.05,186.05,1250,82125
2024-10-03 13:31:00+05:30,186.05,192.35,186.05,192.35,125,81375
2024-10-03 13:32:00+05:30,192.35,192.35,192.35,192.35,125,81375
2024-10-03 13:33:00+05:30,192.35,192.35,192.35,192.35,0,81375
2024-10-03 13:34:00+05:30,192.35,192.35,192.35,192.35,0,81375
2024-10-03 13:35:00+05:30,192.35,192.35,192.35,192.35,0,81375
2024-10-03 13:36:00+05:30,192.35,192.35,191.75,191.75,125,81375
2024-10-03 13:37:00+05:30,191.75,191.75,191.75,191.75,0,81375
2024-10-03 13:38:00+05:30,191.75,191.75,191.75,191.75,0,81375
2024-10-03 13:39:00+05:30,191.75,191.75,191.75,191.75,0,81375
2024-10-03 13:40:00+05:30,191.75,191.75,191.75,191.75,0,81375
2024-10-03 13:41:00+05:30,191.75,191.75,191.75,191.75,0,81375
2024-10-03 13:42:00+05:30,191.75,191.75,191.75,191.75,0,81375
2024-10-03 13:43:00+05:30,191.75,191.75,191.75,191.75,0,81375
2024-10-03 13:44:00+05:30,191.75,191.75,191.75,191.75,0,81375
2024-10-03 13:45:00+05:30,191.75,197.7,191.75,196.8,250,81500
2024-10-03 13:46:00+05:30,196.8,197.95,196.8,197.95,250,81500
2024-10-03 13:47:00+05:30,197.95,197.95,197.95,197.95,125,81875
2024-10-03 13:48:00+05:30,197.95,204.95,197.95,202.95,1125,81875
2024-10-03 13:49:00+05:30,197.55,197.55,197.55,197.55,250,81625
2024-10-03 13:50:00+05:30,197.55,198.45,197.55,198.45,125,81625
2024-10-03 13:51:00+05:30,198.45,198.45,197.9,197.9,0,81625
2024-10-03 13:52:00+05:30,197.9,197.9,197.9,197.9,125,81625
2024-10-03 13:53:00+05:30,197.9,197.9,197.9,197.9,0,81625
2024-10-03 13:54:00+05:30,197.9,197.9,197.9,197.9,0,81625
2024-10-03 13:55:00+05:30,197.9,204.05,197.9,204.05,250,81750
2024-10-03 13:56:00+05:30,204.05,204.05,200.35,200.35,125,81750
2024-10-03 13:57:00+05:30,200.35,200.35,200.35,200.35,0,81750
2024-10-03 13:58:00+05:30,200.35,200.35,200.35,200.35,0,81750
2024-10-03 13:59:00+05:30,200.35,200.35,200.35,200.35,0,81750
2024-10-03 14:00:00+05:30,200.35,200.35,200.35,200.35,0,81750
2024-10-03 14:01:00+05:30,200.35,200.35,200.35,200.35,0,81750
2024-10-03 14:02:00+05:30,200.35,200.35,191.95,191.95,250,81875
2024-10-03 14:03:00+05:30,191.95,191.95,191.95,191.95,0,81875
2024-10-03 14:04:00+05:30,191.95,191.95,191.95,191.95,0,81875
2024-10-03 14:05:00+05:30,186.95,186.95,186.6,186.6,250,82125
2024-10-03 14:06:00+05:30,186.6,186.6,186.6,186.6,0,82125
2024-10-03 14:07:00+05:30,186.6,186.6,186.6,186.6,0,82125
2024-10-03 14:08:00+05:30,186.6,186.6,186.6,186.6,0,82125
2024-10-03 14:09:00+05:30,186.6,186.6,186.6,186.6,0,82125
2024-10-03 14:10:00+05:30,186.6,186.6,186.6,186.6,0,82125
2024-10-03 14:11:00+05:30,186.6,186.6,186.6,186.6,0,82125
2024-10-03 14:12:00+05:30,186.6,186.6,186.6,186.6,0,82125
2024-10-03 14:13:00+05:30,186.6,189.3,186.6,189.3,0,81875
2024-10-03 14:14:00+05:30,189.3,189.3,186.6,186.6,500,81875
2024-10-03 14:15:00+05:30,186.6,186.6,186.6,186.6,125,81875
2024-10-03 14:16:00+05:30,186.6,186.6,186.6,186.6,0,81875
2024-10-03 14:17:00+05:30,186.6,186.6,186.6,186.6,0,81875
2024-10-03 14:18:00+05:30,186.6,186.6,186.6,186.6,0,81875
2024-10-03 14:19:00+05:30,186.6,186.6,186.6,186.6,0,81875
2024-10-03 14:20:00+05:30,186.6,186.6,186.6,186.6,0,81875
2024-10-03 14:21:00+05:30,186.6,186.6,186.6,186.6,0,81875
2024-10-03 14:22:00+05:30,186.6,186.6,186.6,186.6,0,81875
2024-10-03 14:23:00+05:30,186.6,186.6,186.6,186.6,0,81875
2024-10-03 14:24:00+05:30,186.6,186.6,186.6,186.6,0,81875
2024-10-03 14:25:00+05:30,186.6,186.6,186.6,186.6,0,81875
2024-10-03 14:26:00+05:30,186.6,186.6,186.6,186.6,125,82250
2024-10-03 14:27:00+05:30,186.6,186.6,186.6,186.6,0,82250
2024-10-03 14:28:00+05:30,186.6,186.6,186.25,186.25,0,82250
2024-10-03 14:29:00+05:30,186.25,186.25,177.45,177.45,500,82250
2024-10-03 14:30:00+05:30,177.45,177.45,177.45,177.45,0,82250
2024-10-03 14:31:00+05:30,177.45,182.1,177.45,177.6,375,81875
2024-10-03 14:32:00+05:30,177.6,177.6,177.6,177.6,0,81875
2024-10-03 14:33:00+05:30,177.6,177.6,177.6,177.6,0,81875
2024-10-03 14:34:00+05:30,177.6,177.6,177.6,177.6,0,81875
2024-10-03 14:35:00+05:30,177.6,177.8,177.6,177.8,125,81875
2024-10-03 14:36:00+05:30,177.8,177.8,177.8,177.8,0,81875
2024-10-03 14:37:00+05:30,177.8,180.1,177.8,180.1,125,81750
2024-10-03 14:38:00+05:30,180.1,180.1,180.1,180.1,0,81750
2024-10-03 14:39:00+05:30,180.1,180.1,180.1,180.1,0,81750
2024-10-03 14:40:00+05:30,180.1,180.1,180.1,180.1,0,81750
2024-10-03 14:41:00+05:30,180.1,180.1,180.1,180.1,0,81750
2024-10-03 14:42:00+05:30,180.1,185.8,180.1,185.8,250,81750
2024-10-03 14:43:00+05:30,185.8,186,185.35,186,250,81625
2024-10-03 14:44:00+05:30,186,186,182.15,182.15,125,81625
2024-10-03 14:45:00+05:30,182.15,185,180.8,185,625,81625
2024-10-03 14:46:00+05:30,185,188.15,185,188.15,125,82125
2024-10-03 14:47:00+05:30,188.15,188.15,185.9,185.9,125,82125
2024-10-03 14:48:00+05:30,185.9,185.9,185.9,185.9,0,82125
2024-10-03 14:49:00+05:30,185.9,185.9,185.9,185.9,0,82125
2024-10-03 14:50:00+05:30,185.9,188.9,185.9,187.65,250,82125
2024-10-03 14:51:00+05:30,190.95,190.95,188.4,188.4,375,82125
2024-10-03 14:52:00+05:30,188.4,188.4,188.4,188.4,125,82125
2024-10-03 14:53:00+05:30,188.4,191,188.4,191,250,82375
2024-10-03 14:54:00+05:30,191,191,187.5,187.5,0,82375
2024-10-03 14:55:00+05:30,187.5,187.5,187.5,187.5,250,82375
2024-10-03 14:56:00+05:30,187.5,189.95,187.5,188.65,625,82500
2024-10-03 14:57:00+05:30,188.65,190.15,188.65,188.65,625,82500
2024-10-03 14:58:00+05:30,188.65,188.65,186.35,186.35,125,82500
2024-10-03 14:59:00+05:30,186.35,188.95,186.35,188.95,375,82500
2024-10-03 15:00:00+05:30,188.95,188.95,188.95,188.95,0,82500
2024-10-03 15:01:00+05:30,188.95,191.75,188.95,189.95,625,82500
2024-10-03 15:02:00+05:30,189.95,189.95,180.7,180.7,250,82750
2024-10-03 15:03:00+05:30,180.7,182.2,177,177,875,82750
2024-10-03 15:04:00+05:30,177,184.3,177,180.35,750,83000
2024-10-03 15:05:00+05:30,180.35,183.45,179.05,179.05,625,83000
2024-10-03 15:06:00+05:30,179.05,179.05,179.05,179.05,0,83000
2024-10-03 15:07:00+05:30,179.05,182,179.05,182,125,82375
2024-10-03 15:08:00+05:30,182,183.2,182,183.2,250,82375
2024-10-03 15:09:00+05:30,183.2,183.2,183.2,183.2,0,82375
2024-10-03 15:10:00+05:30,183.2,185.3,183.2,185.3,125,82375
2024-10-03 15:11:00+05:30,185.3,185.3,180.3,180.3,125,82375
2024-10-03 15:12:00+05:30,180.3,180.3,180.3,180.3,0,82375
2024-10-03 15:13:00+05:30,180.3,180.65,180.2,180.2,250,82375
2024-10-03 15:14:00+05:30,180.2,180.2,180.2,180.2,0,82375
2024-10-03 15:15:00+05:30,180.2,180.2,180.2,180.2,0,82375
2024-10-03 15:16:00+05:30,180.2,180.2,180.2,180.2,0,82375
2024-10-03 15:17:00+05:30,180.2,180.2,180.2,180.2,0,82375
2024-10-03 15:18:00+05:30,180.2,180.2,180.2,180.2,0,82375
2024-10-03 15:19:00+05:30,180.2,180.35,180.2,180.35,125,82625
2024-10-03 15:20:00+05:30,180.35,180.35,177.6,177.6,125,82500
2024-10-03 15:21:00+05:30,177.6,179.65,177.6,179.65,375,82500
2024-10-03 15:22:00+05:30,179.65,179.85,176.7,177.15,625,82250
2024-10-03 15:23:00+05:30,177.15,177.15,177.15,177.15,0,82250
2024-10-03 15:24:00+05:30,177.15,179,177.15,179,500,82250
2024-10-03 15:25:00+05:30,179,179.3,179,179,375,82125
2024-10-03 15:26:00+05:30,179,181.8,179,181.8,250,82125
2024-10-03 15:27:00+05:30,181.8,181.8,181.8,181.8,0,82125
2024-10-03 15:28:00+05:30,181.8,181.8,177.55,177.55,125,82250
2024-10-03 15:29:00+05:30,177.55,177.55,175.35,175.55,500,82250
